40070;Adelaide (C);;497;20,708;2.4;612;24,336;2.5;702;28,041;2.5;797;31,779;2.5;;311;20,708;1.5;386;24,336;1.6;457;28,041;1.6;522;31,779;1.6;;287;20,708;1.4;326;24,336;1.3;398;28,041;1.4;458;31,779;1.4;;1,296;20,708;6.3;1,431;24,336;5.9;1,573;28,041;5.6;1,794;31,779;5.6;;3,761;20,708;18.2;4,264;24,336;17.5;4,688;28,041;16.7;5,093;31,779;16.0;;3,425;20,708;16.5;3,850;24,336;15.8;4,375;28,041;15.6;4,738;31,779;14.9;;2,245;20,708;10.8;2,978;24,336;12.2;3,370;28,041;12.0;3,804;31,779;12.0;;1,486;20,708;7.2;1,808;24,336;7.4;2,316;28,041;8.3;2,617;31,779;8.2;;1,139;20,708;5.5;1,357;24,336;5.6;1,539;28,041;5.5;1,927;31,779;6.1;;1,015;20,708;4.9;1,128;24,336;4.6;1,309;28,041;4.7;1,442;31,779;4.5;;1,011;20,708;4.9;1,110;24,336;4.6;1,219;28,041;4.3;1,391;31,779;4.4;;1,024;20,708;4.9;1,136;24,336;4.7;1,276;28,041;4.6;1,389;31,779;4.4;;1,042;20,708;5.0;1,100;24,336;4.5;1,247;28,041;4.4;1,417;31,779;4.5;;717;20,708;3.5;1,075;24,336;4.4;1,170;28,041;4.2;1,337;31,779;4.2;;509;20,708;2.5;696;24,336;2.9;1,035;28,041;3.7;1,157;31,779;3.6;;320;20,708;1.5;465;24,336;1.9;631;28,041;2.3;949;31,779;3.0;;275;20,708;1.3;265;24,336;1.1;378;28,041;1.3;516;31,779;1.6;;348;20,708;1.7;349;24,336;1.4;358;28,041;1.3;431;31,779;1.4
40120;Adelaide Hills (DC);;2,300;40,034;5.7;2,304;40,685;5.7;2,297;41,246;5.6;2,270;41,694;5.4;;2,545;40,034;6.4;2,579;40,685;6.3;2,579;41,246;6.3;2,553;41,694;6.1;;2,728;40,034;6.8;2,654;40,685;6.5;2,694;41,246;6.5;2,698;41,694;6.5;;2,991;40,034;7.5;2,756;40,685;6.8;2,636;41,246;6.4;2,676;41,694;6.4;;2,162;40,034;5.4;2,100;40,685;5.2;1,942;41,246;4.7;1,822;41,694;4.4;;1,688;40,034;4.2;1,734;40,685;4.3;1,697;41,246;4.1;1,604;41,694;3.8;;1,955;40,034;4.9;2,127;40,685;5.2;2,135;41,246;5.2;2,107;41,694;5.1;;2,662;40,034;6.6;2,366;40,685;5.8;2,554;41,246;6.2;2,564;41,694;6.1;;3,040;40,034;7.6;2,877;40,685;7.1;2,616;41,246;6.3;2,806;41,694;6.7;;3,353;40,034;8.4;3,079;40,685;7.6;2,930;41,246;7.1;2,681;41,694;6.4;;3,365;40,034;8.4;3,344;40,685;8.2;3,100;41,246;7.5;2,965;41,694;7.1;;3,232;40,034;8.1;3,239;40,685;8.0;3,228;41,246;7.8;2,991;41,694;7.2;;2,848;40,034;7.1;2,926;40,685;7.2;2,970;41,246;7.2;2,968;41,694;7.1;;1,868;40,034;4.7;2,549;40,685;6.3;2,634;41,246;6.4;2,686;41,694;6.4;;1,247;40,034;3.1;1,657;40,685;4.1;2,267;41,246;5.5;2,374;41,694;5.7;;831;40,034;2.1;1,034;40,685;2.5;1,377;41,246;3.3;1,914;41,694;4.6;;579;40,034;1.4;607;40,685;1.5;770;41,246;1.9;1,043;41,694;2.5;;640;40,034;1.6;753;40,685;1.9;820;41,246;2.0;972;41,694;2.3
40220;Alexandrina (DC);;1,306;23,794;5.5;1,487;26,901;5.5;1,627;29,948;5.4;1,714;32,888;5.2;;1,355;23,794;5.7;1,575;26,901;5.9;1,733;29,948;5.8;1,866;32,888;5.7;;1,364;23,794;5.7;1,440;26,901;5.4;1,642;29,948;5.5;1,779;32,888;5.4;;1,399;23,794;5.9;1,346;26,901;5.0;1,384;29,948;4.6;1,549;32,888;4.7;;1,065;23,794;4.5;1,128;26,901;4.2;1,106;29,948;3.7;1,122;32,888;3.4;;1,075;23,794;4.5;1,307;26,901;4.9;1,371;29,948;4.6;1,377;32,888;4.2;;1,102;23,794;4.6;1,393;26,901;5.2;1,591;29,948;5.3;1,660;32,888;5.0;;1,363;23,794;5.7;1,365;26,901;5.1;1,634;29,948;5.5;1,798;32,888;5.5;;1,428;23,794;6.0;1,534;26,901;5.7;1,523;29,948;5.1;1,779;32,888;5.4;;1,557;23,794;6.5;1,596;26,901;5.9;1,686;29,948;5.6;1,664;32,888;5.1;;1,696;23,794;7.1;1,730;26,901;6.4;1,768;29,948;5.9;1,866;32,888;5.7;;1,782;23,794;7.5;2,001;26,901;7.4;2,096;29,948;7.0;2,141;32,888;6.5;;2,072;23,794;8.7;2,221;26,901;8.3;2,480;29,948;8.3;2,641;32,888;8.0;;1,681;23,794;7.1;2,240;26,901;8.3;2,436;29,948;8.1;2,736;32,888;8.3;;1,308;23,794;5.5;1,686;26,901;6.3;2,250;29,948;7.5;2,467;32,888;7.5;;967;23,794;4.1;1,235;26,901;4.6;1,583;29,948;5.3;2,122;32,888;6.5;;695;23,794;2.9;782;26,901;2.9;999;29,948;3.3;1,297;32,888;3.9;;579;23,794;2.4;835;26,901;3.1;1,039;29,948;3.5;1,310;32,888;4.0
40250;Anangu Pitjantjatjara (AC);;200;2,296;8.7;186;2,239;8.3;168;2,167;7.8;154;2,075;7.4;;201;2,296;8.8;196;2,239;8.8;184;2,167;8.5;172;2,075;8.3;;190;2,296;8.3;174;2,239;7.8;170;2,167;7.8;162;2,075;7.8;;166;2,296;7.2;132;2,239;5.9;118;2,167;5.4;121;2,075;5.8;;234;2,296;10.2;173;2,239;7.7;142;2,167;6.6;122;2,075;5.9;;211;2,296;9.2;216;2,239;9.6;174;2,167;8.0;147;2,075;7.1;;213;2,296;9.3;216;2,239;9.6;218;2,167;10.1;181;2,075;8.7;;191;2,296;8.3;187;2,239;8.4;192;2,167;8.9;194;2,075;9.3;;171;2,296;7.4;177;2,239;7.9;173;2,167;8.0;179;2,075;8.6;;111;2,296;4.8;141;2,239;6.3;144;2,167;6.6;134;2,075;6.5;;118;2,296;5.1;118;2,239;5.3;137;2,167;6.3;134;2,075;6.5;;97;2,296;4.2;99;2,239;4.4;99;2,167;4.6;107;2,075;5.2;;82;2,296;3.6;98;2,239;4.4;94;2,167;4.3;95;2,075;4.6;;38;2,296;1.7;53;2,239;2.4;62;2,167;2.9;66;2,075;3.2;;37;2,296;1.6;29;2,239;1.3;40;2,167;1.8;45;2,075;2.2;;20;2,296;0.9;28;2,239;1.3;26;2,167;1.2;35;2,075;1.7;;12;2,296;0.5;12;2,239;0.5;18;2,167;0.8;18;2,075;0.9;;4;2,296;0.2;4;2,239;0.2;8;2,167;0.4;9;2,075;0.4
40310;Barossa (DC);;1,348;22,979;5.9;1,444;24,978;5.8;1,532;26,997;5.7;1,589;28,972;5.5;;1,452;22,979;6.3;1,538;24,978;6.2;1,639;26,997;6.1;1,725;28,972;6.0;;1,619;22,979;7.0;1,630;24,978;6.5;1,741;26,997;6.4;1,853;28,972;6.4;;1,493;22,979;6.5;1,569;24,978;6.3;1,564;26,997;5.8;1,667;28,972;5.8;;1,190;22,979;5.2;1,221;24,978;4.9;1,242;26,997;4.6;1,220;28,972;4.2;;1,177;22,979;5.1;1,321;24,978;5.3;1,373;26,997;5.1;1,383;28,972;4.8;;1,306;22,979;5.7;1,470;24,978;5.9;1,590;26,997;5.9;1,661;28,972;5.7;;1,507;22,979;6.6;1,462;24,978;5.9;1,654;26,997;6.1;1,766;28,972;6.1;;1,686;22,979;7.3;1,710;24,978;6.8;1,669;26,997;6.2;1,899;28,972;6.6;;1,844;22,979;8.0;1,906;24,978;7.6;1,952;26,997;7.2;1,911;28,972;6.6;;1,824;22,979;7.9;1,958;24,978;7.8;2,027;26,997;7.5;2,078;28,972;7.2;;1,574;22,979;6.8;1,857;24,978;7.4;1,995;26,997;7.4;2,056;28,972;7.1;;1,422;22,979;6.2;1,604;24,978;6.4;1,874;26,997;6.9;1,991;28,972;6.9;;1,051;22,979;4.6;1,416;24,978;5.7;1,580;26,997;5.9;1,840;28,972;6.4;;800;22,979;3.5;1,002;24,978;4.0;1,344;26,997;5.0;1,508;28,972;5.2;;633;22,979;2.8;728;24,978;2.9;931;26,997;3.4;1,251;28,972;4.3;;544;22,979;2.4;525;24,978;2.1;613;26,997;2.3;797;28,972;2.8;;509;22,979;2.2;617;24,978;2.5;677;26,997;2.5;777;28,972;2.7
40430;Barunga West (DC);;136;2,629;5.2;139;2,652;5.2;136;2,680;5.1;134;2,708;4.9;;110;2,629;4.2;122;2,652;4.6;123;2,680;4.6;120;2,708;4.4;;170;2,629;6.5;140;2,652;5.3;149;2,680;5.6;150;2,708;5.5;;122;2,629;4.6;107;2,652;4.0;91;2,680;3.4;96;2,708;3.5;;103;2,629;3.9;101;2,652;3.8;95;2,680;3.5;84;2,708;3.1;;85;2,629;3.2;98;2,652;3.7;95;2,680;3.5;88;2,708;3.2;;129;2,629;4.9;120;2,652;4.5;131;2,680;4.9;127;2,708;4.7;;137;2,629;5.2;135;2,652;5.1;129;2,680;4.8;134;2,708;4.9;;172;2,629;6.5;154;2,652;5.8;150;2,680;5.6;148;2,708;5.5;;204;2,629;7.8;197;2,652;7.4;177;2,680;6.6;172;2,708;6.4;;219;2,629;8.3;227;2,652;8.6;221;2,680;8.2;206;2,708;7.6;;241;2,629;9.2;263;2,652;9.9;268;2,680;10.0;261;2,708;9.6;;222;2,629;8.4;225;2,652;8.5;246;2,680;9.2;255;2,708;9.4;;170;2,629;6.5;202;2,652;7.6;203;2,680;7.6;222;2,708;8.2;;109;2,629;4.1;138;2,652;5.2;166;2,680;6.2;169;2,708;6.2;;123;2,629;4.7;98;2,652;3.7;124;2,680;4.6;150;2,708;5.5;;90;2,629;3.4;96;2,652;3.6;82;2,680;3.1;101;2,708;3.7;;87;2,629;3.3;90;2,652;3.4;94;2,680;3.5;91;2,708;3.4
40520;Berri and Barmera (DC);;726;11,470;6.3;692;11,533;6.0;667;11,535;5.8;632;11,471;5.5;;780;11,470;6.8;783;11,533;6.8;750;11,535;6.5;724;11,471;6.3;;795;11,470;6.9;782;11,533;6.8;782;11,535;6.8;755;11,471;6.6;;737;11,470;6.4;709;11,533;6.1;677;11,535;5.9;680;11,471;5.9;;606;11,470;5.3;572;11,533;5.0;541;11,535;4.7;496;11,471;4.3;;604;11,470;5.3;620;11,533;5.4;596;11,535;5.2;547;11,471;4.8;;660;11,470;5.8;600;11,533;5.2;613;11,535;5.3;594;11,471;5.2;;763;11,470;6.7;681;11,533;5.9;658;11,535;5.7;670;11,471;5.8;;765;11,470;6.7;764;11,533;6.6;692;11,535;6.0;696;11,471;6.1;;853;11,470;7.4;799;11,533;6.9;785;11,535;6.8;709;11,471;6.2;;825;11,470;7.2;855;11,533;7.4;791;11,535;6.9;776;11,471;6.8;;813;11,470;7.1;804;11,533;7.0;831;11,535;7.2;782;11,471;6.8;;698;11,470;6.1;744;11,533;6.5;741;11,535;6.4;761;11,471;6.6;;471;11,470;4.1;665;11,533;5.8;696;11,535;6.0;696;11,471;6.1;;418;11,470;3.6;445;11,533;3.9;615;11,535;5.3;651;11,471;5.7;;385;11,470;3.4;365;11,533;3.2;405;11,535;3.5;554;11,471;4.8;;303;11,470;2.6;321;11,533;2.8;319;11,535;2.8;352;11,471;3.1;;268;11,470;2.3;332;11,533;2.9;376;11,535;3.3;396;11,471;3.5
40700;Burnside (C);;1,900;43,974;4.3;1,889;44,589;4.2;1,889;45,153;4.2;1,867;45,645;4.1;;2,252;43,974;5.1;2,227;44,589;5.0;2,222;45,153;4.9;2,214;45,645;4.9;;2,506;43,974;5.7;2,494;44,589;5.6;2,505;45,153;5.5;2,509;45,645;5.5;;3,355;43,974;7.6;3,173;44,589;7.1;3,105;45,153;6.9;3,141;45,645;6.9;;3,073;43,974;7.0;3,077;44,589;6.9;2,913;45,153;6.5;2,786;45,645;6.1;;2,126;43,974;4.8;2,132;44,589;4.8;2,105;45,153;4.7;1,979;45,645;4.3;;1,885;43,974;4.3;2,043;44,589;4.6;2,018;45,153;4.5;1,991;45,645;4.4;;2,506;43,974;5.7;2,334;44,589;5.2;2,503;45,153;5.5;2,472;45,645;5.4;;2,800;43,974;6.4;2,769;44,589;6.2;2,610;45,153;5.8;2,777;45,645;6.1;;3,249;43,974;7.4;2,994;44,589;6.7;2,963;45,153;6.6;2,799;45,645;6.1;;3,279;43,974;7.5;3,192;44,589;7.2;2,954;45,153;6.5;2,914;45,645;6.4;;3,145;43,974;7.2;3,200;44,589;7.2;3,126;45,153;6.9;2,896;45,645;6.3;;3,186;43,974;7.2;3,048;44,589;6.8;3,118;45,153;6.9;3,080;45,645;6.7;;2,269;43,974;5.2;2,988;44,589;6.7;2,891;45,153;6.4;2,974;45,645;6.5;;1,822;43,974;4.1;2,181;44,589;4.9;2,879;45,153;6.4;2,827;45,645;6.2;;1,541;43,974;3.5;1,737;44,589;3.9;2,086;45,153;4.6;2,729;45,645;6.0;;1,493;43,974;3.4;1,315;44,589;2.9;1,477;45,153;3.3;1,784;45,645;3.9;;1,587;43,974;3.6;1,796;44,589;4.0;1,789;45,153;4.0;1,906;45,645;4.2
40910;Campbelltown (C);;2,643;49,089;5.4;2,672;50,471;5.3;2,718;51,749;5.3;2,713;52,902;5.1;;2,496;49,089;5.1;2,654;50,471;5.3;2,706;51,749;5.2;2,744;52,902;5.2;;2,887;49,089;5.9;2,753;50,471;5.5;2,914;51,749;5.6;2,966;52,902;5.6;;3,392;49,089;6.9;3,409;50,471;6.8;3,297;51,749;6.4;3,459;52,902;6.5;;3,600;49,089;7.3;3,686;50,471;7.3;3,600;51,749;7.0;3,485;52,902;6.6;;3,100;49,089;6.3;3,193;50,471;6.3;3,239;51,749;6.3;3,125;52,902;5.9;;2,811;49,089;5.7;3,100;50,471;6.1;3,150;51,749;6.1;3,178;52,902;6.0;;3,259;49,089;6.6;2,998;50,471;5.9;3,303;51,749;6.4;3,344;52,902;6.3;;3,503;49,089;7.1;3,414;50,471;6.8;3,215;51,749;6.2;3,527;52,902;6.7;;3,522;49,089;7.2;3,461;50,471;6.9;3,411;51,749;6.6;3,225;52,902;6.1;;3,058;49,089;6.2;3,238;50,471;6.4;3,143;51,749;6.1;3,116;52,902;5.9;;2,682;49,089;5.5;2,950;50,471;5.8;3,080;51,749;6.0;2,996;52,902;5.7;;2,808;49,089;5.7;2,617;50,471;5.2;2,874;51,749;5.6;2,984;52,902;5.6;;2,416;49,089;4.9;2,754;50,471;5.5;2,615;51,749;5.1;2,856;52,902;5.4;;2,359;49,089;4.8;2,337;50,471;4.6;2,725;51,749;5.3;2,634;52,902;5.0;;1,770;49,089;3.6;2,097;50,471;4.2;2,150;51,749;4.2;2,555;52,902;4.8;;1,485;49,089;3.0;1,485;50,471;2.9;1,769;51,749;3.4;1,869;52,902;3.5;;1,298;49,089;2.6;1,653;50,471;3.3;1,840;51,749;3.6;2,126;52,902;4.0
41010;Ceduna (DC);;277;3,783;7.3;288;3,842;7.5;274;3,883;7.1;261;3,887;6.7;;295;3,783;7.8;265;3,842;6.9;275;3,883;7.1;263;3,887;6.8;;288;3,783;7.6;270;3,842;7.0;243;3,883;6.3;251;3,887;6.5;;245;3,783;6.5;230;3,842;6.0;217;3,883;5.6;202;3,887;5.2;;235;3,783;6.2;228;3,842;5.9;214;3,883;5.5;201;3,887;5.2;;228;3,783;6.0;243;3,842;6.3;231;3,883;5.9;216;3,887;5.6;;237;3,783;6.3;261;3,842;6.8;272;3,883;7.0;258;3,887;6.6;;262;3,783;6.9;234;3,842;6.1;257;3,883;6.6;263;3,887;6.8;;202;3,783;5.3;186;3,842;4.8;170;3,883;4.4;186;3,887;4.8;;267;3,783;7.1;226;3,842;5.9;214;3,883;5.5;191;3,887;4.9;;260;3,783;6.9;267;3,842;6.9;237;3,883;6.1;227;3,887;5.8;;285;3,783;7.5;279;3,842;7.3;285;3,883;7.3;260;3,887;6.7;;247;3,783;6.5;288;3,842;7.5;284;3,883;7.3;291;3,887;7.5;;161;3,783;4.3;214;3,842;5.6;250;3,883;6.4;242;3,887;6.2;;99;3,783;2.6;142;3,842;3.7;188;3,883;4.8;221;3,887;5.7;;81;3,783;2.1;98;3,842;2.6;127;3,883;3.3;168;3,887;4.3;;60;3,783;1.6;59;3,842;1.5;79;3,883;2.0;107;3,887;2.8;;54;3,783;1.4;64;3,842;1.7;66;3,883;1.7;79;3,887;2.0
41060;Charles Sturt (C);;5,549;106,069;5.2;5,612;108,311;5.2;5,637;110,515;5.1;5,621;112,602;5.0;;5,470;106,069;5.2;5,747;108,311;5.3;5,838;110,515;5.3;5,842;112,602;5.2;;5,709;106,069;5.4;5,579;108,311;5.2;5,879;110,515;5.3;5,949;112,602;5.3;;6,392;106,069;6.0;6,336;108,311;5.8;6,147;110,515;5.6;6,435;112,602;5.7;;6,885;106,069;6.5;7,022;108,311;6.5;6,820;110,515;6.2;6,581;112,602;5.8;;6,894;106,069;6.5;6,881;108,311;6.4;6,921;110,515;6.3;6,662;112,602;5.9;;6,284;106,069;5.9;6,837;108,311;6.3;6,845;110,515;6.2;6,871;112,602;6.1;;7,490;106,069;7.1;6,844;108,311;6.3;7,457;110,515;6.7;7,487;112,602;6.6;;7,600;106,069;7.2;7,491;108,311;6.9;6,980;110,515;6.3;7,647;112,602;6.8;;7,605;106,069;7.2;7,328;108,311;6.8;7,270;110,515;6.6;6,854;112,602;6.1;;7,228;106,069;6.8;7,378;108,311;6.8;7,076;110,515;6.4;7,048;112,602;6.3;;6,715;106,069;6.3;7,057;108,311;6.5;7,172;110,515;6.5;6,882;112,602;6.1;;6,318;106,069;6.0;6,377;108,311;5.9;6,712;110,515;6.1;6,795;112,602;6.0;;4,827;106,069;4.6;6,049;108,311;5.6;6,129;110,515;5.5;6,444;112,602;5.7;;4,484;106,069;4.2;4,648;108,311;4.3;5,856;110,515;5.3;5,961;112,602;5.3;;3,893;106,069;3.7;4,212;108,311;3.9;4,457;110,515;4.0;5,642;112,602;5.0;;3,500;106,069;3.3;3,165;108,311;2.9;3,503;110,515;3.2;3,778;112,602;3.4;;3,226;106,069;3.0;3,748;108,311;3.5;3,816;110,515;3.5;4,103;112,602;3.6
41140;Clare and Gilbert Valleys (DC);;577;8,724;6.6;604;9,012;6.7;609;9,285;6.6;603;9,520;6.3;;518;8,724;5.9;579;9,012;6.4;597;9,285;6.4;596;9,520;6.3;;549;8,724;6.3;529;9,012;5.9;578;9,285;6.2;598;9,520;6.3;;476;8,724;5.5;439;9,012;4.9;413;9,285;4.4;451;9,520;4.7;;458;8,724;5.2;416;9,012;4.6;392;9,285;4.2;365;9,520;3.8;;435;8,724;5.0;485;9,012;5.4;460;9,285;5.0;445;9,520;4.7;;447;8,724;5.1;505;9,012;5.6;539;9,285;5.8;517;9,520;5.4;;485;8,724;5.6;461;9,012;5.1;506;9,285;5.4;530;9,520;5.6;;612;8,724;7.0;546;9,012;6.1;525;9,285;5.7;569;9,520;6.0;;621;8,724;7.1;620;9,012;6.9;570;9,285;6.1;549;9,520;5.8;;655;8,724;7.5;619;9,012;6.9;618;9,285;6.7;577;9,520;6.1;;615;8,724;7.0;636;9,012;7.1;611;9,285;6.6;606;9,520;6.4;;629;8,724;7.2;642;9,012;7.1;670;9,285;7.2;658;9,520;6.9;;538;8,724;6.2;641;9,012;7.1;654;9,285;7.0;681;9,520;7.2;;372;8,724;4.3;482;9,012;5.3;587;9,285;6.3;606;9,520;6.4;;265;8,724;3.0;301;9,012;3.3;403;9,285;4.3;500;9,520;5.3;;253;8,724;2.9;222;9,012;2.5;251;9,285;2.7;342;9,520;3.6;;219;8,724;2.5;285;9,012;3.2;302;9,285;3.3;327;9,520;3.4
41190;Cleve (DC);;126;1,962;6.4;137;2,007;6.8;142;2,059;6.9;142;2,118;6.7;;161;1,962;8.2;142;2,007;7.1;150;2,059;7.3;152;2,118;7.2;;127;1,962;6.5;137;2,007;6.8;124;2,059;6.0;131;2,118;6.2;;93;1,962;4.7;90;2,007;4.5;94;2,059;4.6;90;2,118;4.2;;109;1,962;5.6;110;2,007;5.5;105;2,059;5.1;107;2,118;5.1;;113;1,962;5.8;138;2,007;6.9;142;2,059;6.9;137;2,118;6.5;;127;1,962;6.5;123;2,007;6.1;143;2,059;6.9;145;2,118;6.8;;126;1,962;6.4;118;2,007;5.9;116;2,059;5.6;132;2,118;6.2;;117;1,962;6.0;124;2,007;6.2;118;2,059;5.7;123;2,118;5.8;;135;1,962;6.9;132;2,007;6.6;136;2,059;6.6;132;2,118;6.2;;137;1,962;7.0;127;2,007;6.3;125;2,059;6.1;129;2,118;6.1;;138;1,962;7.0;138;2,007;6.9;132;2,059;6.4;128;2,118;6.0;;124;1,962;6.3;128;2,007;6.4;130;2,059;6.3;125;2,118;5.9;;98;1,962;5.0;112;2,007;5.6;121;2,059;5.9;123;2,118;5.8;;76;1,962;3.9;88;2,007;4.4;105;2,059;5.1;114;2,118;5.4;;63;1,962;3.2;66;2,007;3.3;75;2,059;3.6;91;2,118;4.3;;44;1,962;2.2;48;2,007;2.4;52;2,059;2.5;62;2,118;2.9;;48;1,962;2.4;49;2,007;2.4;49;2,059;2.4;55;2,118;2.6
41330;Coober Pedy (DC);;109;1,895;5.8;99;1,744;5.7;80;1,570;5.1;67;1,381;4.9;;96;1,895;5.1;88;1,744;5.0;77;1,570;4.9;61;1,381;4.4;;97;1,895;5.1;87;1,744;5.0;82;1,570;5.2;62;1,381;4.5;;84;1,895;4.4;68;1,744;3.9;63;1,570;4.0;54;1,381;3.9;;81;1,895;4.3;66;1,744;3.8;55;1,570;3.5;43;1,381;3.1;;105;1,895;5.5;91;1,744;5.2;79;1,570;5.0;71;1,381;5.1;;108;1,895;5.7;106;1,744;6.1;83;1,570;5.3;66;1,381;4.8;;106;1,895;5.6;93;1,744;5.3;85;1,570;5.4;70;1,381;5.1;;131;1,895;6.9;109;1,744;6.3;86;1,570;5.5;81;1,381;5.9;;152;1,895;8.0;126;1,744;7.2;113;1,570;7.2;84;1,381;6.1;;150;1,895;7.9;144;1,744;8.3;121;1,570;7.7;108;1,381;7.8;;159;1,895;8.4;142;1,744;8.1;128;1,570;8.2;108;1,381;7.8;;151;1,895;8.0;124;1,744;7.1;115;1,570;7.3;99;1,381;7.2;;182;1,895;9.6;154;1,744;8.8;138;1,570;8.8;123;1,381;8.9;;94;1,895;5.0;127;1,744;7.3;114;1,570;7.3;106;1,381;7.7;;56;1,895;3.0;62;1,744;3.6;90;1,570;5.7;91;1,381;6.6;;28;1,895;1.5;46;1,744;2.6;35;1,570;2.2;61;1,381;4.4;;6;1,895;0.3;12;1,744;0.7;26;1,570;1.7;26;1,381;1.9
41560;Copper Coast (DC);;673;13,034;5.2;725;14,233;5.1;757;15,382;4.9;766;16,442;4.7;;690;13,034;5.3;765;14,233;5.4;810;15,382;5.3;835;16,442;5.1;;833;13,034;6.4;812;14,233;5.7;882;15,382;5.7;931;16,442;5.7;;691;13,034;5.3;700;14,233;4.9;677;15,382;4.4;732;16,442;4.5;;551;13,034;4.2;530;14,233;3.7;524;15,382;3.4;512;16,442;3.1;;587;13,034;4.5;645;14,233;4.5;639;15,382;4.2;631;16,442;3.8;;532;13,034;4.1;672;14,233;4.7;731;15,382;4.8;725;16,442;4.4;;658;13,034;5.0;621;14,233;4.4;748;15,382;4.9;802;16,442;4.9;;819;13,034;6.3;783;14,233;5.5;751;15,382;4.9;869;16,442;5.3;;994;13,034;7.6;979;14,233;6.9;962;15,382;6.3;925;16,442;5.6;;909;13,034;7.0;1,134;14,233;8.0;1,118;15,382;7.3;1,124;16,442;6.8;;985;13,034;7.6;1,115;14,233;7.8;1,324;15,382;8.6;1,317;16,442;8.0;;1,045;13,034;8.0;1,141;14,233;8.0;1,277;15,382;8.3;1,469;16,442;8.9;;937;13,034;7.2;1,108;14,233;7.8;1,214;15,382;7.9;1,344;16,442;8.2;;765;13,034;5.9;886;14,233;6.2;1,060;15,382;6.9;1,162;16,442;7.1;;593;13,034;4.5;711;14,233;5.0;826;15,382;5.4;1,000;16,442;6.1;;428;13,034;3.3;485;14,233;3.4;590;15,382;3.8;698;16,442;4.2;;344;13,034;2.6;421;14,233;3.0;492;15,382;3.2;600;16,442;3.6
41750;Elliston (DC);;73;1,157;6.3;71;1,128;6.3;66;1,093;6.0;63;1,053;6.0;;75;1,157;6.5;65;1,128;5.8;62;1,093;5.7;58;1,053;5.5;;97;1,157;8.4;77;1,128;6.8;67;1,093;6.1;68;1,053;6.5;;57;1,157;4.9;56;1,128;5.0;48;1,093;4.4;40;1,053;3.8;;62;1,157;5.4;57;1,128;5.1;51;1,093;4.7;45;1,053;4.3;;62;1,157;5.4;75;1,128;6.6;67;1,093;6.1;60;1,053;5.7;;66;1,157;5.7;58;1,128;5.1;65;1,093;5.9;60;1,053;5.7;;60;1,157;5.2;47;1,128;4.2;46;1,093;4.2;51;1,053;4.8;;87;1,157;7.5;77;1,128;6.8;66;1,093;6.0;66;1,053;6.3;;104;1,157;9.0;87;1,128;7.7;75;1,093;6.9;65;1,053;6.2;;105;1,157;9.1;106;1,128;9.4;92;1,093;8.4;81;1,053;7.7;;90;1,157;7.8;99;1,128;8.8;100;1,093;9.1;87;1,053;8.3;;60;1,157;5.2;74;1,128;6.6;80;1,093;7.3;80;1,053;7.6;;61;1,157;5.3;64;1,128;5.7;74;1,093;6.8;77;1,053;7.3;;42;1,157;3.6;46;1,128;4.1;50;1,093;4.6;59;1,053;5.6;;21;1,157;1.8;33;1,128;2.9;38;1,093;3.5;40;1,053;3.8;;19;1,157;1.6;13;1,128;1.2;25;1,093;2.3;27;1,053;2.6;;16;1,157;1.4;23;1,128;2.0;21;1,093;1.9;26;1,053;2.5
41830;Flinders Ranges (DC);;121;1,867;6.5;110;1,886;5.8;101;1,885;5.4;94;1,872;5.0;;121;1,867;6.5;123;1,886;6.5;116;1,885;6.2;108;1,872;5.8;;129;1,867;6.9;121;1,886;6.4;118;1,885;6.3;111;1,872;5.9;;93;1,867;5.0;85;1,886;4.5;81;1,885;4.3;80;1,872;4.3;;55;1,867;2.9;48;1,886;2.5;47;1,885;2.5;44;1,872;2.4;;48;1,867;2.6;48;1,886;2.5;45;1,885;2.4;42;1,872;2.2;;77;1,867;4.1;62;1,886;3.3;58;1,885;3.1;57;1,872;3.0;;98;1,867;5.2;86;1,886;4.6;81;1,885;4.3;72;1,872;3.8;;133;1,867;7.1;120;1,886;6.4;104;1,885;5.5;104;1,872;5.6;;128;1,867;6.9;134;1,886;7.1;124;1,885;6.6;105;1,872;5.6;;147;1,867;7.9;127;1,886;6.7;131;1,885;6.9;121;1,872;6.5;;164;1,867;8.8;185;1,886;9.8;166;1,885;8.8;161;1,872;8.6;;154;1,867;8.2;174;1,886;9.2;187;1,885;9.9;173;1,872;9.2;;116;1,867;6.2;154;1,886;8.2;168;1,885;8.9;183;1,872;9.8;;91;1,867;4.9;99;1,886;5.2;132;1,885;7.0;146;1,872;7.8;;69;1,867;3.7;73;1,886;3.9;89;1,885;4.7;114;1,872;6.1;;68;1,867;3.6;60;1,886;3.2;61;1,885;3.2;75;1,872;4.0;;55;1,867;2.9;77;1,886;4.1;76;1,885;4.0;82;1,872;4.4
41960;Franklin Harbour (DC);;77;1,377;5.6;80;1,428;5.6;79;1,482;5.3;79;1,534;5.1;;96;1,377;7.0;95;1,428;6.7;96;1,482;6.5;94;1,534;6.1;;92;1,377;6.7;88;1,428;6.2;89;1,482;6.0;89;1,534;5.8;;53;1,377;3.8;51;1,428;3.6;52;1,482;3.5;53;1,534;3.5;;44;1,377;3.2;36;1,428;2.5;37;1,482;2.5;37;1,534;2.4;;68;1,377;4.9;72;1,428;5.0;69;1,482;4.7;66;1,534;4.3;;54;1,377;3.9;54;1,428;3.8;60;1,482;4.0;57;1,534;3.7;;92;1,377;6.7;95;1,428;6.7;96;1,482;6.5;104;1,534;6.8;;121;1,377;8.8;92;1,428;6.4;87;1,482;5.9;88;1,534;5.7;;92;1,377;6.7;121;1,428;8.5;96;1,482;6.5;89;1,534;5.8;;100;1,377;7.3;100;1,428;7.0;121;1,482;8.2;102;1,534;6.6;;111;1,377;8.1;116;1,428;8.1;116;1,482;7.8;133;1,534;8.7;;120;1,377;8.7;125;1,428;8.8;129;1,482;8.7;130;1,534;8.5;;105;1,377;7.6;105;1,428;7.4;112;1,482;7.6;120;1,534;7.8;;37;1,377;2.7;92;1,428;6.4;94;1,482;6.3;103;1,534;6.7;;37;1,377;2.7;32;1,428;2.2;82;1,482;5.5;85;1,534;5.5;;42;1,377;3.1;36;1,428;2.5;30;1,482;2.0;71;1,534;4.6;;36;1,377;2.6;38;1,428;2.7;37;1,482;2.5;34;1,534;2.2
42030;Gawler (T);;1,177;21,187;5.6;1,301;23,555;5.5;1,406;25,929;5.4;1,480;28,255;5.2;;1,282;21,187;6.1;1,462;23,555;6.2;1,595;25,929;6.2;1,707;28,255;6.0;;1,451;21,187;6.8;1,532;23,555;6.5;1,725;25,929;6.7;1,861;28,255;6.6;;1,606;21,187;7.6;1,676;23,555;7.1;1,737;25,929;6.7;1,941;28,255;6.9;;1,329;21,187;6.3;1,471;23,555;6.2;1,516;25,929;5.8;1,551;28,255;5.5;;1,328;21,187;6.3;1,432;23,555;6.1;1,545;25,929;6.0;1,578;28,255;5.6;;1,174;21,187;5.5;1,484;23,555;6.3;1,592;25,929;6.1;1,693;28,255;6.0;;1,311;21,187;6.2;1,383;23,555;5.9;1,663;25,929;6.4;1,772;28,255;6.3;;1,437;21,187;6.8;1,531;23,555;6.5;1,589;25,929;6.1;1,867;28,255;6.6;;1,543;21,187;7.3;1,504;23,555;6.4;1,599;25,929;6.2;1,645;28,255;5.8;;1,424;21,187;6.7;1,483;23,555;6.3;1,458;25,929;5.6;1,549;28,255;5.5;;1,248;21,187;5.9;1,418;23,555;6.0;1,498;25,929;5.8;1,481;28,255;5.2;;1,128;21,187;5.3;1,285;23,555;5.5;1,464;25,929;5.6;1,550;28,255;5.5;;987;21,187;4.7;1,313;23,555;5.6;1,484;25,929;5.7;1,684;28,255;6.0;;913;21,187;4.3;1,075;23,555;4.6;1,427;25,929;5.5;1,593;28,255;5.6;;763;21,187;3.6;901;23,555;3.8;1,088;25,929;4.2;1,437;28,255;5.1;;583;21,187;2.8;641;23,555;2.7;765;25,929;3.0;942;28,255;3.3;;503;21,187;2.4;663;23,555;2.8;778;25,929;3.0;924;28,255;3.3
42110;Goyder (DC);;258;4,281;6.0;255;4,251;6.0;235;4,199;5.6;225;4,136;5.4;;296;4,281;6.9;295;4,251;6.9;288;4,199;6.9;263;4,136;6.4;;283;4,281;6.6;290;4,251;6.8;283;4,199;6.7;276;4,136;6.7;;220;4,281;5.1;200;4,251;4.7;192;4,199;4.6;189;4,136;4.6;;166;4,281;3.9;140;4,251;3.3;127;4,199;3.0;117;4,136;2.8;;176;4,281;4.1;171;4,251;4.0;156;4,199;3.7;146;4,136;3.5;;197;4,281;4.6;193;4,251;4.5;187;4,199;4.5;175;4,136;4.2;;262;4,281;6.1;222;4,251;5.2;223;4,199;5.3;213;4,136;5.1;;308;4,281;7.2;283;4,251;6.7;250;4,199;6.0;249;4,136;6.0;;359;4,281;8.4;338;4,251;8.0;321;4,199;7.6;289;4,136;7.0;;340;4,281;7.9;351;4,251;8.3;332;4,199;7.9;314;4,136;7.6;;321;4,281;7.5;317;4,251;7.5;326;4,199;7.8;306;4,136;7.4;;288;4,281;6.7;324;4,251;7.6;320;4,199;7.6;324;4,136;7.8;;245;4,281;5.7;273;4,251;6.4;299;4,199;7.1;304;4,136;7.4;;183;4,281;4.3;202;4,251;4.8;231;4,199;5.5;261;4,136;6.3;;152;4,281;3.6;153;4,251;3.6;173;4,199;4.1;199;4,136;4.8;;106;4,281;2.5;112;4,251;2.6;118;4,199;2.8;136;4,136;3.3;;121;4,281;2.8;132;4,251;3.1;138;4,199;3.3;150;4,136;3.6
42250;Grant (DC);;622;8,815;7.1;628;9,334;6.7;650;9,853;6.6;668;10,368;6.4;;592;8,815;6.7;689;9,334;7.4;698;9,853;7.1;732;10,368;7.1;;710;8,815;8.1;671;9,334;7.2;760;9,853;7.7;778;10,368;7.5;;594;8,815;6.7;608;9,334;6.5;579;9,853;5.9;656;10,368;6.3;;403;8,815;4.6;410;9,334;4.4;411;9,853;4.2;401;10,368;3.9;;410;8,815;4.7;437;9,334;4.7;453;9,853;4.6;445;10,368;4.3;;526;8,815;6.0;558;9,334;6.0;597;9,853;6.1;612;10,368;5.9;;622;8,815;7.1;603;9,334;6.5;645;9,853;6.5;687;10,368;6.6;;731;8,815;8.3;693;9,334;7.4;666;9,853;6.8;715;10,368;6.9;;798;8,815;9.1;775;9,334;8.3;754;9,853;7.7;725;10,368;7.0;;649;8,815;7.4;789;9,334;8.5;770;9,853;7.8;761;10,368;7.3;;680;8,815;7.7;669;9,334;7.2;800;9,853;8.1;789;10,368;7.6;;536;8,815;6.1;653;9,334;7.0;647;9,853;6.6;774;10,368;7.5;;328;8,815;3.7;477;9,334;5.1;569;9,853;5.8;568;10,368;5.5;;259;8,815;2.9;269;9,334;2.9;394;9,853;4.0;461;10,368;4.4;;138;8,815;1.6;182;9,334;1.9;199;9,853;2.0;301;10,368;2.9;;119;8,815;1.3;98;9,334;1.0;134;9,853;1.4;146;10,368;1.4;;98;8,815;1.1;125;9,334;1.3;127;9,853;1.3;149;10,368;1.4
42600;Holdfast Bay (C);;1,420;35,976;3.9;1,502;37,513;4.0;1,562;39,188;4.0;1,574;40,878;3.9;;1,473;35,976;4.1;1,620;37,513;4.3;1,694;39,188;4.3;1,751;40,878;4.3;;1,541;35,976;4.3;1,618;37,513;4.3;1,758;39,188;4.5;1,829;40,878;4.5;;2,122;35,976;5.9;2,101;37,513;5.6;2,138;39,188;5.5;2,281;40,878;5.6;;2,580;35,976;7.2;2,662;37,513;7.1;2,628;39,188;6.7;2,604;40,878;6.4;;2,501;35,976;7.0;2,528;37,513;6.7;2,585;39,188;6.6;2,533;40,878;6.2;;2,011;35,976;5.6;2,305;37,513;6.1;2,344;39,188;6.0;2,398;40,878;5.9;;2,132;35,976;5.9;2,089;37,513;5.6;2,355;39,188;6.0;2,404;40,878;5.9;;2,223;35,976;6.2;2,267;37,513;6.0;2,218;39,188;5.7;2,474;40,878;6.1;;2,577;35,976;7.2;2,435;37,513;6.5;2,486;39,188;6.3;2,423;40,878;5.9;;2,704;35,976;7.5;2,696;37,513;7.2;2,589;39,188;6.6;2,647;40,878;6.5;;2,548;35,976;7.1;2,700;37,513;7.2;2,716;39,188;6.9;2,633;40,878;6.4;;2,472;35,976;6.9;2,556;37,513;6.8;2,715;39,188;6.9;2,755;40,878;6.7;;1,728;35,976;4.8;2,406;37,513;6.4;2,505;39,188;6.4;2,671;40,878;6.5;;1,438;35,976;4.0;1,731;37,513;4.6;2,375;39,188;6.1;2,495;40,878;6.1;;1,411;35,976;3.9;1,426;37,513;3.8;1,722;39,188;4.4;2,330;40,878;5.7;;1,401;35,976;3.9;1,175;37,513;3.1;1,221;39,188;3.1;1,493;40,878;3.7;;1,694;35,976;4.7;1,696;37,513;4.5;1,577;39,188;4.0;1,583;40,878;3.9
42750;Kangaroo Island (DC);;226;4,573;4.9;220;4,704;4.7;214;4,814;4.4;212;4,911;4.3;;260;4,573;5.7;238;4,704;5.1;235;4,814;4.9;227;4,911;4.6;;336;4,573;7.3;288;4,704;6.1;268;4,814;5.6;266;4,911;5.4;;240;4,573;5.2;245;4,704;5.2;214;4,814;4.4;208;4,911;4.2;;174;4,573;3.8;163;4,704;3.5;159;4,814;3.3;146;4,911;3.0;;178;4,573;3.9;184;4,704;3.9;172;4,814;3.6;170;4,911;3.5;;203;4,573;4.4;201;4,704;4.3;208;4,814;4.3;197;4,911;4.0;;274;4,573;6.0;218;4,704;4.6;221;4,814;4.6;227;4,911;4.6;;341;4,573;7.5;335;4,704;7.1;279;4,814;5.8;286;4,911;5.8;;422;4,573;9.2;401;4,704;8.5;391;4,814;8.1;333;4,911;6.8;;415;4,573;9.1;455;4,704;9.7;434;4,814;9.0;417;4,911;8.5;;397;4,573;8.7;420;4,704;8.9;458;4,814;9.5;433;4,911;8.8;;383;4,573;8.4;417;4,704;8.9;446;4,814;9.3;475;4,911;9.7;;255;4,573;5.6;355;4,704;7.5;386;4,814;8.0;411;4,911;8.4;;162;4,573;3.5;226;4,704;4.8;324;4,814;6.7;354;4,911;7.2;;100;4,573;2.2;124;4,704;2.6;177;4,814;3.7;261;4,911;5.3;;96;4,573;2.1;79;4,704;1.7;93;4,814;1.9;134;4,911;2.7;;111;4,573;2.4;135;4,704;2.9;135;4,814;2.8;154;4,911;3.1
43080;Karoonda East Murray (DC);;64;1,158;5.5;60;1,112;5.4;58;1,058;5.5;54;1,005;5.4;;75;1,158;6.5;73;1,112;6.6;64;1,058;6.0;60;1,005;6.0;;82;1,158;7.1;78;1,112;7.0;80;1,058;7.6;71;1,005;7.1;;61;1,158;5.3;49;1,112;4.4;45;1,058;4.3;45;1,005;4.5;;32;1,158;2.8;33;1,112;3.0;26;1,058;2.5;21;1,005;2.1;;38;1,158;3.3;37;1,112;3.3;36;1,058;3.4;32;1,005;3.2;;53;1,158;4.6;40;1,112;3.6;41;1,058;3.9;41;1,005;4.1;;51;1,158;4.4;49;1,112;4.4;37;1,058;3.5;37;1,005;3.7;;88;1,158;7.6;56;1,112;5.0;54;1,058;5.1;39;1,005;3.9;;95;1,158;8.2;91;1,112;8.2;62;1,058;5.9;57;1,005;5.7;;109;1,158;9.4;104;1,112;9.4;94;1,058;8.9;73;1,005;7.3;;114;1,158;9.8;115;1,112;10.3;104;1,058;9.8;96;1,005;9.6;;82;1,158;7.1;98;1,112;8.8;99;1,058;9.4;90;1,005;9.0;;51;1,158;4.4;69;1,112;6.2;81;1,058;7.7;83;1,005;8.3;;41;1,158;3.5;45;1,112;4.0;58;1,058;5.5;67;1,005;6.7;;48;1,158;4.1;38;1,112;3.4;42;1,058;4.0;59;1,005;5.9;;37;1,158;3.2;34;1,112;3.1;33;1,058;3.1;35;1,005;3.5;;37;1,158;3.2;43;1,112;3.9;44;1,058;4.2;45;1,005;4.5
43220;Kimba (DC);;67;1,128;5.9;68;1,101;6.2;63;1,071;5.9;59;1,035;5.7;;59;1,128;5.2;55;1,101;5.0;57;1,071;5.3;52;1,035;5.0;;78;1,128;6.9;62;1,101;5.6;60;1,071;5.6;61;1,035;5.9;;56;1,128;5.0;51;1,101;4.6;37;1,071;3.5;37;1,035;3.6;;59;1,128;5.2;61;1,101;5.5;51;1,071;4.8;40;1,035;3.9;;73;1,128;6.5;72;1,101;6.5;70;1,071;6.5;57;1,035;5.5;;55;1,128;4.9;66;1,101;6.0;66;1,071;6.2;63;1,035;6.1;;53;1,128;4.7;48;1,101;4.4;53;1,071;4.9;54;1,035;5.2;;78;1,128;6.9;55;1,101;5.0;52;1,071;4.9;54;1,035;5.2;;88;1,128;7.8;76;1,101;6.9;60;1,071;5.6;59;1,035;5.7;;81;1,128;7.2;80;1,101;7.3;73;1,071;6.8;61;1,035;5.9;;87;1,128;7.7;75;1,101;6.8;75;1,071;7.0;71;1,035;6.9;;71;1,128;6.3;92;1,101;8.4;81;1,071;7.6;82;1,035;7.9;;56;1,128;5.0;67;1,101;6.1;82;1,071;7.7;69;1,035;6.7;;51;1,128;4.5;52;1,101;4.7;66;1,071;6.2;74;1,035;7.1;;50;1,128;4.4;42;1,101;3.8;49;1,071;4.6;60;1,035;5.8;;36;1,128;3.2;41;1,101;3.7;34;1,071;3.2;41;1,035;4.0;;30;1,128;2.7;38;1,101;3.5;42;1,071;3.9;41;1,035;4.0
43360;Kingston (DC);;110;2,485;4.4;116;2,560;4.5;109;2,618;4.2;106;2,663;4.0;;145;2,485;5.8;140;2,560;5.5;145;2,618;5.5;133;2,663;5.0;;156;2,485;6.3;149;2,560;5.8;148;2,618;5.7;151;2,663;5.7;;146;2,485;5.9;123;2,560;4.8;113;2,618;4.3;114;2,663;4.3;;99;2,485;4.0;88;2,560;3.4;85;2,618;3.2;73;2,663;2.7;;139;2,485;5.6;130;2,560;5.1;122;2,618;4.7;118;2,663;4.4;;126;2,485;5.1;149;2,560;5.8;142;2,618;5.4;135;2,663;5.1;;120;2,485;4.8;120;2,560;4.7;129;2,618;4.9;125;2,663;4.7;;147;2,485;5.9;126;2,560;4.9;122;2,618;4.7;132;2,663;5.0;;182;2,485;7.3;166;2,560;6.5;153;2,618;5.8;145;2,663;5.4;;194;2,485;7.8;195;2,560;7.6;181;2,618;6.9;171;2,663;6.4;;209;2,485;8.4;206;2,560;8.0;205;2,618;7.8;192;2,663;7.2;;201;2,485;8.1;226;2,560;8.8;226;2,618;8.6;226;2,663;8.5;;160;2,485;6.4;201;2,560;7.9;228;2,618;8.7;227;2,663;8.5;;123;2,485;4.9;158;2,560;6.2;198;2,618;7.6;220;2,663;8.3;;108;2,485;4.3;116;2,560;4.5;146;2,618;5.6;189;2,663;7.1;;70;2,485;2.8;87;2,560;3.4;89;2,618;3.4;117;2,663;4.4;;50;2,485;2.0;64;2,560;2.5;77;2,618;2.9;89;2,663;3.3
43570;Le Hunte (DC);;80;1,250;6.4;71;1,198;5.9;72;1,150;6.3;68;1,102;6.2;;89;1,250;7.1;75;1,198;6.3;64;1,150;5.6;65;1,102;5.9;;96;1,250;7.7;86;1,198;7.2;69;1,150;6.0;60;1,102;5.4;;75;1,250;6.0;67;1,198;5.6;59;1,150;5.1;51;1,102;4.6;;55;1,250;4.4;53;1,198;4.4;49;1,150;4.3;48;1,102;4.4;;87;1,250;7.0;82;1,198;6.8;78;1,150;6.8;70;1,102;6.4;;76;1,250;6.1;78;1,198;6.5;76;1,150;6.6;70;1,102;6.4;;79;1,250;6.3;77;1,198;6.4;75;1,150;6.5;73;1,102;6.6;;88;1,250;7.0;75;1,198;6.3;70;1,150;6.1;69;1,102;6.3;;87;1,250;7.0;82;1,198;6.8;72;1,150;6.3;62;1,102;5.6;;97;1,250;7.8;85;1,198;7.1;82;1,150;7.1;71;1,102;6.4;;84;1,250;6.7;78;1,198;6.5;72;1,150;6.3;69;1,102;6.3;;84;1,250;6.7;95;1,198;7.9;94;1,150;8.2;81;1,102;7.4;;49;1,250;3.9;86;1,198;7.2;92;1,150;8.0;93;1,102;8.4;;28;1,250;2.2;33;1,198;2.8;59;1,150;5.1;67;1,102;6.1;;30;1,250;2.4;24;1,198;2.0;26;1,150;2.3;48;1,102;4.4;;39;1,250;3.1;19;1,198;1.6;17;1,150;1.5;19;1,102;1.7;;27;1,250;2.2;32;1,198;2.7;24;1,150;2.1;18;1,102;1.6
43650;Light (RegC);;992;14,196;7.0;1,126;16,179;7.0;1,264;18,231;6.9;1,372;20,328;6.7;;1,131;14,196;8.0;1,252;16,179;7.7;1,401;18,231;7.7;1,551;20,328;7.6;;1,093;14,196;7.7;1,223;16,179;7.6;1,361;18,231;7.5;1,508;20,328;7.4;;1,025;14,196;7.2;1,075;16,179;6.6;1,183;18,231;6.5;1,313;20,328;6.5;;719;14,196;5.1;775;16,179;4.8;806;18,231;4.4;850;20,328;4.2;;749;14,196;5.3;899;16,179;5.6;973;18,231;5.3;1,022;20,328;5.0;;893;14,196;6.3;1,092;16,179;6.7;1,262;18,231;6.9;1,359;20,328;6.7;;1,074;14,196;7.6;1,103;16,179;6.8;1,311;18,231;7.2;1,491;20,328;7.3;;1,174;14,196;8.3;1,297;16,179;8.0;1,329;18,231;7.3;1,555;20,328;7.6;;1,197;14,196;8.4;1,292;16,179;8.0;1,416;18,231;7.8;1,450;20,328;7.1;;1,079;14,196;7.6;1,222;16,179;7.6;1,311;18,231;7.2;1,432;20,328;7.0;;897;14,196;6.3;1,106;16,179;6.8;1,250;18,231;6.9;1,336;20,328;6.6;;703;14,196;5.0;891;16,179;5.5;1,080;18,231;5.9;1,226;20,328;6.0;;497;14,196;3.5;647;16,179;4.0;809;18,231;4.4;978;20,328;4.8;;379;14,196;2.7;475;16,179;2.9;613;18,231;3.4;775;20,328;3.8;;242;14,196;1.7;300;16,179;1.9;376;18,231;2.1;505;20,328;2.5;;199;14,196;1.4;193;16,179;1.2;252;18,231;1.4;318;20,328;1.6;;153;14,196;1.1;211;16,179;1.3;234;18,231;1.3;287;20,328;1.4
43710;Lower Eyre Peninsula (DC);;266;4,869;5.5;286;5,270;5.4;313;5,679;5.5;319;6,070;5.3;;331;4,869;6.8;327;5,270;6.2;352;5,679;6.2;376;6,070;6.2;;387;4,869;7.9;387;5,270;7.3;406;5,679;7.1;429;6,070;7.1;;320;4,869;6.6;304;5,270;5.8;297;5,679;5.2;325;6,070;5.4;;191;4,869;3.9;196;5,270;3.7;196;5,679;3.5;188;6,070;3.1;;202;4,869;4.1;232;5,270;4.4;234;5,679;4.1;236;6,070;3.9;;262;4,869;5.4;311;5,270;5.9;337;5,679;5.9;347;6,070;5.7;;335;4,869;6.9;319;5,270;6.1;358;5,679;6.3;379;6,070;6.2;;399;4,869;8.2;395;5,270;7.5;379;5,679;6.7;416;6,070;6.9;;380;4,869;7.8;406;5,270;7.7;407;5,679;7.2;395;6,070;6.5;;417;4,869;8.6;428;5,270;8.1;443;5,679;7.8;456;6,070;7.5;;364;4,869;7.5;453;5,270;8.6;480;5,679;8.5;488;6,070;8.0;;361;4,869;7.4;407;5,270;7.7;482;5,679;8.5;511;6,070;8.4;;220;4,869;4.5;323;5,270;6.1;367;5,679;6.5;435;6,070;7.2;;179;4,869;3.7;189;5,270;3.6;278;5,679;4.9;318;6,070;5.2;;115;4,869;2.4;152;5,270;2.9;161;5,679;2.8;245;6,070;4.0;;75;4,869;1.5;74;5,270;1.4;101;5,679;1.8;110;6,070;1.8;;65;4,869;1.3;81;5,270;1.5;88;5,679;1.5;97;6,070;1.6
43790;Loxton Waikerie (DC);;794;12,042;6.6;769;11,951;6.4;739;11,813;6.3;677;11,606;5.8;;706;12,042;5.9;747;11,951;6.3;717;11,813;6.1;679;11,606;5.9;;872;12,042;7.2;749;11,951;6.3;768;11,813;6.5;737;11,606;6.4;;796;12,042;6.6;739;11,951;6.2;638;11,813;5.4;650;11,606;5.6;;560;12,042;4.7;538;11,951;4.5;490;11,813;4.1;440;11,606;3.8;;576;12,042;4.8;561;11,951;4.7;536;11,813;4.5;492;11,606;4.2;;668;12,042;5.5;658;11,951;5.5;632;11,813;5.4;595;11,606;5.1;;750;12,042;6.2;674;11,951;5.6;672;11,813;5.7;644;11,606;5.5;;793;12,042;6.6;748;11,951;6.3;682;11,813;5.8;689;11,606;5.9;;910;12,042;7.6;797;11,951;6.7;758;11,813;6.4;691;11,606;6.0;;836;12,042;6.9;869;11,951;7.3;764;11,813;6.5;725;11,606;6.2;;875;12,042;7.3;852;11,951;7.1;878;11,813;7.4;774;11,606;6.7;;797;12,042;6.6;833;11,951;7.0;822;11,813;7.0;842;11,606;7.3;;643;12,042;5.3;747;11,951;6.3;791;11,813;6.7;787;11,606;6.8;;444;12,042;3.7;600;11,951;5.0;693;11,813;5.9;735;11,606;6.3;;358;12,042;3.0;383;11,951;3.2;524;11,813;4.4;615;11,606;5.3;;343;12,042;2.8;305;11,951;2.6;318;11,813;2.7;429;11,606;3.7;;321;12,042;2.7;382;11,951;3.2;391;11,813;3.3;405;11,606;3.5
43920;Mallala (DC);;526;8,727;6.0;554;9,424;5.9;591;10,123;5.8;605;10,797;5.6;;573;8,727;6.6;629;9,424;6.7;651;10,123;6.4;692;10,797;6.4;;720;8,727;8.3;684;9,424;7.3;746;10,123;7.4;770;10,797;7.1;;663;8,727;7.6;641;9,424;6.8;613;10,123;6.1;668;10,797;6.2;;444;8,727;5.1;458;9,424;4.9;442;10,123;4.4;420;10,797;3.9;;431;8,727;4.9;475;9,424;5.0;488;10,123;4.8;486;10,797;4.5;;518;8,727;5.9;601;9,424;6.4;639;10,123;6.3;660;10,797;6.1;;661;8,727;7.6;636;9,424;6.7;727;10,123;7.2;771;10,797;7.1;;736;8,727;8.4;706;9,424;7.5;682;10,123;6.7;773;10,797;7.2;;774;8,727;8.9;780;9,424;8.3;771;10,123;7.6;747;10,797;6.9;;698;8,727;8.0;799;9,424;8.5;803;10,123;7.9;796;10,797;7.4;;599;8,727;6.9;765;9,424;8.1;864;10,123;8.5;865;10,797;8.0;;514;8,727;5.9;581;9,424;6.2;745;10,123;7.4;838;10,797;7.8;;345;8,727;4.0;462;9,424;4.9;514;10,123;5.1;666;10,797;6.2;;198;8,727;2.3;262;9,424;2.8;360;10,123;3.6;406;10,797;3.8;;152;8,727;1.7;174;9,424;1.8;229;10,123;2.3;312;10,797;2.9;;87;8,727;1.0;114;9,424;1.2;128;10,123;1.3;171;10,797;1.6;;88;8,727;1.0;103;9,424;1.1;130;10,123;1.3;151;10,797;1.4
44060;Marion (C);;4,827;84,430;5.7;5,148;88,189;5.8;5,334;92,138;5.8;5,431;96,160;5.6;;4,413;84,430;5.2;4,924;88,189;5.6;5,210;92,138;5.7;5,402;96,160;5.6;;4,569;84,430;5.4;4,612;88,189;5.2;5,066;92,138;5.5;5,343;96,160;5.6;;5,397;84,430;6.4;5,304;88,189;6.0;5,309;92,138;5.8;5,748;96,160;6.0;;6,022;84,430;7.1;6,109;88,189;6.9;6,031;92,138;6.5;5,988;96,160;6.2;;6,204;84,430;7.3;6,360;88,189;7.2;6,534;92,138;7.1;6,455;96,160;6.7;;5,724;84,430;6.8;6,539;88,189;7.4;6,714;92,138;7.3;6,910;96,160;7.2;;5,779;84,430;6.8;5,838;88,189;6.6;6,612;92,138;7.2;6,815;96,160;7.1;;5,552;84,430;6.6;5,858;88,189;6.6;5,832;92,138;6.3;6,598;96,160;6.9;;5,737;84,430;6.8;5,397;88,189;6.1;5,661;92,138;6.1;5,607;96,160;5.8;;6,051;84,430;7.2;5,685;88,189;6.4;5,416;92,138;5.9;5,663;96,160;5.9;;5,410;84,430;6.4;5,807;88,189;6.6;5,601;92,138;6.1;5,376;96,160;5.6;;4,664;84,430;5.5;5,179;88,189;5.9;5,551;92,138;6.0;5,442;96,160;5.7;;3,567;84,430;4.2;4,545;88,189;5.2;4,998;92,138;5.4;5,367;96,160;5.6;;2,936;84,430;3.5;3,301;88,189;3.7;4,241;92,138;4.6;4,639;96,160;4.8;;2,597;84,430;3.1;2,583;88,189;2.9;2,959;92,138;3.2;3,856;96,160;4.0;;2,665;84,430;3.2;2,145;88,189;2.4;2,234;92,138;2.4;2,587;96,160;2.7;;2,316;84,430;2.7;2,855;88,189;3.2;2,835;92,138;3.1;2,933;96,160;3.1
44210;Mid Murray (DC);;385;8,487;4.5;367;8,478;4.3;343;8,416;4.1;318;8,291;3.8;;422;8,487;5.0;408;8,478;4.8;391;8,416;4.6;368;8,291;4.4;;495;8,487;5.8;437;8,478;5.2;427;8,416;5.1;405;8,291;4.9;;411;8,487;4.8;359;8,478;4.2;313;8,416;3.7;310;8,291;3.7;;296;8,487;3.5;265;8,478;3.1;228;8,416;2.7;197;8,291;2.4;;345;8,487;4.1;313;8,478;3.7;283;8,416;3.4;252;8,291;3.0;;341;8,487;4.0;357;8,478;4.2;329;8,416;3.9;297;8,291;3.6;;481;8,487;5.7;368;8,478;4.3;383;8,416;4.6;358;8,291;4.3;;663;8,487;7.8;559;8,478;6.6;453;8,416;5.4;467;8,291;5.6;;665;8,487;7.8;687;8,478;8.1;591;8,416;7.0;497;8,291;6.0;;744;8,487;8.8;737;8,478;8.7;743;8,416;8.8;655;8,291;7.9;;779;8,487;9.2;791;8,478;9.3;781;8,416;9.3;772;8,291;9.3;;787;8,487;9.3;785;8,478;9.3;798;8,416;9.5;788;8,291;9.5;;590;8,487;7.0;759;8,478;9.0;765;8,416;9.1;769;8,291;9.3;;455;8,487;5.4;529;8,478;6.2;678;8,416;8.1;689;8,291;8.3;;281;8,487;3.3;376;8,478;4.4;446;8,416;5.3;581;8,291;7.0;;193;8,487;2.3;202;8,478;2.4;273;8,416;3.2;330;8,291;4.0;;154;8,487;1.8;179;8,478;2.1;191;8,416;2.3;238;8,291;2.9
44340;Mitcham (C);;3,695;65,973;5.6;3,802;68,314;5.6;3,914;70,723;5.5;3,968;73,064;5.4;;3,612;65,973;5.5;3,968;68,314;5.8;4,074;70,723;5.8;4,179;73,064;5.7;;3,933;65,973;6.0;3,906;68,314;5.7;4,227;70,723;6.0;4,341;73,064;5.9;;4,498;65,973;6.8;4,486;68,314;6.6;4,417;70,723;6.2;4,717;73,064;6.5;;4,538;65,973;6.9;4,563;68,314;6.7;4,487;70,723;6.3;4,380;73,064;6.0;;3,785;65,973;5.7;3,747;68,314;5.5;3,796;70,723;5.4;3,697;73,064;5.1;;3,833;65,973;5.8;4,302;68,314;6.3;4,330;70,723;6.1;4,392;73,064;6.0;;4,387;65,973;6.6;4,295;68,314;6.3;4,778;70,723;6.8;4,837;73,064;6.6;;4,553;65,973;6.9;4,678;68,314;6.8;4,549;70,723;6.4;5,058;73,064;6.9;;4,681;65,973;7.1;4,615;68,314;6.8;4,711;70,723;6.7;4,584;73,064;6.3;;4,494;65,973;6.8;4,454;68,314;6.5;4,355;70,723;6.2;4,441;73,064;6.1;;4,335;65,973;6.6;4,268;68,314;6.2;4,257;70,723;6.0;4,161;73,064;5.7;;4,109;65,973;6.2;4,071;68,314;6.0;4,055;70,723;5.7;4,051;73,064;5.5;;3,078;65,973;4.7;3,909;68,314;5.7;3,918;70,723;5.5;3,926;73,064;5.4;;2,467;65,973;3.7;2,932;68,314;4.3;3,772;70,723;5.3;3,810;73,064;5.2;;2,034;65,973;3.1;2,317;68,314;3.4;2,784;70,723;3.9;3,583;73,064;4.9;;1,846;65,973;2.8;1,711;68,314;2.5;1,973;70,723;2.8;2,391;73,064;3.3;;2,095;65,973;3.2;2,290;68,314;3.4;2,326;70,723;3.3;2,548;73,064;3.5
44550;Mount Barker (DC);;2,032;30,344;6.7;2,239;33,794;6.6;2,435;37,240;6.5;2,594;40,644;6.4;;2,127;30,344;7.0;2,334;33,794;6.9;2,545;37,240;6.8;2,728;40,644;6.7;;2,307;30,344;7.6;2,328;33,794;6.9;2,557;37,240;6.9;2,775;40,644;6.8;;2,140;30,344;7.1;2,283;33,794;6.8;2,301;37,240;6.2;2,523;40,644;6.2;;1,889;30,344;6.2;2,006;33,794;5.9;2,094;37,240;5.6;2,118;40,644;5.2;;1,825;30,344;6.0;2,163;33,794;6.4;2,305;37,240;6.2;2,375;40,644;5.8;;1,904;30,344;6.3;2,283;33,794;6.8;2,593;37,240;7.0;2,756;40,644;6.8;;2,184;30,344;7.2;2,126;33,794;6.3;2,509;37,240;6.7;2,784;40,644;6.8;;2,433;30,344;8.0;2,472;33,794;7.3;2,436;37,240;6.5;2,816;40,644;6.9;;2,294;30,344;7.6;2,535;33,794;7.5;2,610;37,240;7.0;2,592;40,644;6.4;;2,115;30,344;7.0;2,326;33,794;6.9;2,528;37,240;6.8;2,610;40,644;6.4;;1,891;30,344;6.2;2,113;33,794;6.3;2,326;37,240;6.2;2,497;40,644;6.1;;1,711;30,344;5.6;1,907;33,794;5.6;2,130;37,240;5.7;2,349;40,644;5.8;;1,119;30,344;3.7;1,644;33,794;4.9;1,847;37,240;5.0;2,075;40,644;5.1;;773;30,344;2.5;1,083;33,794;3.2;1,560;37,240;4.2;1,762;40,644;4.3;;608;30,344;2.0;704;33,794;2.1;977;37,240;2.6;1,399;40,644;3.4;;552;30,344;1.8;614;33,794;1.8;715;37,240;1.9;971;40,644;2.4;;440;30,344;1.5;634;33,794;1.9;772;37,240;2.1;920;40,644;2.3
44620;Mount Gambier (C);;1,677;25,239;6.6;1,714;26,245;6.5;1,712;27,152;6.3;1,695;27,946;6.1;;1,660;25,239;6.6;1,648;26,245;6.3;1,684;27,152;6.2;1,694;27,946;6.1;;1,616;25,239;6.4;1,611;26,245;6.1;1,622;27,152;6.0;1,657;27,946;5.9;;1,706;25,239;6.8;1,607;26,245;6.1;1,578;27,152;5.8;1,611;27,946;5.8;;1,734;25,239;6.9;1,717;26,245;6.5;1,643;27,152;6.1;1,588;27,946;5.7;;1,823;25,239;7.2;1,905;26,245;7.3;1,890;27,152;7.0;1,824;27,946;6.5;;1,471;25,239;5.8;1,673;26,245;6.4;1,746;27,152;6.4;1,731;27,946;6.2;;1,658;25,239;6.6;1,450;26,245;5.5;1,627;27,152;6.0;1,683;27,946;6.0;;1,732;25,239;6.9;1,704;26,245;6.5;1,533;27,152;5.6;1,691;27,946;6.1;;1,819;25,239;7.2;1,785;26,245;6.8;1,763;27,152;6.5;1,598;27,946;5.7;;1,713;25,239;6.8;1,803;26,245;6.9;1,767;27,152;6.5;1,753;27,946;6.3;;1,495;25,239;5.9;1,627;26,245;6.2;1,713;27,152;6.3;1,674;27,946;6.0;;1,350;25,239;5.3;1,480;26,245;5.6;1,600;27,152;5.9;1,695;27,946;6.1;;1,035;25,239;4.1;1,353;26,245;5.2;1,477;27,152;5.4;1,594;27,946;5.7;;870;25,239;3.4;1,025;26,245;3.9;1,327;27,152;4.9;1,452;27,946;5.2;;778;25,239;3.1;853;26,245;3.3;1,006;27,152;3.7;1,295;27,946;4.6;;590;25,239;2.3;670;26,245;2.6;750;27,152;2.8;884;27,946;3.2;;512;25,239;2.0;620;26,245;2.4;714;27,152;2.6;827;27,946;3.0
44830;Mount Remarkable (DC);;174;2,920;6.0;158;2,890;5.5;151;2,848;5.3;137;2,785;4.9;;147;2,920;5.0;172;2,890;6.0;159;2,848;5.6;155;2,785;5.6;;204;2,920;7.0;161;2,890;5.6;176;2,848;6.2;165;2,785;5.9;;157;2,920;5.4;152;2,890;5.3;122;2,848;4.3;129;2,785;4.6;;73;2,920;2.5;62;2,890;2.1;56;2,848;2.0;46;2,785;1.7;;108;2,920;3.7;109;2,890;3.8;97;2,848;3.4;86;2,785;3.1;;118;2,920;4.0;121;2,890;4.2;118;2,848;4.1;110;2,785;3.9;;121;2,920;4.1;104;2,890;3.6;109;2,848;3.8;106;2,785;3.8;;194;2,920;6.6;141;2,890;4.9;125;2,848;4.4;128;2,785;4.6;;264;2,920;9.0;220;2,890;7.6;175;2,848;6.1;157;2,785;5.6;;259;2,920;8.9;259;2,890;9.0;220;2,848;7.7;183;2,785;6.6;;296;2,920;10.1;309;2,890;10.7;304;2,848;10.7;264;2,785;9.5;;222;2,920;7.6;282;2,890;9.8;290;2,848;10.2;285;2,785;10.2;;188;2,920;6.4;203;2,890;7.0;253;2,848;8.9;258;2,785;9.3;;126;2,920;4.3;149;2,890;5.2;168;2,848;5.9;199;2,785;7.1;;114;2,920;3.9;114;2,890;3.9;135;2,848;4.7;155;2,785;5.6;;86;2,920;2.9;86;2,890;3.0;95;2,848;3.3;111;2,785;4.0;;69;2,920;2.4;88;2,890;3.0;95;2,848;3.3;111;2,785;4.0
45040;Murray Bridge (RC);;1,255;19,370;6.5;1,313;20,614;6.4;1,341;21,803;6.2;1,359;22,899;5.9;;1,085;19,370;5.6;1,246;20,614;6.0;1,306;21,803;6.0;1,332;22,899;5.8;;1,326;19,370;6.8;1,163;20,614;5.6;1,295;21,803;5.9;1,355;22,899;5.9;;1,339;19,370;6.9;1,306;20,614;6.3;1,191;21,803;5.5;1,294;22,899;5.7;;1,157;19,370;6.0;1,241;20,614;6.0;1,212;21,803;5.6;1,139;22,899;5.0;;1,144;19,370;5.9;1,220;20,614;5.9;1,270;21,803;5.8;1,245;22,899;5.4;;1,019;19,370;5.3;1,160;20,614;5.6;1,226;21,803;5.6;1,260;22,899;5.5;;1,241;19,370;6.4;1,135;20,614;5.5;1,264;21,803;5.8;1,335;22,899;5.8;;1,450;19,370;7.5;1,395;20,614;6.8;1,311;21,803;6.0;1,442;22,899;6.3;;1,398;19,370;7.2;1,485;20,614;7.2;1,452;21,803;6.7;1,371;22,899;6.0;;1,255;19,370;6.5;1,394;20,614;6.8;1,452;21,803;6.7;1,447;22,899;6.3;;1,170;19,370;6.0;1,314;20,614;6.4;1,452;21,803;6.7;1,482;22,899;6.5;;1,143;19,370;5.9;1,196;20,614;5.8;1,339;21,803;6.1;1,466;22,899;6.4;;1,027;19,370;5.3;1,190;20,614;5.8;1,251;21,803;5.7;1,393;22,899;6.1;;815;19,370;4.2;1,023;20,614;5.0;1,214;21,803;5.6;1,265;22,899;5.5;;623;19,370;3.2;765;20,614;3.7;958;21,803;4.4;1,142;22,899;5.0;;481;19,370;2.5;525;20,614;2.5;645;21,803;3.0;829;22,899;3.6;;442;19,370;2.3;543;20,614;2.6;624;21,803;2.9;743;22,899;3.2
45090;Naracoorte and Lucindale (DC);;555;8,344;6.7;532;8,440;6.3;516;8,512;6.1;502;8,551;5.9;;553;8,344;6.6;603;8,440;7.1;582;8,512;6.8;566;8,551;6.6;;558;8,344;6.7;535;8,440;6.3;574;8,512;6.7;557;8,551;6.5;;529;8,344;6.3;492;8,440;5.8;462;8,512;5.4;493;8,551;5.8;;466;8,344;5.6;460;8,440;5.5;429;8,512;5.0;401;8,551;4.7;;507;8,344;6.1;499;8,440;5.9;490;8,512;5.8;461;8,551;5.4;;512;8,344;6.1;517;8,440;6.1;514;8,512;6.0;499;8,551;5.8;;556;8,344;6.7;509;8,440;6.0;520;8,512;6.1;524;8,551;6.1;;579;8,344;6.9;581;8,440;6.9;529;8,512;6.2;546;8,551;6.4;;693;8,344;8.3;615;8,440;7.3;613;8,512;7.2;565;8,551;6.6;;671;8,344;8.0;685;8,440;8.1;613;8,512;7.2;612;8,551;7.2;;505;8,344;6.1;599;8,440;7.1;617;8,512;7.2;559;8,551;6.5;;438;8,344;5.2;442;8,440;5.2;530;8,512;6.2;546;8,551;6.4;;360;8,344;4.3;406;8,440;4.8;422;8,512;5.0;498;8,551;5.8;;266;8,344;3.2;337;8,440;4.0;381;8,512;4.5;398;8,551;4.7;;204;8,344;2.4;221;8,440;2.6;283;8,512;3.3;330;8,551;3.9;;192;8,344;2.3;168;8,440;2.0;191;8,512;2.2;231;8,551;2.7;;200;8,344;2.4;239;8,440;2.8;246;8,512;2.9;263;8,551;3.1
45120;Northern Areas (DC);;283;4,956;5.7;284;5,056;5.6;282;5,147;5.5;269;5,210;5.2;;313;4,956;6.3;316;5,056;6.3;316;5,147;6.1;311;5,210;6.0;;373;4,956;7.5;344;5,056;6.8;347;5,147;6.7;349;5,210;6.7;;305;4,956;6.2;280;5,056;5.5;253;5,147;4.9;262;5,210;5.0;;202;4,956;4.1;190;5,056;3.8;173;5,147;3.4;154;5,210;3.0;;223;4,956;4.5;241;5,056;4.8;229;5,147;4.4;210;5,210;4.0;;226;4,956;4.6;235;5,056;4.6;244;5,147;4.7;234;5,210;4.5;;249;4,956;5.0;226;5,056;4.5;232;5,147;4.5;240;5,210;4.6;;315;4,956;6.4;287;5,056;5.7;258;5,147;5.0;272;5,210;5.2;;396;4,956;8.0;348;5,056;6.9;326;5,147;6.3;293;5,210;5.6;;380;4,956;7.7;407;5,056;8.0;365;5,147;7.1;350;5,210;6.7;;367;4,956;7.4;401;5,056;7.9;424;5,147;8.2;383;5,210;7.4;;360;4,956;7.3;387;5,056;7.7;426;5,147;8.3;445;5,210;8.5;;263;4,956;5.3;347;5,056;6.9;376;5,147;7.3;411;5,210;7.9;;225;4,956;4.5;254;5,056;5.0;331;5,147;6.4;356;5,210;6.8;;162;4,956;3.3;186;5,056;3.7;208;5,147;4.0;273;5,210;5.2;;145;4,956;2.9;128;5,056;2.5;155;5,147;3.0;172;5,210;3.3;;169;4,956;3.4;195;5,056;3.9;202;5,147;3.9;226;5,210;4.3
45290;Norwood Payneham St Peters (C);;1,762;36,516;4.8;1,844;38,000;4.9;1,886;39,530;4.8;1,918;41,058;4.7;;1,593;36,516;4.4;1,739;38,000;4.6;1,818;39,530;4.6;1,858;41,058;4.5;;1,645;36,516;4.5;1,683;38,000;4.4;1,824;39,530;4.6;1,889;41,058;4.6;;2,184;36,516;6.0;2,202;38,000;5.8;2,206;39,530;5.6;2,357;41,058;5.7;;3,191;36,516;8.7;3,275;38,000;8.6;3,251;39,530;8.2;3,212;41,058;7.8;;3,257;36,516;8.9;3,281;38,000;8.6;3,367;39,530;8.5;3,311;41,058;8.1;;2,674;36,516;7.3;3,017;38,000;7.9;3,070;39,530;7.8;3,152;41,058;7.7;;2,481;36,516;6.8;2,398;38,000;6.3;2,709;39,530;6.9;2,771;41,058;6.7;;2,434;36,516;6.7;2,421;38,000;6.4;2,343;39,530;5.9;2,641;41,058;6.4;;2,467;36,516;6.8;2,358;38,000;6.2;2,378;39,530;6.0;2,307;41,058;5.6;;2,301;36,516;6.3;2,517;38,000;6.6;2,425;39,530;6.1;2,464;41,058;6.0;;2,098;36,516;5.7;2,207;38,000;5.8;2,380;39,530;6.0;2,302;41,058;5.6;;1,841;36,516;5.0;1,967;38,000;5.2;2,097;39,530;5.3;2,237;41,058;5.4;;1,483;36,516;4.1;1,804;38,000;4.7;1,936;39,530;4.9;2,071;41,058;5.0;;1,378;36,516;3.8;1,477;38,000;3.9;1,812;39,530;4.6;1,942;41,058;4.7;;1,258;36,516;3.4;1,318;38,000;3.5;1,452;39,530;3.7;1,802;41,058;4.4;;1,166;36,516;3.2;1,119;38,000;2.9;1,200;39,530;3.0;1,359;41,058;3.3;;1,303;36,516;3.6;1,373;38,000;3.6;1,376;39,530;3.5;1,465;41,058;3.6
45340;Onkaparinga (C);;10,141;160,851;6.3;10,589;169,181;6.3;10,840;177,182;6.1;10,930;184,653;5.9;;10,053;160,851;6.2;10,914;169,181;6.5;11,381;177,182;6.4;11,680;184,653;6.3;;10,736;160,851;6.7;10,479;169,181;6.2;11,374;177,182;6.4;11,837;184,653;6.4;;11,430;160,851;7.1;11,068;169,181;6.5;10,824;177,182;6.1;11,635;184,653;6.3;;10,515;160,851;6.5;10,639;169,181;6.3;10,292;177,182;5.8;9,984;184,653;5.4;;10,422;160,851;6.5;10,506;169,181;6.2;10,628;177,182;6.0;10,321;184,653;5.6;;10,034;160,851;6.2;11,377;169,181;6.7;11,526;177,182;6.5;11,704;184,653;6.3;;11,131;160,851;6.9;10,944;169,181;6.5;12,315;177,182;7.0;12,542;184,653;6.8;;11,077;160,851;6.9;11,536;169,181;6.8;11,304;177,182;6.4;12,656;184,653;6.9;;11,439;160,851;7.1;10,925;169,181;6.5;11,267;177,182;6.4;11,008;184,653;6.0;;11,169;160,851;6.9;10,981;169,181;6.5;10,566;177,182;6.0;10,860;184,653;5.9;;10,943;160,851;6.8;10,968;169,181;6.5;10,915;177,182;6.2;10,564;184,653;5.7;;10,037;160,851;6.2;10,475;169,181;6.2;10,668;177,182;6.0;10,701;184,653;5.8;;6,869;160,851;4.3;9,548;169,181;5.6;10,025;177,182;5.7;10,334;184,653;5.6;;5,082;160,851;3.2;6,608;169,181;3.9;9,093;177,182;5.1;9,616;184,653;5.2;;3,849;160,851;2.4;4,702;169,181;2.8;6,022;177,182;3.4;8,273;184,653;4.5;;3,125;160,851;1.9;3,267;169,181;1.9;3,975;177,182;2.2;5,083;184,653;2.8;;2,799;160,851;1.7;3,655;169,181;2.2;4,167;177,182;2.4;4,925;184,653;2.7
45400;Orroroo/Carrieton (DC);;43;930;4.6;45;899;5.0;43;863;5.0;34;821;4.1;;45;930;4.8;38;899;4.2;34;863;3.9;37;821;4.5;;70;930;7.5;57;899;6.3;53;863;6.1;46;821;5.6;;48;930;5.2;43;899;4.8;40;863;4.6;40;821;4.9;;25;930;2.7;12;899;1.3;11;863;1.3;9;821;1.1;;35;930;3.8;32;899;3.6;22;863;2.5;20;821;2.4;;23;930;2.5;30;899;3.3;29;863;3.4;24;821;2.9;;59;930;6.3;39;899;4.3;42;863;4.9;45;821;5.5;;59;930;6.3;57;899;6.3;43;863;5.0;41;821;5.0;;66;930;7.1;59;899;6.6;56;863;6.5;46;821;5.6;;70;930;7.5;58;899;6.5;50;863;5.8;46;821;5.6;;63;930;6.8;71;899;7.9;55;863;6.4;48;821;5.8;;77;930;8.3;85;899;9.5;90;863;10.4;69;821;8.4;;63;930;6.8;81;899;9.0;80;863;9.3;84;821;10.2;;44;930;4.7;60;899;6.7;75;863;8.7;73;821;8.9;;44;930;4.7;42;899;4.7;56;863;6.5;72;821;8.8;;53;930;5.7;37;899;4.1;36;863;4.2;43;821;5.2;;43;930;4.6;53;899;5.9;48;863;5.6;44;821;5.4
45540;Peterborough (DC);;115;2,006;5.7;108;1,966;5.5;92;1,915;4.8;84;1,853;4.5;;126;2,006;6.3;124;1,966;6.3;119;1,915;6.2;105;1,853;5.7;;135;2,006;6.7;122;1,966;6.2;121;1,915;6.3;116;1,853;6.3;;75;2,006;3.7;72;1,966;3.7;65;1,915;3.4;62;1,853;3.3;;67;2,006;3.3;50;1,966;2.5;46;1,915;2.4;42;1,853;2.3;;95;2,006;4.7;81;1,966;4.1;68;1,915;3.6;59;1,853;3.2;;84;2,006;4.2;92;1,966;4.7;87;1,915;4.5;80;1,853;4.3;;127;2,006;6.3;103;1,966;5.2;103;1,915;5.4;103;1,853;5.6;;111;2,006;5.5;111;1,966;5.6;84;1,915;4.4;83;1,853;4.5;;145;2,006;7.2;134;1,966;6.8;125;1,915;6.5;97;1,853;5.2;;164;2,006;8.2;156;1,966;7.9;147;1,915;7.7;136;1,853;7.3;;158;2,006;7.9;179;1,966;9.1;173;1,915;9.0;163;1,853;8.8;;162;2,006;8.1;158;1,966;8.0;177;1,915;9.2;172;1,853;9.3;;123;2,006;6.1;142;1,966;7.2;139;1,915;7.3;157;1,853;8.5;;122;2,006;6.1;116;1,966;5.9;131;1,915;6.8;133;1,853;7.2;;79;2,006;3.9;89;1,966;4.5;88;1,915;4.6;108;1,853;5.8;;56;2,006;2.8;59;1,966;3.0;70;1,915;3.7;64;1,853;3.5;;62;2,006;3.1;70;1,966;3.6;80;1,915;4.2;89;1,853;4.8
45680;Playford (C);;5,972;77,475;7.7;6,587;85,568;7.7;7,007;93,793;7.5;7,316;101,983;7.2;;5,664;77,475;7.3;6,498;85,568;7.6;7,135;93,793;7.6;7,605;101,983;7.5;;5,800;77,475;7.5;6,011;85,568;7.0;6,825;93,793;7.3;7,467;101,983;7.3;;5,804;77,475;7.5;5,933;85,568;6.9;6,099;93,793;6.5;6,850;101,983;6.7;;5,751;77,475;7.4;6,195;85,568;7.2;6,278;93,793;6.7;6,365;101,983;6.2;;5,603;77,475;7.2;6,120;85,568;7.2;6,535;93,793;7.0;6,630;101,983;6.5;;4,957;77,475;6.4;6,123;85,568;7.2;6,605;93,793;7.0;7,016;101,983;6.9;;5,264;77,475;6.8;5,555;85,568;6.5;6,717;93,793;7.2;7,216;101,983;7.1;;5,488;77,475;7.1;5,689;85,568;6.6;5,965;93,793;6.4;7,132;101,983;7.0;;5,220;77,475;6.7;5,364;85,568;6.3;5,639;93,793;6.0;5,864;101,983;5.7;;5,030;77,475;6.5;5,281;85,568;6.2;5,406;93,793;5.8;5,703;101,983;5.6;;3,939;77,475;5.1;5,018;85,568;5.9;5,303;93,793;5.7;5,421;101,983;5.3;;3,567;77,475;4.6;4,079;85,568;4.8;5,028;93,793;5.4;5,354;101,983;5.2;;2,666;77,475;3.4;3,565;85,568;4.2;4,092;93,793;4.4;4,959;101,983;4.9;;2,461;77,475;3.2;2,604;85,568;3.0;3,497;93,793;3.7;3,994;101,983;3.9;;1,964;77,475;2.5;2,193;85,568;2.6;2,450;93,793;2.6;3,307;101,983;3.2;;1,373;77,475;1.8;1,492;85,568;1.7;1,755;93,793;1.9;2,039;101,983;2.0;;952;77,475;1.2;1,261;85,568;1.5;1,457;93,793;1.6;1,745;101,983;1.7
45890;Port Adelaide Enfield (C);;6,993;112,565;6.2;7,485;119,539;6.3;7,860;126,858;6.2;8,116;134,255;6.0;;5,899;112,565;5.2;6,739;119,539;5.6;7,196;126,858;5.7;7,535;134,255;5.6;;6,244;112,565;5.5;6,031;119,539;5.0;6,801;126,858;5.4;7,236;134,255;5.4;;7,175;112,565;6.4;7,334;119,539;6.1;7,198;126,858;5.7;7,954;134,255;5.9;;8,159;112,565;7.2;8,774;119,539;7.3;8,881;126,858;7.0;8,845;134,255;6.6;;8,611;112,565;7.6;8,928;119,539;7.5;9,406;126,858;7.4;9,434;134,255;7.0;;7,988;112,565;7.1;9,120;119,539;7.6;9,469;126,858;7.5;9,887;134,255;7.4;;8,094;112,565;7.2;8,186;119,539;6.8;9,342;126,858;7.4;9,710;134,255;7.2;;7,753;112,565;6.9;8,018;119,539;6.7;8,061;126,858;6.4;9,158;134,255;6.8;;7,964;112,565;7.1;7,760;119,539;6.5;8,026;126,858;6.3;8,035;134,255;6.0;;7,681;112,565;6.8;8,045;119,539;6.7;7,858;126,858;6.2;8,140;134,255;6.1;;6,709;112,565;6.0;7,512;119,539;6.3;7,927;126,858;6.2;7,752;134,255;5.8;;5,905;112,565;5.2;6,473;119,539;5.4;7,212;126,858;5.7;7,630;134,255;5.7;;4,315;112,565;3.8;5,604;119,539;4.7;6,166;126,858;4.9;6,873;134,255;5.1;;3,792;112,565;3.4;4,168;119,539;3.5;5,441;126,858;4.3;6,045;134,255;4.5;;3,409;112,565;3.0;3,455;119,539;2.9;3,936;126,858;3.1;5,171;134,255;3.9;;3,088;112,565;2.7;2,761;119,539;2.3;2,929;126,858;2.3;3,426;134,255;2.6;;2,786;112,565;2.5;3,146;119,539;2.6;3,149;126,858;2.5;3,308;134,255;2.5
46090;Port Augusta (C);;999;14,422;6.9;977;14,753;6.6;961;15,015;6.4;928;15,189;6.1;;965;14,422;6.7;991;14,753;6.7;963;15,015;6.4;953;15,189;6.3;;998;14,422;6.9;952;14,753;6.5;989;15,015;6.6;962;15,189;6.3;;948;14,422;6.6;867;14,753;5.9;828;15,015;5.5;854;15,189;5.6;;866;14,422;6.0;819;14,753;5.6;765;15,015;5.1;724;15,189;4.8;;991;14,422;6.9;990;14,753;6.7;954;15,015;6.4;897;15,189;5.9;;866;14,422;6.0;942;14,753;6.4;944;15,015;6.3;914;15,189;6.0;;955;14,422;6.6;878;14,753;6.0;957;15,015;6.4;961;15,189;6.3;;1,030;14,422;7.1;1,022;14,753;6.9;951;15,015;6.3;1,023;15,189;6.7;;1,131;14,422;7.8;1,082;14,753;7.3;1,070;15,015;7.1;1,001;15,189;6.6;;1,036;14,422;7.2;1,135;14,753;7.7;1,079;15,015;7.2;1,081;15,189;7.1;;872;14,422;6.0;960;14,753;6.5;1,048;15,015;7.0;1,008;15,189;6.6;;848;14,422;5.9;836;14,753;5.7;910;15,015;6.1;1,000;15,189;6.6;;606;14,422;4.2;789;14,753;5.3;773;15,015;5.1;843;15,189;5.6;;510;14,422;3.5;564;14,753;3.8;733;15,015;4.9;715;15,189;4.7;;368;14,422;2.6;460;14,753;3.1;505;15,015;3.4;649;15,189;4.3;;268;14,422;1.9;281;14,753;1.9;352;15,015;2.3;394;15,189;2.6;;165;14,422;1.1;208;14,753;1.4;233;15,015;1.6;282;15,189;1.9
46300;Port Lincoln (C);;1,015;14,482;7.0;1,021;14,826;6.9;1,025;15,134;6.8;998;15,382;6.5;;948;14,482;6.5;977;14,826;6.6;983;15,134;6.5;982;15,382;6.4;;1,009;14,482;7.0;916;14,826;6.2;947;15,134;6.3;951;15,382;6.2;;968;14,482;6.7;938;14,826;6.3;859;15,134;5.7;888;15,382;5.8;;912;14,482;6.3;879;14,826;5.9;839;15,134;5.5;790;15,382;5.1;;991;14,482;6.8;1,003;14,826;6.8;976;15,134;6.4;937;15,382;6.1;;897;14,482;6.2;968;14,826;6.5;991;15,134;6.5;962;15,382;6.3;;916;14,482;6.3;859;14,826;5.8;934;15,134;6.2;949;15,382;6.2;;965;14,482;6.7;932;14,826;6.3;876;15,134;5.8;941;15,382;6.1;;1,058;14,482;7.3;981;14,826;6.6;952;15,134;6.3;892;15,382;5.8;;969;14,482;6.7;1,031;14,826;7.0;973;15,134;6.4;941;15,382;6.1;;829;14,482;5.7;906;14,826;6.1;971;15,134;6.4;917;15,382;6.0;;798;14,482;5.5;830;14,826;5.6;898;15,134;5.9;955;15,382;6.2;;636;14,482;4.4;790;14,826;5.3;824;15,134;5.4;887;15,382;5.8;;499;14,482;3.4;613;14,826;4.1;751;15,134;5.0;788;15,382;5.1;;396;14,482;2.7;460;14,826;3.1;549;15,134;3.6;686;15,382;4.5;;371;14,482;2.6;349;14,826;2.4;393;15,134;2.6;479;15,382;3.1;;305;14,482;2.1;373;14,826;2.5;393;15,134;2.6;439;15,382;2.9
46450;Port Pirie City and Dists (M);;1,136;18,108;6.3;1,129;18,335;6.2;1,100;18,473;6.0;1,050;18,501;5.7;;1,155;18,108;6.4;1,164;18,335;6.3;1,157;18,473;6.3;1,133;18,501;6.1;;1,416;18,108;7.8;1,239;18,335;6.8;1,249;18,473;6.8;1,239;18,501;6.7;;1,210;18,108;6.7;1,243;18,335;6.8;1,102;18,473;6.0;1,114;18,501;6.0;;893;18,108;4.9;905;18,335;4.9;879;18,473;4.8;788;18,501;4.3;;840;18,108;4.6;891;18,335;4.9;872;18,473;4.7;829;18,501;4.5;;902;18,108;5.0;879;18,335;4.8;908;18,473;4.9;878;18,501;4.7;;1,105;18,108;6.1;943;18,335;5.1;953;18,473;5.2;958;18,501;5.2;;1,246;18,108;6.9;1,211;18,335;6.6;1,051;18,473;5.7;1,076;18,501;5.8;;1,327;18,108;7.3;1,282;18,335;7.0;1,252;18,473;6.8;1,103;18,501;6.0;;1,166;18,108;6.4;1,278;18,335;7.0;1,234;18,473;6.7;1,206;18,501;6.5;;1,144;18,108;6.3;1,143;18,335;6.2;1,230;18,473;6.7;1,191;18,501;6.4;;1,159;18,108;6.4;1,154;18,335;6.3;1,176;18,473;6.4;1,252;18,501;6.8;;975;18,108;5.4;1,115;18,335;6.1;1,135;18,473;6.1;1,149;18,501;6.2;;825;18,108;4.6;942;18,335;5.1;1,100;18,473;6.0;1,119;18,501;6.0;;672;18,108;3.7;767;18,335;4.2;882;18,473;4.8;1,034;18,501;5.6;;520;18,108;2.9;536;18,335;2.9;632;18,473;3.4;736;18,501;4.0;;417;18,108;2.3;514;18,335;2.8;561;18,473;3.0;646;18,501;3.5
46510;Prospect (C);;1,327;21,224;6.3;1,378;22,375;6.2;1,440;23,568;6.1;1,497;24,782;6.0;;1,174;21,224;5.5;1,331;22,375;5.9;1,395;23,568;5.9;1,460;24,782;5.9;;1,176;21,224;5.5;1,230;22,375;5.5;1,369;23,568;5.8;1,440;24,782;5.8;;1,302;21,224;6.1;1,346;22,375;6.0;1,385;23,568;5.9;1,513;24,782;6.1;;1,999;21,224;9.4;2,093;22,375;9.4;2,114;23,568;9.0;2,128;24,782;8.6;;1,892;21,224;8.9;1,985;22,375;8.9;2,067;23,568;8.8;2,066;24,782;8.3;;1,480;21,224;7.0;1,702;22,375;7.6;1,771;23,568;7.5;1,846;24,782;7.4;;1,542;21,224;7.3;1,457;22,375;6.5;1,674;23,568;7.1;1,744;24,782;7.0;;1,525;21,224;7.2;1,503;22,375;6.7;1,453;23,568;6.2;1,656;24,782;6.7;;1,588;21,224;7.5;1,509;22,375;6.7;1,516;23,568;6.4;1,483;24,782;6.0;;1,458;21,224;6.9;1,495;22,375;6.7;1,435;23,568;6.1;1,453;24,782;5.9;;1,166;21,224;5.5;1,302;22,375;5.8;1,343;23,568;5.7;1,294;24,782;5.2;;904;21,224;4.3;1,035;22,375;4.6;1,163;23,568;4.9;1,208;24,782;4.9;;640;21,224;3.0;842;22,375;3.8;956;23,568;4.1;1,072;24,782;4.3;;556;21,224;2.6;619;22,375;2.8;820;23,568;3.5;930;24,782;3.8;;532;21,224;2.5;535;22,375;2.4;611;23,568;2.6;814;24,782;3.3;;465;21,224;2.2;460;22,375;2.1;475;23,568;2.0;555;24,782;2.2;;498;21,224;2.3;553;22,375;2.5;581;23,568;2.5;623;24,782;2.5
46670;Renmark Paringa (DC);;599;9,924;6.0;596;10,000;6.0;566;10,013;5.7;554;9,980;5.6;;651;9,924;6.6;612;10,000;6.1;601;10,013;6.0;582;9,980;5.8;;678;9,924;6.8;651;10,000;6.5;623;10,013;6.2;609;9,980;6.1;;689;9,924;6.9;606;10,000;6.1;571;10,013;5.7;554;9,980;5.6;;523;9,924;5.3;511;10,000;5.1;461;10,013;4.6;420;9,980;4.2;;528;9,924;5.3;541;10,000;5.4;519;10,013;5.2;478;9,980;4.8;;483;9,924;4.9;505;10,000;5.1;506;10,013;5.1;490;9,980;4.9;;706;9,924;7.1;552;10,000;5.5;585;10,013;5.8;583;9,980;5.8;;680;9,924;6.9;713;10,000;7.1;588;10,013;5.9;614;9,980;6.2;;721;9,924;7.3;675;10,000;6.8;678;10,013;6.8;576;9,980;5.8;;728;9,924;7.3;725;10,000;7.3;674;10,013;6.7;667;9,980;6.7;;698;9,924;7.0;746;10,000;7.5;741;10,013;7.4;695;9,980;7.0;;609;9,924;6.1;671;10,000;6.7;715;10,013;7.1;715;9,980;7.2;;472;9,924;4.8;590;10,000;5.9;655;10,013;6.5;691;9,980;6.9;;386;9,924;3.9;430;10,000;4.3;545;10,013;5.4;597;9,980;6.0;;313;9,924;3.2;342;10,000;3.4;386;10,013;3.9;483;9,980;4.8;;248;9,924;2.5;253;10,000;2.5;288;10,013;2.9;324;9,980;3.2;;212;9,924;2.1;281;10,000;2.8;311;10,013;3.1;348;9,980;3.5
46860;Robe (DC);;81;1,471;5.5;80;1,538;5.2;82;1,606;5.1;82;1,666;4.9;;70;1,471;4.8;67;1,538;4.4;65;1,606;4.0;66;1,666;4.0;;91;1,471;6.2;72;1,538;4.7;68;1,606;4.2;67;1,666;4.0;;68;1,471;4.6;66;1,538;4.3;53;1,606;3.3;53;1,666;3.2;;76;1,471;5.2;77;1,538;5.0;68;1,606;4.2;67;1,666;4.0;;81;1,471;5.5;84;1,538;5.5;81;1,606;5.0;77;1,666;4.6;;67;1,471;4.6;78;1,538;5.1;80;1,606;5.0;81;1,666;4.9;;95;1,471;6.5;71;1,538;4.6;82;1,606;5.1;82;1,666;4.9;;112;1,471;7.6;118;1,538;7.7;98;1,606;6.1;105;1,666;6.3;;117;1,471;8.0;143;1,538;9.3;150;1,606;9.3;126;1,666;7.6;;120;1,471;8.2;139;1,538;9.0;157;1,606;9.8;160;1,666;9.6;;109;1,471;7.4;124;1,538;8.1;138;1,606;8.6;146;1,666;8.8;;106;1,471;7.2;125;1,538;8.1;139;1,606;8.7;147;1,666;8.8;;103;1,471;7.0;107;1,538;7.0;120;1,606;7.5;137;1,666;8.2;;57;1,471;3.9;79;1,538;5.1;90;1,606;5.6;98;1,666;5.9;;47;1,471;3.2;41;1,538;2.7;63;1,606;3.9;78;1,666;4.7;;48;1,471;3.3;36;1,538;2.3;39;1,606;2.4;55;1,666;3.3;;23;1,471;1.6;31;1,538;2.0;33;1,606;2.1;39;1,666;2.3
46970;Roxby Downs (M);;392;4,687;8.4;453;5,391;8.4;529;6,180;8.6;599;7,042;8.5;;413;4,687;8.8;431;5,391;8.0;495;6,180;8.0;567;7,042;8.1;;329;4,687;7.0;344;5,391;6.4;394;6,180;6.4;451;7,042;6.4;;183;4,687;3.9;189;5,391;3.5;198;6,180;3.2;231;7,042;3.3;;394;4,687;8.4;425;5,391;7.9;466;6,180;7.5;511;7,042;7.3;;596;4,687;12.7;720;5,391;13.4;803;6,180;13.0;889;7,042;12.6;;531;4,687;11.3;672;5,391;12.5;790;6,180;12.8;889;7,042;12.6;;479;4,687;10.2;499;5,391;9.3;613;6,180;9.9;716;7,042;10.2;;410;4,687;8.7;444;5,391;8.2;459;6,180;7.4;570;7,042;8.1;;377;4,687;8.0;415;5,391;7.7;465;6,180;7.5;484;7,042;6.9;;295;4,687;6.3;358;5,391;6.6;394;6,180;6.4;444;7,042;6.3;;168;4,687;3.6;231;5,391;4.3;267;6,180;4.3;297;7,042;4.2;;85;4,687;1.8;134;5,391;2.5;180;6,180;2.9;217;7,042;3.1;;19;4,687;0.4;40;5,391;0.7;69;6,180;1.1;91;7,042;1.3;;9;4,687;0.2;11;5,391;0.2;21;6,180;0.3;35;7,042;0.5;;3;4,687;0.1;9;5,391;0.2;9;6,180;0.1;17;7,042;0.2;;0;4,687;0.0;7;5,391;0.1;15;6,180;0.2;15;7,042;0.2;;4;4,687;0.1;9;5,391;0.2;13;6,180;0.2;19;7,042;0.3
47140;Salisbury (C);;9,432;132,558;7.1;10,310;143,704;7.2;10,950;154,917;7.1;11,440;165,972;6.9;;8,376;132,558;6.3;9,551;143,704;6.6;10,321;154,917;6.7;10,932;165,972;6.6;;8,524;132,558;6.4;8,499;143,704;5.9;9,586;154,917;6.2;10,296;165,972;6.2;;9,372;132,558;7.1;9,300;143,704;6.5;9,369;154,917;6.0;10,403;165,972;6.3;;9,887;132,558;7.5;10,402;143,704;7.2;10,413;154,917;6.7;10,469;165,972;6.3;;10,717;132,558;8.1;11,118;143,704;7.7;11,777;154,917;7.6;11,932;165,972;7.2;;9,550;132,558;7.2;11,415;143,704;7.9;12,007;154,917;7.8;12,744;165,972;7.7;;9,703;132,558;7.3;9,951;143,704;6.9;11,708;154,917;7.6;12,358;165,972;7.4;;9,202;132,558;6.9;9,739;143,704;6.8;9,918;154,917;6.4;11,557;165,972;7.0;;9,263;132,558;7.0;9,137;143,704;6.4;9,645;154,917;6.2;9,788;165,972;5.9;;8,247;132,558;6.2;9,057;143,704;6.3;8,970;154,917;5.8;9,480;165,972;5.7;;7,505;132,558;5.7;8,040;143,704;5.6;8,726;154,917;5.6;8,620;165,972;5.2;;7,048;132,558;5.3;7,338;143,704;5.1;7,916;154,917;5.1;8,551;165,972;5.2;;5,055;132,558;3.8;6,797;143,704;4.7;7,142;154,917;4.6;7,758;165,972;4.7;;3,923;132,558;3.0;4,784;143,704;3.3;6,443;154,917;4.2;6,828;165,972;4.1;;2,929;132,558;2.2;3,545;143,704;2.5;4,327;154,917;2.8;5,845;165,972;3.5;;2,146;132,558;1.6;2,440;143,704;1.7;2,956;154,917;1.9;3,653;165,972;2.2;;1,679;132,558;1.3;2,281;143,704;1.6;2,743;154,917;1.8;3,318;165,972;2.0
47290;Southern Mallee (DC);;152;2,213;6.9;153;2,194;7.0;150;2,182;6.9;143;2,152;6.6;;140;2,213;6.3;138;2,194;6.3;137;2,182;6.3;133;2,152;6.2;;153;2,213;6.9;138;2,194;6.3;134;2,182;6.1;137;2,152;6.4;;136;2,213;6.1;107;2,194;4.9;97;2,182;4.4;93;2,152;4.3;;119;2,213;5.4;115;2,194;5.2;101;2,182;4.6;100;2,152;4.6;;119;2,213;5.4;131;2,194;6.0;121;2,182;5.5;104;2,152;4.8;;110;2,213;5.0;120;2,194;5.5;134;2,182;6.1;120;2,152;5.6;;124;2,213;5.6;108;2,194;4.9;114;2,182;5.2;121;2,152;5.6;;156;2,213;7.0;128;2,194;5.8;112;2,182;5.1;116;2,152;5.4;;173;2,213;7.8;163;2,194;7.4;141;2,182;6.5;121;2,152;5.6;;163;2,213;7.4;178;2,194;8.1;165;2,182;7.6;149;2,152;6.9;;140;2,213;6.3;155;2,194;7.1;165;2,182;7.6;154;2,152;7.2;;164;2,213;7.4;141;2,194;6.4;159;2,182;7.3;165;2,152;7.7;;106;2,213;4.8;147;2,194;6.7;125;2,182;5.7;145;2,152;6.7;;79;2,213;3.6;91;2,194;4.1;128;2,182;5.9;110;2,152;5.1;;65;2,213;2.9;66;2,194;3.0;79;2,182;3.6;105;2,152;4.9;;48;2,213;2.2;48;2,194;2.2;51;2,182;2.3;62;2,152;2.9;;66;2,213;3.0;67;2,194;3.1;69;2,182;3.2;74;2,152;3.4
47490;Streaky Bay (DC);;158;2,226;7.1;155;2,360;6.6;158;2,504;6.3;156;2,634;5.9;;145;2,226;6.5;162;2,360;6.9;159;2,504;6.3;159;2,634;6.0;;158;2,226;7.1;139;2,360;5.9;153;2,504;6.1;150;2,634;5.7;;111;2,226;5.0;106;2,360;4.5;99;2,504;4.0;108;2,634;4.1;;82;2,226;3.7;76;2,360;3.2;76;2,504;3.0;71;2,634;2.7;;99;2,226;4.4;104;2,360;4.4;98;2,504;3.9;93;2,634;3.5;;136;2,226;6.1;135;2,360;5.7;138;2,504;5.5;137;2,634;5.2;;160;2,226;7.2;163;2,360;6.9;166;2,504;6.6;173;2,634;6.6;;147;2,226;6.6;158;2,360;6.7;153;2,504;6.1;161;2,634;6.1;;165;2,226;7.4;164;2,360;6.9;171;2,504;6.8;170;2,634;6.5;;208;2,226;9.3;189;2,360;8.0;186;2,504;7.4;191;2,634;7.3;;204;2,226;9.2;249;2,360;10.6;232;2,504;9.3;229;2,634;8.7;;129;2,226;5.8;201;2,360;8.5;236;2,504;9.4;225;2,634;8.5;;113;2,226;5.1;122;2,360;5.2;190;2,504;7.6;224;2,634;8.5;;71;2,226;3.2;100;2,360;4.2;109;2,504;4.4;172;2,634;6.5;;43;2,226;1.9;57;2,360;2.4;87;2,504;3.5;89;2,634;3.4;;46;2,226;2.1;30;2,360;1.3;49;2,504;2.0;74;2,634;2.8;;51;2,226;2.3;50;2,360;2.1;44;2,504;1.8;52;2,634;2.0
47630;Tatiara (DC);;423;7,111;5.9;433;7,140;6.1;424;7,151;5.9;408;7,130;5.7;;443;7,111;6.2;408;7,140;5.7;416;7,151;5.8;405;7,130;5.7;;612;7,111;8.6;484;7,140;6.8;454;7,151;6.3;444;7,130;6.2;;429;7,111;6.0;432;7,140;6.1;349;7,151;4.9;338;7,130;4.7;;364;7,111;5.1;356;7,140;5.0;336;7,151;4.7;293;7,130;4.1;;461;7,111;6.5;464;7,140;6.5;449;7,151;6.3;410;7,130;5.8;;413;7,111;5.8;453;7,140;6.3;459;7,151;6.4;445;7,130;6.2;;503;7,111;7.1;446;7,140;6.2;475;7,151;6.6;466;7,130;6.5;;572;7,111;8.0;528;7,140;7.4;463;7,151;6.5;487;7,130;6.8;;551;7,111;7.7;568;7,140;8.0;533;7,151;7.5;480;7,130;6.7;;480;7,111;6.8;525;7,140;7.4;531;7,151;7.4;501;7,130;7.0;;455;7,111;6.4;461;7,140;6.5;505;7,151;7.1;503;7,130;7.1;;412;7,111;5.8;425;7,140;6.0;431;7,151;6.0;462;7,130;6.5;;286;7,111;4.0;396;7,140;5.5;412;7,151;5.8;418;7,130;5.9;;230;7,111;3.2;246;7,140;3.4;354;7,151;5.0;373;7,130;5.2;;191;7,111;2.7;202;7,140;2.8;220;7,151;3.1;318;7,130;4.5;;146;7,111;2.1;148;7,140;2.1;164;7,151;2.3;184;7,130;2.6;;140;7,111;2.0;165;7,140;2.3;176;7,151;2.5;195;7,130;2.7
47700;Tea Tree Gully (C);;5,881;99,970;5.9;5,935;100,926;5.9;5,882;101,586;5.8;5,737;101,848;5.6;;5,795;99,970;5.8;5,977;100,926;5.9;6,014;101,586;5.9;5,948;101,848;5.8;;6,435;99,970;6.4;5,928;100,926;5.9;6,107;101,586;6.0;6,139;101,848;6.0;;7,159;99,970;7.2;6,741;100,926;6.7;6,280;101,586;6.2;6,439;101,848;6.3;;6,711;99,970;6.7;6,638;100,926;6.6;6,224;101,586;6.1;5,828;101,848;5.7;;6,692;99,970;6.7;6,517;100,926;6.5;6,423;101,586;6.3;6,026;101,848;5.9;;6,096;99,970;6.1;6,755;100,926;6.7;6,613;101,586;6.5;6,508;101,848;6.4;;7,038;99,970;7.0;6,413;100,926;6.4;7,007;101,586;6.9;6,894;101,848;6.8;;7,199;99,970;7.2;7,011;100,926;6.9;6,469;101,586;6.4;7,028;101,848;6.9;;7,267;99,970;7.3;6,731;100,926;6.7;6,578;101,586;6.5;6,098;101,848;6.0;;7,052;99,970;7.1;6,859;100,926;6.8;6,342;101,586;6.2;6,222;101,848;6.1;;6,746;99,970;6.7;6,583;100,926;6.5;6,414;101,586;6.3;5,925;101,848;5.8;;6,284;99,970;6.3;6,188;100,926;6.1;6,097;101,586;6.0;5,941;101,848;5.8;;4,651;99,970;4.7;5,780;100,926;5.7;5,702;101,586;5.6;5,653;101,848;5.6;;3,276;99,970;3.3;4,231;100,926;4.2;5,355;101,586;5.3;5,287;101,848;5.2;;2,387;99,970;2.4;2,827;100,926;2.8;3,664;101,586;3.6;4,710;101,848;4.6;;1,831;99,970;1.8;1,911;100,926;1.9;2,262;101,586;2.2;2,949;101,848;2.9;;1,470;99,970;1.5;1,901;100,926;1.9;2,153;101,586;2.1;2,516;101,848;2.5
47800;The Coorong (DC);;339;5,848;5.8;331;5,773;5.7;313;5,663;5.5;296;5,510;5.4;;394;5,848;6.7;357;5,773;6.2;343;5,663;6.1;321;5,510;5.8;;436;5,848;7.5;395;5,773;6.8;366;5,663;6.5;358;5,510;6.5;;326;5,848;5.6;310;5,773;5.4;274;5,663;4.8;266;5,510;4.8;;265;5,848;4.5;226;5,773;3.9;208;5,663;3.7;177;5,510;3.2;;305;5,848;5.2;302;5,773;5.2;275;5,663;4.9;243;5,510;4.4;;306;5,848;5.2;336;5,773;5.8;338;5,663;6.0;309;5,510;5.6;;375;5,848;6.4;308;5,773;5.3;332;5,663;5.9;325;5,510;5.9;;373;5,848;6.4;365;5,773;6.3;298;5,663;5.3;316;5,510;5.7;;431;5,848;7.4;361;5,773;6.3;350;5,663;6.2;286;5,510;5.2;;416;5,848;7.1;429;5,773;7.4;371;5,663;6.6;351;5,510;6.4;;403;5,848;6.9;409;5,773;7.1;414;5,663;7.3;370;5,510;6.7;;440;5,848;7.5;405;5,773;7.0;407;5,663;7.2;405;5,510;7.4;;362;5,848;6.2;416;5,773;7.2;382;5,663;6.7;390;5,510;7.1;;246;5,848;4.2;318;5,773;5.5;381;5,663;6.7;348;5,510;6.3;;187;5,848;3.2;220;5,773;3.8;280;5,663;4.9;345;5,510;6.3;;139;5,848;2.4;149;5,773;2.6;176;5,663;3.1;219;5,510;4.0;;105;5,848;1.8;136;5,773;2.4;155;5,663;2.7;185;5,510;3.4
47910;Tumby Bay (DC);;145;2,710;5.4;145;2,776;5.2;141;2,828;5.0;137;2,868;4.8;;137;2,710;5.1;144;2,776;5.2;142;2,828;5.0;136;2,868;4.7;;159;2,710;5.9;140;2,776;5.0;146;2,828;5.2;144;2,868;5.0;;118;2,710;4.4;99;2,776;3.6;87;2,828;3.1;92;2,868;3.2;;102;2,710;3.8;85;2,776;3.1;76;2,828;2.7;74;2,868;2.6;;117;2,710;4.3;114;2,776;4.1;102;2,828;3.6;94;2,868;3.3;;90;2,710;3.3;109;2,776;3.9;112;2,828;4.0;100;2,868;3.5;;127;2,710;4.7;104;2,776;3.7;117;2,828;4.1;117;2,868;4.1;;181;2,710;6.7;169;2,776;6.1;144;2,828;5.1;155;2,868;5.4;;207;2,710;7.6;195;2,776;7.0;183;2,828;6.5;162;2,868;5.6;;232;2,710;8.6;226;2,776;8.1;216;2,828;7.6;202;2,868;7.0;;245;2,710;9.0;260;2,776;9.4;257;2,828;9.1;243;2,868;8.5;;208;2,710;7.7;254;2,776;9.1;271;2,828;9.6;266;2,868;9.3;;217;2,710;8.0;215;2,776;7.7;255;2,828;9.0;273;2,868;9.5;;157;2,710;5.8;210;2,776;7.6;212;2,828;7.5;249;2,868;8.7;;125;2,710;4.6;141;2,776;5.1;185;2,828;6.5;196;2,868;6.8;;68;2,710;2.5;91;2,776;3.3;98;2,828;3.5;135;2,868;4.7;;75;2,710;2.8;75;2,776;2.7;84;2,828;3.0;93;2,868;3.2
47980;Unley (C);;2,127;38,579;5.5;2,190;39,887;5.5;2,224;41,262;5.4;2,235;42,577;5.2;;2,024;38,579;5.2;2,139;39,887;5.4;2,202;41,262;5.3;2,230;42,577;5.2;;1,865;38,579;4.8;1,894;39,887;4.7;2,005;41,262;4.9;2,062;42,577;4.8;;2,462;38,579;6.4;2,433;39,887;6.1;2,423;41,262;5.9;2,547;42,577;6.0;;3,270;38,579;8.5;3,358;39,887;8.4;3,299;41,262;8.0;3,235;42,577;7.6;;2,968;38,579;7.7;2,999;39,887;7.5;3,053;41,262;7.4;2,974;42,577;7.0;;2,585;38,579;6.7;2,851;39,887;7.1;2,886;41,262;7.0;2,930;42,577;6.9;;2,595;38,579;6.7;2,507;39,887;6.3;2,784;41,262;6.7;2,824;42,577;6.6;;2,652;38,579;6.9;2,561;39,887;6.4;2,471;41,262;6.0;2,740;42,577;6.4;;2,673;38,579;6.9;2,572;39,887;6.4;2,526;41,262;6.1;2,450;42,577;5.8;;2,765;38,579;7.2;2,732;39,887;6.8;2,629;41,262;6.4;2,608;42,577;6.1;;2,567;38,579;6.7;2,663;39,887;6.7;2,662;41,262;6.5;2,573;42,577;6.0;;2,179;38,579;5.6;2,377;39,887;6.0;2,498;41,262;6.1;2,522;42,577;5.9;;1,431;38,579;3.7;1,998;39,887;5.0;2,186;41,262;5.3;2,304;42,577;5.4;;1,043;38,579;2.7;1,296;39,887;3.2;1,834;41,262;4.4;2,001;42,577;4.7;;956;38,579;2.5;975;39,887;2.4;1,208;41,262;2.9;1,707;42,577;4.0;;992;38,579;2.6;897;39,887;2.2;945;41,262;2.3;1,154;42,577;2.7;;1,425;38,579;3.7;1,445;39,887;3.6;1,427;41,262;3.5;1,481;42,577;3.5
48050;Victor Harbor (C);;548;13,717;4.0;570;15,046;3.8;587;16,280;3.6;586;17,408;3.4;;602;13,717;4.4;628;15,046;4.2;659;16,280;4.0;672;17,408;3.9;;692;13,717;5.0;688;15,046;4.6;716;16,280;4.4;748;17,408;4.3;;605;13,717;4.4;633;15,046;4.2;619;16,280;3.8;644;17,408;3.7;;477;13,717;3.5;462;15,046;3.1;450;16,280;2.8;433;17,408;2.5;;464;13,717;3.4;519;15,046;3.4;514;16,280;3.2;498;17,408;2.9;;503;13,717;3.7;526;15,046;3.5;566;16,280;3.5;562;17,408;3.2;;592;13,717;4.3;593;15,046;3.9;633;16,280;3.9;666;17,408;3.8;;664;13,717;4.8;703;15,046;4.7;689;16,280;4.2;744;17,408;4.3;;829;13,717;6.0;790;15,046;5.3;825;16,280;5.1;804;17,408;4.6;;823;13,717;6.0;925;15,046;6.1;892;16,280;5.5;924;17,408;5.3;;1,118;13,717;8.2;1,175;15,046;7.8;1,280;16,280;7.9;1,245;17,408;7.2;;1,338;13,717;9.8;1,508;15,046;10.0;1,590;16,280;9.8;1,707;17,408;9.8;;1,193;13,717;8.7;1,568;15,046;10.4;1,729;16,280;10.6;1,853;17,408;10.6;;1,032;13,717;7.5;1,214;15,046;8.1;1,579;16,280;9.7;1,739;17,408;10.0;;853;13,717;6.2;957;15,046;6.4;1,148;16,280;7.1;1,479;17,408;8.5;;750;13,717;5.5;753;15,046;5.0;869;16,280;5.3;1,031;17,408;5.9;;634;13,717;4.6;834;15,046;5.5;935;16,280;5.7;1,073;17,408;6.2
48130;Wakefield (DC);;393;6,714;5.9;392;6,789;5.8;387;6,861;5.6;380;6,909;5.5;;452;6,714;6.7;436;6,789;6.4;430;6,861;6.3;428;6,909;6.2;;475;6,714;7.1;462;6,789;6.8;457;6,861;6.7;447;6,909;6.5;;430;6,714;6.4;395;6,789;5.8;378;6,861;5.5;376;6,909;5.4;;337;6,714;5.0;323;6,789;4.8;300;6,861;4.4;273;6,909;4.0;;309;6,714;4.6;331;6,789;4.9;324;6,861;4.7;305;6,909;4.4;;329;6,714;4.9;341;6,789;5.0;355;6,861;5.2;346;6,909;5.0;;410;6,714;6.1;374;6,789;5.5;388;6,861;5.7;396;6,909;5.7;;455;6,714;6.8;439;6,789;6.5;398;6,861;5.8;419;6,909;6.1;;512;6,714;7.6;472;6,789;7.0;456;6,861;6.6;423;6,909;6.1;;530;6,714;7.9;562;6,789;8.3;523;6,861;7.6;510;6,909;7.4;;511;6,714;7.6;519;6,789;7.6;548;6,861;8.0;512;6,909;7.4;;443;6,714;6.6;466;6,789;6.9;476;6,861;6.9;507;6,909;7.3;;337;6,714;5.0;413;6,789;6.1;439;6,861;6.4;448;6,909;6.5;;218;6,714;3.2;288;6,789;4.2;365;6,861;5.3;384;6,909;5.6;;209;6,714;3.1;193;6,789;2.8;253;6,861;3.7;321;6,909;4.6;;181;6,714;2.7;178;6,789;2.6;168;6,861;2.4;216;6,909;3.1;;183;6,714;2.7;205;6,789;3.0;216;6,861;3.1;218;6,909;3.2
48260;Walkerville (M);;320;7,316;4.4;331;7,505;4.4;349;7,706;4.5;348;7,900;4.4;;358;7,316;4.9;393;7,505;5.2;407;7,706;5.3;419;7,900;5.3;;394;7,316;5.4;382;7,505;5.1;406;7,706;5.3;420;7,900;5.3;;471;7,316;6.4;480;7,505;6.4;462;7,706;6.0;493;7,900;6.2;;533;7,316;7.3;527;7,505;7.0;516;7,706;6.7;504;7,900;6.4;;418;7,316;5.7;433;7,505;5.8;434;7,706;5.6;416;7,900;5.3;;332;7,316;4.5;382;7,505;5.1;386;7,706;5.0;387;7,900;4.9;;432;7,316;5.9;406;7,505;5.4;449;7,706;5.8;454;7,900;5.7;;435;7,316;5.9;461;7,505;6.1;438;7,706;5.7;475;7,900;6.0;;549;7,316;7.5;501;7,505;6.7;522;7,706;6.8;497;7,900;6.3;;533;7,316;7.3;547;7,505;7.3;510;7,706;6.6;524;7,900;6.6;;498;7,316;6.8;512;7,505;6.8;523;7,706;6.8;499;7,900;6.3;;528;7,316;7.2;482;7,505;6.4;499;7,706;6.5;507;7,900;6.4;;376;7,316;5.1;489;7,505;6.5;466;7,706;6.0;487;7,900;6.2;;299;7,316;4.1;349;7,505;4.7;456;7,706;5.9;443;7,900;5.6;;300;7,316;4.1;283;7,505;3.8;334;7,706;4.3;435;7,900;5.5;;250;7,316;3.4;231;7,505;3.1;230;7,706;3.0;268;7,900;3.4;;290;7,316;4.0;316;7,505;4.2;319;7,706;4.1;324;7,900;4.1
48340;Wattle Range (DC);;861;12,462;6.9;843;12,534;6.7;813;12,548;6.5;762;12,484;6.1;;844;12,462;6.8;871;12,534;6.9;854;12,548;6.8;830;12,484;6.6;;885;12,462;7.1;841;12,534;6.7;865;12,548;6.9;842;12,484;6.7;;710;12,462;5.7;659;12,534;5.3;625;12,548;5.0;633;12,484;5.1;;558;12,462;4.5;514;12,534;4.1;458;12,548;3.6;436;12,484;3.5;;693;12,462;5.6;690;12,534;5.5;650;12,548;5.2;595;12,484;4.8;;726;12,462;5.8;715;12,534;5.7;706;12,548;5.6;676;12,484;5.4;;820;12,462;6.6;762;12,534;6.1;772;12,548;6.2;756;12,484;6.1;;1,024;12,462;8.2;887;12,534;7.1;818;12,548;6.5;840;12,484;6.7;;907;12,462;7.3;994;12,534;7.9;870;12,548;6.9;806;12,484;6.5;;907;12,462;7.3;877;12,534;7.0;947;12,548;7.5;836;12,484;6.7;;846;12,462;6.8;851;12,534;6.8;830;12,548;6.6;878;12,484;7.0;;705;12,462;5.7;792;12,534;6.3;793;12,548;6.3;774;12,484;6.2;;609;12,462;4.9;684;12,534;5.5;768;12,548;6.1;779;12,484;6.2;;480;12,462;3.9;559;12,534;4.5;647;12,548;5.2;718;12,484;5.8;;348;12,462;2.8;417;12,534;3.3;501;12,548;4.0;582;12,484;4.7;;293;12,462;2.4;283;12,534;2.3;322;12,548;2.6;398;12,484;3.2;;246;12,462;2.0;295;12,534;2.4;309;12,548;2.5;343;12,484;2.7
48410;West Torrens (C);;3,027;55,997;5.4;3,141;58,169;5.4;3,238;60,386;5.4;3,305;62,624;5.3;;2,515;55,997;4.5;2,820;58,169;4.8;2,931;60,386;4.9;3,026;62,624;4.8;;2,590;55,997;4.6;2,500;58,169;4.3;2,758;60,386;4.6;2,866;62,624;4.6;;3,021;55,997;5.4;3,041;58,169;5.2;2,976;60,386;4.9;3,224;62,624;5.1;;4,985;55,997;8.9;5,132;58,169;8.8;5,119;60,386;8.5;5,075;62,624;8.1;;4,892;55,997;8.7;5,049;58,169;8.7;5,193;60,386;8.6;5,137;62,624;8.2;;4,088;55,997;7.3;4,599;58,169;7.9;4,730;60,386;7.8;4,861;62,624;7.8;;3,977;55,997;7.1;3,824;58,169;6.6;4,320;60,386;7.2;4,442;62,624;7.1;;3,881;55,997;6.9;3,895;58,169;6.7;3,777;60,386;6.3;4,253;62,624;6.8;;3,689;55,997;6.6;3,716;58,169;6.4;3,768;60,386;6.2;3,661;62,624;5.8;;3,362;55,997;6.0;3,530;58,169;6.1;3,522;60,386;5.8;3,586;62,624;5.7;;2,802;55,997;5.0;3,156;58,169;5.4;3,299;60,386;5.5;3,277;62,624;5.2;;2,646;55,997;4.7;2,704;58,169;4.6;3,011;60,386;5.0;3,151;62,624;5.0;;2,291;55,997;4.1;2,608;58,169;4.5;2,673;60,386;4.4;2,969;62,624;4.7;;2,168;55,997;3.9;2,232;58,169;3.8;2,605;60,386;4.3;2,678;62,624;4.3;;2,093;55,997;3.7;2,028;58,169;3.5;2,154;60,386;3.6;2,550;62,624;4.1;;1,955;55,997;3.5;1,812;58,169;3.1;1,819;60,386;3.0;1,974;62,624;3.2;;2,015;55,997;3.6;2,382;58,169;4.1;2,493;60,386;4.1;2,589;62,624;4.1
48540;Whyalla (C);;1,588;23,129;6.9;1,590;23,550;6.8;1,554;23,865;6.5;1,520;24,071;6.3;;1,590;23,129;6.9;1,637;23,550;7.0;1,634;23,865;6.8;1,605;24,071;6.7;;1,622;23,129;7.0;1,559;23,550;6.6;1,608;23,865;6.7;1,609;24,071;6.7;;1,499;23,129;6.5;1,396;23,550;5.9;1,333;23,865;5.6;1,376;24,071;5.7;;1,588;23,129;6.9;1,444;23,550;6.1;1,353;23,865;5.7;1,284;24,071;5.3;;1,492;23,129;6.5;1,611;23,550;6.8;1,513;23,865;6.3;1,427;24,071;5.9;;1,294;23,129;5.6;1,435;23,550;6.1;1,526;23,865;6.4;1,445;24,071;6.0;;1,678;23,129;7.3;1,392;23,550;5.9;1,527;23,865;6.4;1,611;24,071;6.7;;1,713;23,129;7.4;1,719;23,550;7.3;1,449;23,865;6.1;1,589;24,071;6.6;;1,771;23,129;7.7;1,708;23,550;7.3;1,706;23,865;7.1;1,467;24,071;6.1;;1,507;23,129;6.5;1,721;23,550;7.3;1,664;23,865;7.0;1,655;24,071;6.9;;1,244;23,129;5.4;1,419;23,550;6.0;1,601;23,865;6.7;1,540;24,071;6.4;;1,284;23,129;5.6;1,200;23,550;5.1;1,345;23,865;5.6;1,502;24,071;6.2;;1,028;23,129;4.4;1,188;23,550;5.0;1,129;23,865;4.7;1,260;24,071;5.2;;862;23,129;3.7;944;23,550;4.0;1,104;23,865;4.6;1,056;24,071;4.4;;618;23,129;2.7;726;23,550;3.1;803;23,865;3.4;955;24,071;4.0;;445;23,129;1.9;475;23,550;2.0;576;23,865;2.4;640;24,071;2.7;;306;23,129;1.3;386;23,550;1.6;440;23,865;1.8;530;24,071;2.2
48750;Yankalilla (DC);;189;4,721;4.0;201;5,181;3.9;204;5,617;3.6;203;6,021;3.4;;215;4,721;4.6;224;5,181;4.3;240;5,617;4.3;242;6,021;4.0;;276;4,721;5.8;248;5,181;4.8;260;5,617;4.6;276;6,021;4.6;;254;4,721;5.4;245;5,181;4.7;225;5,617;4.0;237;6,021;3.9;;172;4,721;3.6;174;5,181;3.4;169;5,617;3.0;154;6,021;2.6;;131;4,721;2.8;158;5,181;3.0;162;5,617;2.9;159;6,021;2.6;;162;4,721;3.4;168;5,181;3.2;193;5,617;3.4;199;6,021;3.3;;259;4,721;5.5;236;5,181;4.6;250;5,617;4.5;270;6,021;4.5;;301;4,721;6.4;316;5,181;6.1;293;5,617;5.2;309;6,021;5.1;;382;4,721;8.1;374;5,181;7.2;387;5,617;6.9;367;6,021;6.1;;381;4,721;8.1;436;5,181;8.4;423;5,617;7.5;444;6,021;7.4;;445;4,721;9.4;496;5,181;9.6;548;5,617;9.8;537;6,021;8.9;;426;4,721;9.0;509;5,181;9.8;561;5,617;10.0;603;6,021;10.0;;408;4,721;8.6;499;5,181;9.6;574;5,617;10.2;633;6,021;10.5;;289;4,721;6.1;374;5,181;7.2;463;5,617;8.2;531;6,021;8.8;;159;4,721;3.4;221;5,181;4.3;290;5,617;5.2;372;6,021;6.2;;134;4,721;2.8;121;5,181;2.3;176;5,617;3.1;235;6,021;3.9;;138;4,721;2.9;181;5,181;3.5;199;5,617;3.5;250;6,021;4.2
48830;Yorke Peninsula (DC);;494;11,625;4.2;484;11,636;4.2;463;11,581;4.0;422;11,456;3.7;;544;11,625;4.7;515;11,636;4.4;503;11,581;4.3;480;11,456;4.2;;728;11,625;6.3;584;11,636;5.0;556;11,581;4.8;540;11,456;4.7;;543;11,625;4.7;498;11,636;4.3;384;11,581;3.3;373;11,456;3.3;;361;11,625;3.1;322;11,636;2.8;291;11,581;2.5;243;11,456;2.1;;442;11,625;3.8;440;11,636;3.8;410;11,581;3.5;375;11,456;3.3;;398;11,625;3.4;441;11,636;3.8;441;11,581;3.8;404;11,456;3.5;;454;11,625;3.9;393;11,636;3.4;420;11,581;3.6;414;11,456;3.6;;674;11,625;5.8;540;11,636;4.6;476;11,581;4.1;491;11,456;4.3;;875;11,625;7.5;800;11,636;6.9;676;11,581;5.8;603;11,456;5.3;;937;11,625;8.1;976;11,636;8.4;900;11,581;7.8;778;11,456;6.8;;1,002;11,625;8.6;1,084;11,636;9.3;1,104;11,581;9.5;1,014;11,456;8.9;;1,077;11,625;9.3;1,088;11,636;9.4;1,155;11,581;10.0;1,156;11,456;10.1;;994;11,625;8.6;1,087;11,636;9.3;1,097;11,581;9.5;1,154;11,456;10.1;;757;11,625;6.5;890;11,636;7.6;998;11,581;8.6;1,023;11,456;8.9;;564;11,625;4.9;633;11,636;5.4;752;11,581;6.5;871;11,456;7.6;;425;11,625;3.7;416;11,636;3.6;480;11,581;4.1;581;11,456;5.1;;356;11,625;3.1;445;11,636;3.8;475;11,581;4.1;534;11,456;4.7
49399;Unincorporated SA;;285;3,956;7.2;263;3,845;6.8;258;3,719;6.9;247;3,575;6.9;;239;3,956;6.0;250;3,845;6.5;241;3,719;6.5;229;3,575;6.4;;197;3,956;5.0;188;3,845;4.9;186;3,719;5.0;172;3,575;4.8;;178;3,956;4.5;168;3,845;4.4;150;3,719;4.0;146;3,575;4.1;;273;3,956;6.9;229;3,845;6.0;214;3,719;5.8;194;3,575;5.4;;315;3,956;8.0;282;3,845;7.3;250;3,719;6.7;227;3,575;6.3;;268;3,956;6.8;294;3,845;7.6;262;3,719;7.0;239;3,575;6.7;;306;3,956;7.7;263;3,845;6.8;281;3,719;7.6;272;3,575;7.6;;325;3,956;8.2;294;3,845;7.6;264;3,719;7.1;272;3,575;7.6;;359;3,956;9.1;330;3,845;8.6;302;3,719;8.1;275;3,575;7.7;;372;3,956;9.4;357;3,845;9.3;335;3,719;9.0;312;3,575;8.7;;286;3,956;7.2;318;3,845;8.3;302;3,719;8.1;278;3,575;7.8;;240;3,956;6.1;260;3,845;6.8;279;3,719;7.5;265;3,575;7.4;;155;3,956;3.9;174;3,845;4.5;191;3,719;5.1;204;3,575;5.7;;66;3,956;1.7;74;3,845;1.9;93;3,719;2.5;103;3,575;2.9;;49;3,956;1.2;48;3,845;1.2;57;3,719;1.5;68;3,575;1.9;;21;3,956;0.5;32;3,845;0.8;29;3,719;0.8;44;3,575;1.2;;22;3,956;0.6;21;3,845;0.5;25;3,719;0.7;28;3,575;0.8
