INSERT INTO Range VALUES(0, 0, 4);
INSERT INTO Range VALUES(1, 5, 9);
INSERT INTO Range VALUES(2, 10, 14);
INSERT INTO Range VALUES(3, 15, 19);
INSERT INTO Range VALUES(4, 20, 24);
INSERT INTO Range VALUES(5, 25, 29);
INSERT INTO Range VALUES(6, 30, 34);
INSERT INTO Range VALUES(7, 35, 39);
INSERT INTO Range VALUES(8, 40, 44);
INSERT INTO Range VALUES(9, 45, 49);
INSERT INTO Range VALUES(10, 50, 54);
INSERT INTO Range VALUES(11, 55, 59);
INSERT INTO Range VALUES(12, 60, 64);
INSERT INTO Range VALUES(13, 65, 69);
INSERT INTO Range VALUES(14, 70, 74);
INSERT INTO Range VALUES(15, 75, 79);
INSERT INTO Range VALUES(16, 80, 84);
INSERT INTO Range VALUES(17, 85);
INSERT INTO Suburb VALUES(40070, 'Adelaide');
INSERT INTO RangeProj VALUES(0, 0);
INSERT INTO Projection VALUES(0, 2010, 497, 20708, 2.4);
INSERT INTO RangeProj VALUES(0, 1);
INSERT INTO Projection VALUES(1, 2015, 612, 24336, 2.5);
INSERT INTO RangeProj VALUES(0, 2);
INSERT INTO Projection VALUES(2, 2020, 702, 28041, 2.5);
INSERT INTO RangeProj VALUES(0, 3);
INSERT INTO Projection VALUES(3, 2025, 797, 31779, 2.5);
INSERT INTO RangeProj VALUES(0, 4);
INSERT INTO Projection VALUES(4, 2010, 311, 20708, 1.5);
INSERT INTO RangeProj VALUES(0, 5);
INSERT INTO Projection VALUES(5, 2015, 386, 24336, 1.6);
INSERT INTO RangeProj VALUES(0, 6);
INSERT INTO Projection VALUES(6, 2020, 457, 28041, 1.6);
INSERT INTO RangeProj VALUES(0, 7);
INSERT INTO Projection VALUES(7, 2025, 522, 31779, 1.6);
INSERT INTO RangeProj VALUES(0, 8);
INSERT INTO Projection VALUES(8, 2010, 287, 20708, 1.4);
INSERT INTO RangeProj VALUES(0, 9);
INSERT INTO Projection VALUES(9, 2015, 326, 24336, 1.3);
INSERT INTO RangeProj VALUES(0, 10);
INSERT INTO Projection VALUES(10, 2020, 398, 28041, 1.4);
INSERT INTO RangeProj VALUES(0, 11);
INSERT INTO Projection VALUES(11, 2025, 458, 31779, 1.4);
INSERT INTO RangeProj VALUES(0, 12);
INSERT INTO Projection VALUES(12, 2010, 1296, 20708, 6.3);
INSERT INTO RangeProj VALUES(0, 13);
INSERT INTO Projection VALUES(13, 2015, 1431, 24336, 5.9);
INSERT INTO RangeProj VALUES(0, 14);
INSERT INTO Projection VALUES(14, 2020, 1573, 28041, 5.6);
INSERT INTO RangeProj VALUES(0, 15);
INSERT INTO Projection VALUES(15, 2025, 1794, 31779, 5.6);
INSERT INTO RangeProj VALUES(0, 16);
INSERT INTO Projection VALUES(16, 2010, 3761, 20708, 18.2);
INSERT INTO RangeProj VALUES(0, 17);
INSERT INTO Projection VALUES(17, 2015, 4264, 24336, 17.5);
INSERT INTO RangeProj VALUES(0, 18);
INSERT INTO Projection VALUES(18, 2020, 4688, 28041, 16.7);
INSERT INTO RangeProj VALUES(0, 19);
INSERT INTO Projection VALUES(19, 2025, 5093, 31779, 16.0);
INSERT INTO RangeProj VALUES(0, 20);
INSERT INTO Projection VALUES(20, 2010, 3425, 20708, 16.5);
INSERT INTO RangeProj VALUES(0, 21);
INSERT INTO Projection VALUES(21, 2015, 3850, 24336, 15.8);
INSERT INTO RangeProj VALUES(0, 22);
INSERT INTO Projection VALUES(22, 2020, 4375, 28041, 15.6);
INSERT INTO RangeProj VALUES(0, 23);
INSERT INTO Projection VALUES(23, 2025, 4738, 31779, 14.9);
INSERT INTO RangeProj VALUES(0, 24);
INSERT INTO Projection VALUES(24, 2010, 2245, 20708, 10.8);
INSERT INTO RangeProj VALUES(0, 25);
INSERT INTO Projection VALUES(25, 2015, 2978, 24336, 12.2);
INSERT INTO RangeProj VALUES(0, 26);
INSERT INTO Projection VALUES(26, 2020, 3370, 28041, 12.0);
INSERT INTO RangeProj VALUES(0, 27);
INSERT INTO Projection VALUES(27, 2025, 3804, 31779, 12.0);
INSERT INTO RangeProj VALUES(0, 28);
INSERT INTO Projection VALUES(28, 2010, 1486, 20708, 7.2);
INSERT INTO RangeProj VALUES(0, 29);
INSERT INTO Projection VALUES(29, 2015, 1808, 24336, 7.4);
INSERT INTO RangeProj VALUES(0, 30);
INSERT INTO Projection VALUES(30, 2020, 2316, 28041, 8.3);
INSERT INTO RangeProj VALUES(0, 31);
INSERT INTO Projection VALUES(31, 2025, 2617, 31779, 8.2);
INSERT INTO RangeProj VALUES(0, 32);
INSERT INTO Projection VALUES(32, 2010, 1139, 20708, 5.5);
INSERT INTO RangeProj VALUES(0, 33);
INSERT INTO Projection VALUES(33, 2015, 1357, 24336, 5.6);
INSERT INTO RangeProj VALUES(0, 34);
INSERT INTO Projection VALUES(34, 2020, 1539, 28041, 5.5);
INSERT INTO RangeProj VALUES(0, 35);
INSERT INTO Projection VALUES(35, 2025, 1927, 31779, 6.1);
INSERT INTO RangeProj VALUES(0, 36);
INSERT INTO Projection VALUES(36, 2010, 1015, 20708, 4.9);
INSERT INTO RangeProj VALUES(0, 37);
INSERT INTO Projection VALUES(37, 2015, 1128, 24336, 4.6);
INSERT INTO RangeProj VALUES(0, 38);
INSERT INTO Projection VALUES(38, 2020, 1309, 28041, 4.7);
INSERT INTO RangeProj VALUES(0, 39);
INSERT INTO Projection VALUES(39, 2025, 1442, 31779, 4.5);
INSERT INTO RangeProj VALUES(0, 40);
INSERT INTO Projection VALUES(40, 2010, 1011, 20708, 4.9);
commit;
INSERT INTO RangeProj VALUES(0, 41);
INSERT INTO Projection VALUES(41, 2015, 1110, 24336, 4.6);
INSERT INTO RangeProj VALUES(0, 42);
INSERT INTO Projection VALUES(42, 2020, 1219, 28041, 4.3);
INSERT INTO RangeProj VALUES(0, 43);
INSERT INTO Projection VALUES(43, 2025, 1391, 31779, 4.4);
INSERT INTO RangeProj VALUES(0, 44);
INSERT INTO Projection VALUES(44, 2010, 1024, 20708, 4.9);
INSERT INTO RangeProj VALUES(0, 45);
INSERT INTO Projection VALUES(45, 2015, 1136, 24336, 4.7);
INSERT INTO RangeProj VALUES(0, 46);
INSERT INTO Projection VALUES(46, 2020, 1276, 28041, 4.6);
INSERT INTO RangeProj VALUES(0, 47);
INSERT INTO Projection VALUES(47, 2025, 1389, 31779, 4.4);
INSERT INTO RangeProj VALUES(0, 48);
INSERT INTO Projection VALUES(48, 2010, 1042, 20708, 5.0);
INSERT INTO RangeProj VALUES(0, 49);
INSERT INTO Projection VALUES(49, 2015, 1100, 24336, 4.5);
INSERT INTO RangeProj VALUES(0, 50);
INSERT INTO Projection VALUES(50, 2020, 1247, 28041, 4.4);
INSERT INTO RangeProj VALUES(0, 51);
INSERT INTO Projection VALUES(51, 2025, 1417, 31779, 4.5);
INSERT INTO RangeProj VALUES(0, 52);
INSERT INTO Projection VALUES(52, 2010, 717, 20708, 3.5);
INSERT INTO RangeProj VALUES(0, 53);
INSERT INTO Projection VALUES(53, 2015, 1075, 24336, 4.4);
INSERT INTO RangeProj VALUES(0, 54);
INSERT INTO Projection VALUES(54, 2020, 1170, 28041, 4.2);
INSERT INTO RangeProj VALUES(0, 55);
INSERT INTO Projection VALUES(55, 2025, 1337, 31779, 4.2);
INSERT INTO RangeProj VALUES(0, 56);
INSERT INTO Projection VALUES(56, 2010, 509, 20708, 2.5);
INSERT INTO RangeProj VALUES(0, 57);
INSERT INTO Projection VALUES(57, 2015, 696, 24336, 2.9);
INSERT INTO RangeProj VALUES(0, 58);
INSERT INTO Projection VALUES(58, 2020, 1035, 28041, 3.7);
INSERT INTO RangeProj VALUES(0, 59);
INSERT INTO Projection VALUES(59, 2025, 1157, 31779, 3.6);
INSERT INTO RangeProj VALUES(0, 60);
INSERT INTO Projection VALUES(60, 2010, 320, 20708, 1.5);
INSERT INTO RangeProj VALUES(0, 61);
INSERT INTO Projection VALUES(61, 2015, 465, 24336, 1.9);
INSERT INTO RangeProj VALUES(0, 62);
INSERT INTO Projection VALUES(62, 2020, 631, 28041, 2.3);
INSERT INTO RangeProj VALUES(0, 63);
INSERT INTO Projection VALUES(63, 2025, 949, 31779, 3.0);
INSERT INTO RangeProj VALUES(0, 64);
INSERT INTO Projection VALUES(64, 2010, 275, 20708, 1.3);
INSERT INTO RangeProj VALUES(0, 65);
INSERT INTO Projection VALUES(65, 2015, 265, 24336, 1.1);
INSERT INTO RangeProj VALUES(0, 66);
INSERT INTO Projection VALUES(66, 2020, 378, 28041, 1.3);
INSERT INTO RangeProj VALUES(0, 67);
INSERT INTO Projection VALUES(67, 2025, 516, 31779, 1.6);
INSERT INTO RangeProj VALUES(0, 68);
INSERT INTO Projection VALUES(68, 2010, 348, 20708, 1.7);
INSERT INTO RangeProj VALUES(0, 69);
INSERT INTO Projection VALUES(69, 2015, 349, 24336, 1.4);
INSERT INTO RangeProj VALUES(0, 70);
INSERT INTO Projection VALUES(70, 2020, 358, 28041, 1.3);
INSERT INTO RangeProj VALUES(0, 71);
INSERT INTO Projection VALUES(71, 2025, 431, 31779, 1.4);
INSERT INTO SubRange VALUES(40070, 0);
INSERT INTO SubRange VALUES(40070, 1);
INSERT INTO SubRange VALUES(40070, 2);
INSERT INTO SubRange VALUES(40070, 3);
INSERT INTO SubRange VALUES(40070, 4);
INSERT INTO SubRange VALUES(40070, 5);
INSERT INTO SubRange VALUES(40070, 6);
INSERT INTO SubRange VALUES(40070, 7);
INSERT INTO SubRange VALUES(40070, 8);
INSERT INTO SubRange VALUES(40070, 9);
INSERT INTO SubRange VALUES(40070, 10);
INSERT INTO SubRange VALUES(40070, 11);
INSERT INTO SubRange VALUES(40070, 12);
INSERT INTO SubRange VALUES(40070, 13);
INSERT INTO SubRange VALUES(40070, 14);
INSERT INTO SubRange VALUES(40070, 15);
INSERT INTO SubRange VALUES(40070, 16);
INSERT INTO SubRange VALUES(40070, 17);
INSERT INTO Suburb VALUES(40120, 'Adelaide Hills');
INSERT INTO RangeProj VALUES(0, 72);
INSERT INTO Projection VALUES(72, 2010, 2300, 40034, 5.7);
INSERT INTO RangeProj VALUES(0, 73);
INSERT INTO Projection VALUES(73, 2015, 2304, 40685, 5.7);
INSERT INTO RangeProj VALUES(0, 74);
INSERT INTO Projection VALUES(74, 2020, 2297, 41246, 5.6);
INSERT INTO RangeProj VALUES(0, 75);
INSERT INTO Projection VALUES(75, 2025, 2270, 41694, 5.4);
INSERT INTO RangeProj VALUES(0, 76);
INSERT INTO Projection VALUES(76, 2010, 2545, 40034, 6.4);
INSERT INTO RangeProj VALUES(0, 77);
INSERT INTO Projection VALUES(77, 2015, 2579, 40685, 6.3);
INSERT INTO RangeProj VALUES(0, 78);
INSERT INTO Projection VALUES(78, 2020, 2579, 41246, 6.3);
INSERT INTO RangeProj VALUES(0, 79);
INSERT INTO Projection VALUES(79, 2025, 2553, 41694, 6.1);
INSERT INTO RangeProj VALUES(0, 80);
INSERT INTO Projection VALUES(80, 2010, 2728, 40034, 6.8);
INSERT INTO RangeProj VALUES(0, 81);
INSERT INTO Projection VALUES(81, 2015, 2654, 40685, 6.5);
commit;
INSERT INTO RangeProj VALUES(0, 82);
INSERT INTO Projection VALUES(82, 2020, 2694, 41246, 6.5);
INSERT INTO RangeProj VALUES(0, 83);
INSERT INTO Projection VALUES(83, 2025, 2698, 41694, 6.5);
INSERT INTO RangeProj VALUES(0, 84);
INSERT INTO Projection VALUES(84, 2010, 2991, 40034, 7.5);
INSERT INTO RangeProj VALUES(0, 85);
INSERT INTO Projection VALUES(85, 2015, 2756, 40685, 6.8);
INSERT INTO RangeProj VALUES(0, 86);
INSERT INTO Projection VALUES(86, 2020, 2636, 41246, 6.4);
INSERT INTO RangeProj VALUES(0, 87);
INSERT INTO Projection VALUES(87, 2025, 2676, 41694, 6.4);
INSERT INTO RangeProj VALUES(0, 88);
INSERT INTO Projection VALUES(88, 2010, 2162, 40034, 5.4);
INSERT INTO RangeProj VALUES(0, 89);
INSERT INTO Projection VALUES(89, 2015, 2100, 40685, 5.2);
INSERT INTO RangeProj VALUES(0, 90);
INSERT INTO Projection VALUES(90, 2020, 1942, 41246, 4.7);
INSERT INTO RangeProj VALUES(0, 91);
INSERT INTO Projection VALUES(91, 2025, 1822, 41694, 4.4);
INSERT INTO RangeProj VALUES(0, 92);
INSERT INTO Projection VALUES(92, 2010, 1688, 40034, 4.2);
INSERT INTO RangeProj VALUES(0, 93);
INSERT INTO Projection VALUES(93, 2015, 1734, 40685, 4.3);
INSERT INTO RangeProj VALUES(0, 94);
INSERT INTO Projection VALUES(94, 2020, 1697, 41246, 4.1);
INSERT INTO RangeProj VALUES(0, 95);
INSERT INTO Projection VALUES(95, 2025, 1604, 41694, 3.8);
INSERT INTO RangeProj VALUES(0, 96);
INSERT INTO Projection VALUES(96, 2010, 1955, 40034, 4.9);
INSERT INTO RangeProj VALUES(0, 97);
INSERT INTO Projection VALUES(97, 2015, 2127, 40685, 5.2);
INSERT INTO RangeProj VALUES(0, 98);
INSERT INTO Projection VALUES(98, 2020, 2135, 41246, 5.2);
INSERT INTO RangeProj VALUES(0, 99);
INSERT INTO Projection VALUES(99, 2025, 2107, 41694, 5.1);
INSERT INTO RangeProj VALUES(0, 100);
INSERT INTO Projection VALUES(100, 2010, 2662, 40034, 6.6);
INSERT INTO RangeProj VALUES(0, 101);
INSERT INTO Projection VALUES(101, 2015, 2366, 40685, 5.8);
INSERT INTO RangeProj VALUES(0, 102);
INSERT INTO Projection VALUES(102, 2020, 2554, 41246, 6.2);
INSERT INTO RangeProj VALUES(0, 103);
INSERT INTO Projection VALUES(103, 2025, 2564, 41694, 6.1);
INSERT INTO RangeProj VALUES(0, 104);
INSERT INTO Projection VALUES(104, 2010, 3040, 40034, 7.6);
INSERT INTO RangeProj VALUES(0, 105);
INSERT INTO Projection VALUES(105, 2015, 2877, 40685, 7.1);
INSERT INTO RangeProj VALUES(0, 106);
INSERT INTO Projection VALUES(106, 2020, 2616, 41246, 6.3);
INSERT INTO RangeProj VALUES(0, 107);
INSERT INTO Projection VALUES(107, 2025, 2806, 41694, 6.7);
INSERT INTO RangeProj VALUES(0, 108);
INSERT INTO Projection VALUES(108, 2010, 3353, 40034, 8.4);
INSERT INTO RangeProj VALUES(0, 109);
INSERT INTO Projection VALUES(109, 2015, 3079, 40685, 7.6);
INSERT INTO RangeProj VALUES(0, 110);
INSERT INTO Projection VALUES(110, 2020, 2930, 41246, 7.1);
INSERT INTO RangeProj VALUES(0, 111);
INSERT INTO Projection VALUES(111, 2025, 2681, 41694, 6.4);
INSERT INTO RangeProj VALUES(0, 112);
INSERT INTO Projection VALUES(112, 2010, 3365, 40034, 8.4);
INSERT INTO RangeProj VALUES(0, 113);
INSERT INTO Projection VALUES(113, 2015, 3344, 40685, 8.2);
INSERT INTO RangeProj VALUES(0, 114);
INSERT INTO Projection VALUES(114, 2020, 3100, 41246, 7.5);
INSERT INTO RangeProj VALUES(0, 115);
INSERT INTO Projection VALUES(115, 2025, 2965, 41694, 7.1);
INSERT INTO RangeProj VALUES(0, 116);
INSERT INTO Projection VALUES(116, 2010, 3232, 40034, 8.1);
INSERT INTO RangeProj VALUES(0, 117);
INSERT INTO Projection VALUES(117, 2015, 3239, 40685, 8.0);
INSERT INTO RangeProj VALUES(0, 118);
INSERT INTO Projection VALUES(118, 2020, 3228, 41246, 7.8);
INSERT INTO RangeProj VALUES(0, 119);
INSERT INTO Projection VALUES(119, 2025, 2991, 41694, 7.2);
INSERT INTO RangeProj VALUES(0, 120);
INSERT INTO Projection VALUES(120, 2010, 2848, 40034, 7.1);
INSERT INTO RangeProj VALUES(0, 121);
INSERT INTO Projection VALUES(121, 2015, 2926, 40685, 7.2);
INSERT INTO RangeProj VALUES(0, 122);
INSERT INTO Projection VALUES(122, 2020, 2970, 41246, 7.2);
INSERT INTO RangeProj VALUES(0, 123);
INSERT INTO Projection VALUES(123, 2025, 2968, 41694, 7.1);
INSERT INTO RangeProj VALUES(0, 124);
INSERT INTO Projection VALUES(124, 2010, 1868, 40034, 4.7);
INSERT INTO RangeProj VALUES(0, 125);
INSERT INTO Projection VALUES(125, 2015, 2549, 40685, 6.3);
INSERT INTO RangeProj VALUES(0, 126);
INSERT INTO Projection VALUES(126, 2020, 2634, 41246, 6.4);
INSERT INTO RangeProj VALUES(0, 127);
INSERT INTO Projection VALUES(127, 2025, 2686, 41694, 6.4);
INSERT INTO RangeProj VALUES(0, 128);
INSERT INTO Projection VALUES(128, 2010, 1247, 40034, 3.1);
INSERT INTO RangeProj VALUES(0, 129);
INSERT INTO Projection VALUES(129, 2015, 1657, 40685, 4.1);
INSERT INTO RangeProj VALUES(0, 130);
INSERT INTO Projection VALUES(130, 2020, 2267, 41246, 5.5);
INSERT INTO RangeProj VALUES(0, 131);
INSERT INTO Projection VALUES(131, 2025, 2374, 41694, 5.7);
INSERT INTO RangeProj VALUES(0, 132);
commit;
INSERT INTO Projection VALUES(132, 2010, 831, 40034, 2.1);
INSERT INTO RangeProj VALUES(0, 133);
INSERT INTO Projection VALUES(133, 2015, 1034, 40685, 2.5);
INSERT INTO RangeProj VALUES(0, 134);
INSERT INTO Projection VALUES(134, 2020, 1377, 41246, 3.3);
INSERT INTO RangeProj VALUES(0, 135);
INSERT INTO Projection VALUES(135, 2025, 1914, 41694, 4.6);
INSERT INTO RangeProj VALUES(0, 136);
INSERT INTO Projection VALUES(136, 2010, 579, 40034, 1.4);
INSERT INTO RangeProj VALUES(0, 137);
INSERT INTO Projection VALUES(137, 2015, 607, 40685, 1.5);
INSERT INTO RangeProj VALUES(0, 138);
INSERT INTO Projection VALUES(138, 2020, 770, 41246, 1.9);
INSERT INTO RangeProj VALUES(0, 139);
INSERT INTO Projection VALUES(139, 2025, 1043, 41694, 2.5);
INSERT INTO RangeProj VALUES(0, 140);
INSERT INTO Projection VALUES(140, 2010, 640, 40034, 1.6);
INSERT INTO RangeProj VALUES(0, 141);
INSERT INTO Projection VALUES(141, 2015, 753, 40685, 1.9);
INSERT INTO RangeProj VALUES(0, 142);
INSERT INTO Projection VALUES(142, 2020, 820, 41246, 2.0);
INSERT INTO RangeProj VALUES(0, 143);
INSERT INTO Projection VALUES(143, 2025, 972, 41694, 2.3);
INSERT INTO SubRange VALUES(40120, 0);
INSERT INTO SubRange VALUES(40120, 1);
INSERT INTO SubRange VALUES(40120, 2);
INSERT INTO SubRange VALUES(40120, 3);
INSERT INTO SubRange VALUES(40120, 4);
INSERT INTO SubRange VALUES(40120, 5);
INSERT INTO SubRange VALUES(40120, 6);
INSERT INTO SubRange VALUES(40120, 7);
INSERT INTO SubRange VALUES(40120, 8);
INSERT INTO SubRange VALUES(40120, 9);
INSERT INTO SubRange VALUES(40120, 10);
INSERT INTO SubRange VALUES(40120, 11);
INSERT INTO SubRange VALUES(40120, 12);
INSERT INTO SubRange VALUES(40120, 13);
INSERT INTO SubRange VALUES(40120, 14);
INSERT INTO SubRange VALUES(40120, 15);
INSERT INTO SubRange VALUES(40120, 16);
INSERT INTO SubRange VALUES(40120, 17);
INSERT INTO Suburb VALUES(40220, 'Alexandrina');
INSERT INTO RangeProj VALUES(0, 144);
INSERT INTO Projection VALUES(144, 2010, 1306, 23794, 5.5);
INSERT INTO RangeProj VALUES(0, 145);
INSERT INTO Projection VALUES(145, 2015, 1487, 26901, 5.5);
INSERT INTO RangeProj VALUES(0, 146);
INSERT INTO Projection VALUES(146, 2020, 1627, 29948, 5.4);
INSERT INTO RangeProj VALUES(0, 147);
INSERT INTO Projection VALUES(147, 2025, 1714, 32888, 5.2);
INSERT INTO RangeProj VALUES(0, 148);
INSERT INTO Projection VALUES(148, 2010, 1355, 23794, 5.7);
INSERT INTO RangeProj VALUES(0, 149);
INSERT INTO Projection VALUES(149, 2015, 1575, 26901, 5.9);
INSERT INTO RangeProj VALUES(0, 150);
INSERT INTO Projection VALUES(150, 2020, 1733, 29948, 5.8);
INSERT INTO RangeProj VALUES(0, 151);
INSERT INTO Projection VALUES(151, 2025, 1866, 32888, 5.7);
INSERT INTO RangeProj VALUES(0, 152);
INSERT INTO Projection VALUES(152, 2010, 1364, 23794, 5.7);
INSERT INTO RangeProj VALUES(0, 153);
INSERT INTO Projection VALUES(153, 2015, 1440, 26901, 5.4);
INSERT INTO RangeProj VALUES(0, 154);
INSERT INTO Projection VALUES(154, 2020, 1642, 29948, 5.5);
INSERT INTO RangeProj VALUES(0, 155);
INSERT INTO Projection VALUES(155, 2025, 1779, 32888, 5.4);
INSERT INTO RangeProj VALUES(0, 156);
INSERT INTO Projection VALUES(156, 2010, 1399, 23794, 5.9);
INSERT INTO RangeProj VALUES(0, 157);
INSERT INTO Projection VALUES(157, 2015, 1346, 26901, 5.0);
INSERT INTO RangeProj VALUES(0, 158);
INSERT INTO Projection VALUES(158, 2020, 1384, 29948, 4.6);
INSERT INTO RangeProj VALUES(0, 159);
INSERT INTO Projection VALUES(159, 2025, 1549, 32888, 4.7);
INSERT INTO RangeProj VALUES(0, 160);
INSERT INTO Projection VALUES(160, 2010, 1065, 23794, 4.5);
INSERT INTO RangeProj VALUES(0, 161);
INSERT INTO Projection VALUES(161, 2015, 1128, 26901, 4.2);
INSERT INTO RangeProj VALUES(0, 162);
INSERT INTO Projection VALUES(162, 2020, 1106, 29948, 3.7);
INSERT INTO RangeProj VALUES(0, 163);
INSERT INTO Projection VALUES(163, 2025, 1122, 32888, 3.4);
INSERT INTO RangeProj VALUES(0, 164);
INSERT INTO Projection VALUES(164, 2010, 1075, 23794, 4.5);
INSERT INTO RangeProj VALUES(0, 165);
INSERT INTO Projection VALUES(165, 2015, 1307, 26901, 4.9);
INSERT INTO RangeProj VALUES(0, 166);
INSERT INTO Projection VALUES(166, 2020, 1371, 29948, 4.6);
INSERT INTO RangeProj VALUES(0, 167);
INSERT INTO Projection VALUES(167, 2025, 1377, 32888, 4.2);
INSERT INTO RangeProj VALUES(0, 168);
INSERT INTO Projection VALUES(168, 2010, 1102, 23794, 4.6);
INSERT INTO RangeProj VALUES(0, 169);
INSERT INTO Projection VALUES(169, 2015, 1393, 26901, 5.2);
INSERT INTO RangeProj VALUES(0, 170);
INSERT INTO Projection VALUES(170, 2020, 1591, 29948, 5.3);
INSERT INTO RangeProj VALUES(0, 171);
INSERT INTO Projection VALUES(171, 2025, 1660, 32888, 5.0);
INSERT INTO RangeProj VALUES(0, 172);
INSERT INTO Projection VALUES(172, 2010, 1363, 23794, 5.7);
INSERT INTO RangeProj VALUES(0, 173);
commit;
INSERT INTO Projection VALUES(173, 2015, 1365, 26901, 5.1);
INSERT INTO RangeProj VALUES(0, 174);
INSERT INTO Projection VALUES(174, 2020, 1634, 29948, 5.5);
INSERT INTO RangeProj VALUES(0, 175);
INSERT INTO Projection VALUES(175, 2025, 1798, 32888, 5.5);
INSERT INTO RangeProj VALUES(0, 176);
INSERT INTO Projection VALUES(176, 2010, 1428, 23794, 6.0);
INSERT INTO RangeProj VALUES(0, 177);
INSERT INTO Projection VALUES(177, 2015, 1534, 26901, 5.7);
INSERT INTO RangeProj VALUES(0, 178);
INSERT INTO Projection VALUES(178, 2020, 1523, 29948, 5.1);
INSERT INTO RangeProj VALUES(0, 179);
INSERT INTO Projection VALUES(179, 2025, 1779, 32888, 5.4);
INSERT INTO RangeProj VALUES(0, 180);
INSERT INTO Projection VALUES(180, 2010, 1557, 23794, 6.5);
INSERT INTO RangeProj VALUES(0, 181);
INSERT INTO Projection VALUES(181, 2015, 1596, 26901, 5.9);
INSERT INTO RangeProj VALUES(0, 182);
INSERT INTO Projection VALUES(182, 2020, 1686, 29948, 5.6);
INSERT INTO RangeProj VALUES(0, 183);
INSERT INTO Projection VALUES(183, 2025, 1664, 32888, 5.1);
INSERT INTO RangeProj VALUES(0, 184);
INSERT INTO Projection VALUES(184, 2010, 1696, 23794, 7.1);
INSERT INTO RangeProj VALUES(0, 185);
INSERT INTO Projection VALUES(185, 2015, 1730, 26901, 6.4);
INSERT INTO RangeProj VALUES(0, 186);
INSERT INTO Projection VALUES(186, 2020, 1768, 29948, 5.9);
INSERT INTO RangeProj VALUES(0, 187);
INSERT INTO Projection VALUES(187, 2025, 1866, 32888, 5.7);
INSERT INTO RangeProj VALUES(0, 188);
INSERT INTO Projection VALUES(188, 2010, 1782, 23794, 7.5);
INSERT INTO RangeProj VALUES(0, 189);
INSERT INTO Projection VALUES(189, 2015, 2001, 26901, 7.4);
INSERT INTO RangeProj VALUES(0, 190);
INSERT INTO Projection VALUES(190, 2020, 2096, 29948, 7.0);
INSERT INTO RangeProj VALUES(0, 191);
INSERT INTO Projection VALUES(191, 2025, 2141, 32888, 6.5);
INSERT INTO RangeProj VALUES(0, 192);
INSERT INTO Projection VALUES(192, 2010, 2072, 23794, 8.7);
INSERT INTO RangeProj VALUES(0, 193);
INSERT INTO Projection VALUES(193, 2015, 2221, 26901, 8.3);
INSERT INTO RangeProj VALUES(0, 194);
INSERT INTO Projection VALUES(194, 2020, 2480, 29948, 8.3);
INSERT INTO RangeProj VALUES(0, 195);
INSERT INTO Projection VALUES(195, 2025, 2641, 32888, 8.0);
INSERT INTO RangeProj VALUES(0, 196);
INSERT INTO Projection VALUES(196, 2010, 1681, 23794, 7.1);
INSERT INTO RangeProj VALUES(0, 197);
INSERT INTO Projection VALUES(197, 2015, 2240, 26901, 8.3);
INSERT INTO RangeProj VALUES(0, 198);
INSERT INTO Projection VALUES(198, 2020, 2436, 29948, 8.1);
INSERT INTO RangeProj VALUES(0, 199);
INSERT INTO Projection VALUES(199, 2025, 2736, 32888, 8.3);
INSERT INTO RangeProj VALUES(0, 200);
INSERT INTO Projection VALUES(200, 2010, 1308, 23794, 5.5);
INSERT INTO RangeProj VALUES(0, 201);
INSERT INTO Projection VALUES(201, 2015, 1686, 26901, 6.3);
INSERT INTO RangeProj VALUES(0, 202);
INSERT INTO Projection VALUES(202, 2020, 2250, 29948, 7.5);
INSERT INTO RangeProj VALUES(0, 203);
INSERT INTO Projection VALUES(203, 2025, 2467, 32888, 7.5);
INSERT INTO RangeProj VALUES(0, 204);
INSERT INTO Projection VALUES(204, 2010, 967, 23794, 4.1);
INSERT INTO RangeProj VALUES(0, 205);
INSERT INTO Projection VALUES(205, 2015, 1235, 26901, 4.6);
INSERT INTO RangeProj VALUES(0, 206);
INSERT INTO Projection VALUES(206, 2020, 1583, 29948, 5.3);
INSERT INTO RangeProj VALUES(0, 207);
INSERT INTO Projection VALUES(207, 2025, 2122, 32888, 6.5);
INSERT INTO RangeProj VALUES(0, 208);
INSERT INTO Projection VALUES(208, 2010, 695, 23794, 2.9);
INSERT INTO RangeProj VALUES(0, 209);
INSERT INTO Projection VALUES(209, 2015, 782, 26901, 2.9);
INSERT INTO RangeProj VALUES(0, 210);
INSERT INTO Projection VALUES(210, 2020, 999, 29948, 3.3);
INSERT INTO RangeProj VALUES(0, 211);
INSERT INTO Projection VALUES(211, 2025, 1297, 32888, 3.9);
INSERT INTO RangeProj VALUES(0, 212);
INSERT INTO Projection VALUES(212, 2010, 579, 23794, 2.4);
INSERT INTO RangeProj VALUES(0, 213);
INSERT INTO Projection VALUES(213, 2015, 835, 26901, 3.1);
INSERT INTO RangeProj VALUES(0, 214);
INSERT INTO Projection VALUES(214, 2020, 1039, 29948, 3.5);
INSERT INTO RangeProj VALUES(0, 215);
INSERT INTO Projection VALUES(215, 2025, 1310, 32888, 4.0);
INSERT INTO SubRange VALUES(40220, 0);
INSERT INTO SubRange VALUES(40220, 1);
INSERT INTO SubRange VALUES(40220, 2);
INSERT INTO SubRange VALUES(40220, 3);
INSERT INTO SubRange VALUES(40220, 4);
INSERT INTO SubRange VALUES(40220, 5);
INSERT INTO SubRange VALUES(40220, 6);
INSERT INTO SubRange VALUES(40220, 7);
INSERT INTO SubRange VALUES(40220, 8);
INSERT INTO SubRange VALUES(40220, 9);
INSERT INTO SubRange VALUES(40220, 10);
INSERT INTO SubRange VALUES(40220, 11);
INSERT INTO SubRange VALUES(40220, 12);
INSERT INTO SubRange VALUES(40220, 13);
INSERT INTO SubRange VALUES(40220, 14);
INSERT INTO SubRange VALUES(40220, 15);
commit;
INSERT INTO SubRange VALUES(40220, 16);
INSERT INTO SubRange VALUES(40220, 17);
INSERT INTO Suburb VALUES(40250, 'Anangu Pitjantjatjara');
INSERT INTO RangeProj VALUES(0, 216);
INSERT INTO Projection VALUES(216, 2010, 200, 2296, 8.7);
INSERT INTO RangeProj VALUES(0, 217);
INSERT INTO Projection VALUES(217, 2015, 186, 2239, 8.3);
INSERT INTO RangeProj VALUES(0, 218);
INSERT INTO Projection VALUES(218, 2020, 168, 2167, 7.8);
INSERT INTO RangeProj VALUES(0, 219);
INSERT INTO Projection VALUES(219, 2025, 154, 2075, 7.4);
INSERT INTO RangeProj VALUES(0, 220);
INSERT INTO Projection VALUES(220, 2010, 201, 2296, 8.8);
INSERT INTO RangeProj VALUES(0, 221);
INSERT INTO Projection VALUES(221, 2015, 196, 2239, 8.8);
INSERT INTO RangeProj VALUES(0, 222);
INSERT INTO Projection VALUES(222, 2020, 184, 2167, 8.5);
INSERT INTO RangeProj VALUES(0, 223);
INSERT INTO Projection VALUES(223, 2025, 172, 2075, 8.3);
INSERT INTO RangeProj VALUES(0, 224);
INSERT INTO Projection VALUES(224, 2010, 190, 2296, 8.3);
INSERT INTO RangeProj VALUES(0, 225);
INSERT INTO Projection VALUES(225, 2015, 174, 2239, 7.8);
INSERT INTO RangeProj VALUES(0, 226);
INSERT INTO Projection VALUES(226, 2020, 170, 2167, 7.8);
INSERT INTO RangeProj VALUES(0, 227);
INSERT INTO Projection VALUES(227, 2025, 162, 2075, 7.8);
INSERT INTO RangeProj VALUES(0, 228);
INSERT INTO Projection VALUES(228, 2010, 166, 2296, 7.2);
INSERT INTO RangeProj VALUES(0, 229);
INSERT INTO Projection VALUES(229, 2015, 132, 2239, 5.9);
INSERT INTO RangeProj VALUES(0, 230);
INSERT INTO Projection VALUES(230, 2020, 118, 2167, 5.4);
INSERT INTO RangeProj VALUES(0, 231);
INSERT INTO Projection VALUES(231, 2025, 121, 2075, 5.8);
INSERT INTO RangeProj VALUES(0, 232);
INSERT INTO Projection VALUES(232, 2010, 234, 2296, 10.2);
INSERT INTO RangeProj VALUES(0, 233);
INSERT INTO Projection VALUES(233, 2015, 173, 2239, 7.7);
INSERT INTO RangeProj VALUES(0, 234);
INSERT INTO Projection VALUES(234, 2020, 142, 2167, 6.6);
INSERT INTO RangeProj VALUES(0, 235);
INSERT INTO Projection VALUES(235, 2025, 122, 2075, 5.9);
INSERT INTO RangeProj VALUES(0, 236);
INSERT INTO Projection VALUES(236, 2010, 211, 2296, 9.2);
INSERT INTO RangeProj VALUES(0, 237);
INSERT INTO Projection VALUES(237, 2015, 216, 2239, 9.6);
INSERT INTO RangeProj VALUES(0, 238);
INSERT INTO Projection VALUES(238, 2020, 174, 2167, 8.0);
INSERT INTO RangeProj VALUES(0, 239);
INSERT INTO Projection VALUES(239, 2025, 147, 2075, 7.1);
INSERT INTO RangeProj VALUES(0, 240);
INSERT INTO Projection VALUES(240, 2010, 213, 2296, 9.3);
INSERT INTO RangeProj VALUES(0, 241);
INSERT INTO Projection VALUES(241, 2015, 216, 2239, 9.6);
INSERT INTO RangeProj VALUES(0, 242);
INSERT INTO Projection VALUES(242, 2020, 218, 2167, 10.1);
INSERT INTO RangeProj VALUES(0, 243);
INSERT INTO Projection VALUES(243, 2025, 181, 2075, 8.7);
INSERT INTO RangeProj VALUES(0, 244);
INSERT INTO Projection VALUES(244, 2010, 191, 2296, 8.3);
INSERT INTO RangeProj VALUES(0, 245);
INSERT INTO Projection VALUES(245, 2015, 187, 2239, 8.4);
INSERT INTO RangeProj VALUES(0, 246);
INSERT INTO Projection VALUES(246, 2020, 192, 2167, 8.9);
INSERT INTO RangeProj VALUES(0, 247);
INSERT INTO Projection VALUES(247, 2025, 194, 2075, 9.3);
INSERT INTO RangeProj VALUES(0, 248);
INSERT INTO Projection VALUES(248, 2010, 171, 2296, 7.4);
INSERT INTO RangeProj VALUES(0, 249);
INSERT INTO Projection VALUES(249, 2015, 177, 2239, 7.9);
INSERT INTO RangeProj VALUES(0, 250);
INSERT INTO Projection VALUES(250, 2020, 173, 2167, 8.0);
INSERT INTO RangeProj VALUES(0, 251);
INSERT INTO Projection VALUES(251, 2025, 179, 2075, 8.6);
INSERT INTO RangeProj VALUES(0, 252);
INSERT INTO Projection VALUES(252, 2010, 111, 2296, 4.8);
INSERT INTO RangeProj VALUES(0, 253);
INSERT INTO Projection VALUES(253, 2015, 141, 2239, 6.3);
INSERT INTO RangeProj VALUES(0, 254);
INSERT INTO Projection VALUES(254, 2020, 144, 2167, 6.6);
INSERT INTO RangeProj VALUES(0, 255);
INSERT INTO Projection VALUES(255, 2025, 134, 2075, 6.5);
INSERT INTO RangeProj VALUES(0, 256);
INSERT INTO Projection VALUES(256, 2010, 118, 2296, 5.1);
INSERT INTO RangeProj VALUES(0, 257);
INSERT INTO Projection VALUES(257, 2015, 118, 2239, 5.3);
INSERT INTO RangeProj VALUES(0, 258);
INSERT INTO Projection VALUES(258, 2020, 137, 2167, 6.3);
INSERT INTO RangeProj VALUES(0, 259);
INSERT INTO Projection VALUES(259, 2025, 134, 2075, 6.5);
INSERT INTO RangeProj VALUES(0, 260);
INSERT INTO Projection VALUES(260, 2010, 97, 2296, 4.2);
INSERT INTO RangeProj VALUES(0, 261);
INSERT INTO Projection VALUES(261, 2015, 99, 2239, 4.4);
INSERT INTO RangeProj VALUES(0, 262);
INSERT INTO Projection VALUES(262, 2020, 99, 2167, 4.6);
INSERT INTO RangeProj VALUES(0, 263);
INSERT INTO Projection VALUES(263, 2025, 107, 2075, 5.2);
INSERT INTO RangeProj VALUES(0, 264);
INSERT INTO Projection VALUES(264, 2010, 82, 2296, 3.6);
commit;
INSERT INTO RangeProj VALUES(0, 265);
INSERT INTO Projection VALUES(265, 2015, 98, 2239, 4.4);
INSERT INTO RangeProj VALUES(0, 266);
INSERT INTO Projection VALUES(266, 2020, 94, 2167, 4.3);
INSERT INTO RangeProj VALUES(0, 267);
INSERT INTO Projection VALUES(267, 2025, 95, 2075, 4.6);
INSERT INTO RangeProj VALUES(0, 268);
INSERT INTO Projection VALUES(268, 2010, 38, 2296, 1.7);
INSERT INTO RangeProj VALUES(0, 269);
INSERT INTO Projection VALUES(269, 2015, 53, 2239, 2.4);
INSERT INTO RangeProj VALUES(0, 270);
INSERT INTO Projection VALUES(270, 2020, 62, 2167, 2.9);
INSERT INTO RangeProj VALUES(0, 271);
INSERT INTO Projection VALUES(271, 2025, 66, 2075, 3.2);
INSERT INTO RangeProj VALUES(0, 272);
INSERT INTO Projection VALUES(272, 2010, 37, 2296, 1.6);
INSERT INTO RangeProj VALUES(0, 273);
INSERT INTO Projection VALUES(273, 2015, 29, 2239, 1.3);
INSERT INTO RangeProj VALUES(0, 274);
INSERT INTO Projection VALUES(274, 2020, 40, 2167, 1.8);
INSERT INTO RangeProj VALUES(0, 275);
INSERT INTO Projection VALUES(275, 2025, 45, 2075, 2.2);
INSERT INTO RangeProj VALUES(0, 276);
INSERT INTO Projection VALUES(276, 2010, 20, 2296, 0.9);
INSERT INTO RangeProj VALUES(0, 277);
INSERT INTO Projection VALUES(277, 2015, 28, 2239, 1.3);
INSERT INTO RangeProj VALUES(0, 278);
INSERT INTO Projection VALUES(278, 2020, 26, 2167, 1.2);
INSERT INTO RangeProj VALUES(0, 279);
INSERT INTO Projection VALUES(279, 2025, 35, 2075, 1.7);
INSERT INTO RangeProj VALUES(0, 280);
INSERT INTO Projection VALUES(280, 2010, 12, 2296, 0.5);
INSERT INTO RangeProj VALUES(0, 281);
INSERT INTO Projection VALUES(281, 2015, 12, 2239, 0.5);
INSERT INTO RangeProj VALUES(0, 282);
INSERT INTO Projection VALUES(282, 2020, 18, 2167, 0.8);
INSERT INTO RangeProj VALUES(0, 283);
INSERT INTO Projection VALUES(283, 2025, 18, 2075, 0.9);
INSERT INTO RangeProj VALUES(0, 284);
INSERT INTO Projection VALUES(284, 2010, 4, 2296, 0.2);
INSERT INTO RangeProj VALUES(0, 285);
INSERT INTO Projection VALUES(285, 2015, 4, 2239, 0.2);
INSERT INTO RangeProj VALUES(0, 286);
INSERT INTO Projection VALUES(286, 2020, 8, 2167, 0.4);
INSERT INTO RangeProj VALUES(0, 287);
INSERT INTO Projection VALUES(287, 2025, 9, 2075, 0.4);
INSERT INTO SubRange VALUES(40250, 0);
INSERT INTO SubRange VALUES(40250, 1);
INSERT INTO SubRange VALUES(40250, 2);
INSERT INTO SubRange VALUES(40250, 3);
INSERT INTO SubRange VALUES(40250, 4);
INSERT INTO SubRange VALUES(40250, 5);
INSERT INTO SubRange VALUES(40250, 6);
INSERT INTO SubRange VALUES(40250, 7);
INSERT INTO SubRange VALUES(40250, 8);
INSERT INTO SubRange VALUES(40250, 9);
INSERT INTO SubRange VALUES(40250, 10);
INSERT INTO SubRange VALUES(40250, 11);
INSERT INTO SubRange VALUES(40250, 12);
INSERT INTO SubRange VALUES(40250, 13);
INSERT INTO SubRange VALUES(40250, 14);
INSERT INTO SubRange VALUES(40250, 15);
INSERT INTO SubRange VALUES(40250, 16);
INSERT INTO SubRange VALUES(40250, 17);
INSERT INTO Suburb VALUES(40310, 'Barossa');
INSERT INTO RangeProj VALUES(0, 288);
INSERT INTO Projection VALUES(288, 2010, 1348, 22979, 5.9);
INSERT INTO RangeProj VALUES(0, 289);
INSERT INTO Projection VALUES(289, 2015, 1444, 24978, 5.8);
INSERT INTO RangeProj VALUES(0, 290);
INSERT INTO Projection VALUES(290, 2020, 1532, 26997, 5.7);
INSERT INTO RangeProj VALUES(0, 291);
INSERT INTO Projection VALUES(291, 2025, 1589, 28972, 5.5);
INSERT INTO RangeProj VALUES(0, 292);
INSERT INTO Projection VALUES(292, 2010, 1452, 22979, 6.3);
INSERT INTO RangeProj VALUES(0, 293);
INSERT INTO Projection VALUES(293, 2015, 1538, 24978, 6.2);
INSERT INTO RangeProj VALUES(0, 294);
INSERT INTO Projection VALUES(294, 2020, 1639, 26997, 6.1);
INSERT INTO RangeProj VALUES(0, 295);
INSERT INTO Projection VALUES(295, 2025, 1725, 28972, 6.0);
INSERT INTO RangeProj VALUES(0, 296);
INSERT INTO Projection VALUES(296, 2010, 1619, 22979, 7.0);
INSERT INTO RangeProj VALUES(0, 297);
INSERT INTO Projection VALUES(297, 2015, 1630, 24978, 6.5);
INSERT INTO RangeProj VALUES(0, 298);
INSERT INTO Projection VALUES(298, 2020, 1741, 26997, 6.4);
INSERT INTO RangeProj VALUES(0, 299);
INSERT INTO Projection VALUES(299, 2025, 1853, 28972, 6.4);
INSERT INTO RangeProj VALUES(0, 300);
INSERT INTO Projection VALUES(300, 2010, 1493, 22979, 6.5);
INSERT INTO RangeProj VALUES(0, 301);
INSERT INTO Projection VALUES(301, 2015, 1569, 24978, 6.3);
INSERT INTO RangeProj VALUES(0, 302);
INSERT INTO Projection VALUES(302, 2020, 1564, 26997, 5.8);
INSERT INTO RangeProj VALUES(0, 303);
INSERT INTO Projection VALUES(303, 2025, 1667, 28972, 5.8);
INSERT INTO RangeProj VALUES(0, 304);
INSERT INTO Projection VALUES(304, 2010, 1190, 22979, 5.2);
INSERT INTO RangeProj VALUES(0, 305);
INSERT INTO Projection VALUES(305, 2015, 1221, 24978, 4.9);
commit;
INSERT INTO RangeProj VALUES(0, 306);
INSERT INTO Projection VALUES(306, 2020, 1242, 26997, 4.6);
INSERT INTO RangeProj VALUES(0, 307);
INSERT INTO Projection VALUES(307, 2025, 1220, 28972, 4.2);
INSERT INTO RangeProj VALUES(0, 308);
INSERT INTO Projection VALUES(308, 2010, 1177, 22979, 5.1);
INSERT INTO RangeProj VALUES(0, 309);
INSERT INTO Projection VALUES(309, 2015, 1321, 24978, 5.3);
INSERT INTO RangeProj VALUES(0, 310);
INSERT INTO Projection VALUES(310, 2020, 1373, 26997, 5.1);
INSERT INTO RangeProj VALUES(0, 311);
INSERT INTO Projection VALUES(311, 2025, 1383, 28972, 4.8);
INSERT INTO RangeProj VALUES(0, 312);
INSERT INTO Projection VALUES(312, 2010, 1306, 22979, 5.7);
INSERT INTO RangeProj VALUES(0, 313);
INSERT INTO Projection VALUES(313, 2015, 1470, 24978, 5.9);
INSERT INTO RangeProj VALUES(0, 314);
INSERT INTO Projection VALUES(314, 2020, 1590, 26997, 5.9);
INSERT INTO RangeProj VALUES(0, 315);
INSERT INTO Projection VALUES(315, 2025, 1661, 28972, 5.7);
INSERT INTO RangeProj VALUES(0, 316);
INSERT INTO Projection VALUES(316, 2010, 1507, 22979, 6.6);
INSERT INTO RangeProj VALUES(0, 317);
INSERT INTO Projection VALUES(317, 2015, 1462, 24978, 5.9);
INSERT INTO RangeProj VALUES(0, 318);
INSERT INTO Projection VALUES(318, 2020, 1654, 26997, 6.1);
INSERT INTO RangeProj VALUES(0, 319);
INSERT INTO Projection VALUES(319, 2025, 1766, 28972, 6.1);
INSERT INTO RangeProj VALUES(0, 320);
INSERT INTO Projection VALUES(320, 2010, 1686, 22979, 7.3);
INSERT INTO RangeProj VALUES(0, 321);
INSERT INTO Projection VALUES(321, 2015, 1710, 24978, 6.8);
INSERT INTO RangeProj VALUES(0, 322);
INSERT INTO Projection VALUES(322, 2020, 1669, 26997, 6.2);
INSERT INTO RangeProj VALUES(0, 323);
INSERT INTO Projection VALUES(323, 2025, 1899, 28972, 6.6);
INSERT INTO RangeProj VALUES(0, 324);
INSERT INTO Projection VALUES(324, 2010, 1844, 22979, 8.0);
INSERT INTO RangeProj VALUES(0, 325);
INSERT INTO Projection VALUES(325, 2015, 1906, 24978, 7.6);
INSERT INTO RangeProj VALUES(0, 326);
INSERT INTO Projection VALUES(326, 2020, 1952, 26997, 7.2);
INSERT INTO RangeProj VALUES(0, 327);
INSERT INTO Projection VALUES(327, 2025, 1911, 28972, 6.6);
INSERT INTO RangeProj VALUES(0, 328);
INSERT INTO Projection VALUES(328, 2010, 1824, 22979, 7.9);
INSERT INTO RangeProj VALUES(0, 329);
INSERT INTO Projection VALUES(329, 2015, 1958, 24978, 7.8);
INSERT INTO RangeProj VALUES(0, 330);
INSERT INTO Projection VALUES(330, 2020, 2027, 26997, 7.5);
INSERT INTO RangeProj VALUES(0, 331);
INSERT INTO Projection VALUES(331, 2025, 2078, 28972, 7.2);
INSERT INTO RangeProj VALUES(0, 332);
INSERT INTO Projection VALUES(332, 2010, 1574, 22979, 6.8);
INSERT INTO RangeProj VALUES(0, 333);
INSERT INTO Projection VALUES(333, 2015, 1857, 24978, 7.4);
INSERT INTO RangeProj VALUES(0, 334);
INSERT INTO Projection VALUES(334, 2020, 1995, 26997, 7.4);
INSERT INTO RangeProj VALUES(0, 335);
INSERT INTO Projection VALUES(335, 2025, 2056, 28972, 7.1);
INSERT INTO RangeProj VALUES(0, 336);
INSERT INTO Projection VALUES(336, 2010, 1422, 22979, 6.2);
INSERT INTO RangeProj VALUES(0, 337);
INSERT INTO Projection VALUES(337, 2015, 1604, 24978, 6.4);
INSERT INTO RangeProj VALUES(0, 338);
INSERT INTO Projection VALUES(338, 2020, 1874, 26997, 6.9);
INSERT INTO RangeProj VALUES(0, 339);
INSERT INTO Projection VALUES(339, 2025, 1991, 28972, 6.9);
INSERT INTO RangeProj VALUES(0, 340);
INSERT INTO Projection VALUES(340, 2010, 1051, 22979, 4.6);
INSERT INTO RangeProj VALUES(0, 341);
INSERT INTO Projection VALUES(341, 2015, 1416, 24978, 5.7);
INSERT INTO RangeProj VALUES(0, 342);
INSERT INTO Projection VALUES(342, 2020, 1580, 26997, 5.9);
INSERT INTO RangeProj VALUES(0, 343);
INSERT INTO Projection VALUES(343, 2025, 1840, 28972, 6.4);
INSERT INTO RangeProj VALUES(0, 344);
INSERT INTO Projection VALUES(344, 2010, 800, 22979, 3.5);
INSERT INTO RangeProj VALUES(0, 345);
INSERT INTO Projection VALUES(345, 2015, 1002, 24978, 4.0);
INSERT INTO RangeProj VALUES(0, 346);
INSERT INTO Projection VALUES(346, 2020, 1344, 26997, 5.0);
INSERT INTO RangeProj VALUES(0, 347);
INSERT INTO Projection VALUES(347, 2025, 1508, 28972, 5.2);
INSERT INTO RangeProj VALUES(0, 348);
INSERT INTO Projection VALUES(348, 2010, 633, 22979, 2.8);
INSERT INTO RangeProj VALUES(0, 349);
INSERT INTO Projection VALUES(349, 2015, 728, 24978, 2.9);
INSERT INTO RangeProj VALUES(0, 350);
INSERT INTO Projection VALUES(350, 2020, 931, 26997, 3.4);
INSERT INTO RangeProj VALUES(0, 351);
INSERT INTO Projection VALUES(351, 2025, 1251, 28972, 4.3);
INSERT INTO RangeProj VALUES(0, 352);
INSERT INTO Projection VALUES(352, 2010, 544, 22979, 2.4);
INSERT INTO RangeProj VALUES(0, 353);
INSERT INTO Projection VALUES(353, 2015, 525, 24978, 2.1);
INSERT INTO RangeProj VALUES(0, 354);
INSERT INTO Projection VALUES(354, 2020, 613, 26997, 2.3);
INSERT INTO RangeProj VALUES(0, 355);
INSERT INTO Projection VALUES(355, 2025, 797, 28972, 2.8);
INSERT INTO RangeProj VALUES(0, 356);
commit;
INSERT INTO Projection VALUES(356, 2010, 509, 22979, 2.2);
INSERT INTO RangeProj VALUES(0, 357);
INSERT INTO Projection VALUES(357, 2015, 617, 24978, 2.5);
INSERT INTO RangeProj VALUES(0, 358);
INSERT INTO Projection VALUES(358, 2020, 677, 26997, 2.5);
INSERT INTO RangeProj VALUES(0, 359);
INSERT INTO Projection VALUES(359, 2025, 777, 28972, 2.7);
INSERT INTO SubRange VALUES(40310, 0);
INSERT INTO SubRange VALUES(40310, 1);
INSERT INTO SubRange VALUES(40310, 2);
INSERT INTO SubRange VALUES(40310, 3);
INSERT INTO SubRange VALUES(40310, 4);
INSERT INTO SubRange VALUES(40310, 5);
INSERT INTO SubRange VALUES(40310, 6);
INSERT INTO SubRange VALUES(40310, 7);
INSERT INTO SubRange VALUES(40310, 8);
INSERT INTO SubRange VALUES(40310, 9);
INSERT INTO SubRange VALUES(40310, 10);
INSERT INTO SubRange VALUES(40310, 11);
INSERT INTO SubRange VALUES(40310, 12);
INSERT INTO SubRange VALUES(40310, 13);
INSERT INTO SubRange VALUES(40310, 14);
INSERT INTO SubRange VALUES(40310, 15);
INSERT INTO SubRange VALUES(40310, 16);
INSERT INTO SubRange VALUES(40310, 17);
INSERT INTO Suburb VALUES(40430, 'Barunga West');
INSERT INTO RangeProj VALUES(0, 360);
INSERT INTO Projection VALUES(360, 2010, 136, 2629, 5.2);
INSERT INTO RangeProj VALUES(0, 361);
INSERT INTO Projection VALUES(361, 2015, 139, 2652, 5.2);
INSERT INTO RangeProj VALUES(0, 362);
INSERT INTO Projection VALUES(362, 2020, 136, 2680, 5.1);
INSERT INTO RangeProj VALUES(0, 363);
INSERT INTO Projection VALUES(363, 2025, 134, 2708, 4.9);
INSERT INTO RangeProj VALUES(0, 364);
INSERT INTO Projection VALUES(364, 2010, 110, 2629, 4.2);
INSERT INTO RangeProj VALUES(0, 365);
INSERT INTO Projection VALUES(365, 2015, 122, 2652, 4.6);
INSERT INTO RangeProj VALUES(0, 366);
INSERT INTO Projection VALUES(366, 2020, 123, 2680, 4.6);
INSERT INTO RangeProj VALUES(0, 367);
INSERT INTO Projection VALUES(367, 2025, 120, 2708, 4.4);
INSERT INTO RangeProj VALUES(0, 368);
INSERT INTO Projection VALUES(368, 2010, 170, 2629, 6.5);
INSERT INTO RangeProj VALUES(0, 369);
INSERT INTO Projection VALUES(369, 2015, 140, 2652, 5.3);
INSERT INTO RangeProj VALUES(0, 370);
INSERT INTO Projection VALUES(370, 2020, 149, 2680, 5.6);
INSERT INTO RangeProj VALUES(0, 371);
INSERT INTO Projection VALUES(371, 2025, 150, 2708, 5.5);
INSERT INTO RangeProj VALUES(0, 372);
INSERT INTO Projection VALUES(372, 2010, 122, 2629, 4.6);
INSERT INTO RangeProj VALUES(0, 373);
INSERT INTO Projection VALUES(373, 2015, 107, 2652, 4.0);
INSERT INTO RangeProj VALUES(0, 374);
INSERT INTO Projection VALUES(374, 2020, 91, 2680, 3.4);
INSERT INTO RangeProj VALUES(0, 375);
INSERT INTO Projection VALUES(375, 2025, 96, 2708, 3.5);
INSERT INTO RangeProj VALUES(0, 376);
INSERT INTO Projection VALUES(376, 2010, 103, 2629, 3.9);
INSERT INTO RangeProj VALUES(0, 377);
INSERT INTO Projection VALUES(377, 2015, 101, 2652, 3.8);
INSERT INTO RangeProj VALUES(0, 378);
INSERT INTO Projection VALUES(378, 2020, 95, 2680, 3.5);
INSERT INTO RangeProj VALUES(0, 379);
INSERT INTO Projection VALUES(379, 2025, 84, 2708, 3.1);
INSERT INTO RangeProj VALUES(0, 380);
INSERT INTO Projection VALUES(380, 2010, 85, 2629, 3.2);
INSERT INTO RangeProj VALUES(0, 381);
INSERT INTO Projection VALUES(381, 2015, 98, 2652, 3.7);
INSERT INTO RangeProj VALUES(0, 382);
INSERT INTO Projection VALUES(382, 2020, 95, 2680, 3.5);
INSERT INTO RangeProj VALUES(0, 383);
INSERT INTO Projection VALUES(383, 2025, 88, 2708, 3.2);
INSERT INTO RangeProj VALUES(0, 384);
INSERT INTO Projection VALUES(384, 2010, 129, 2629, 4.9);
INSERT INTO RangeProj VALUES(0, 385);
INSERT INTO Projection VALUES(385, 2015, 120, 2652, 4.5);
INSERT INTO RangeProj VALUES(0, 386);
INSERT INTO Projection VALUES(386, 2020, 131, 2680, 4.9);
INSERT INTO RangeProj VALUES(0, 387);
INSERT INTO Projection VALUES(387, 2025, 127, 2708, 4.7);
INSERT INTO RangeProj VALUES(0, 388);
INSERT INTO Projection VALUES(388, 2010, 137, 2629, 5.2);
INSERT INTO RangeProj VALUES(0, 389);
INSERT INTO Projection VALUES(389, 2015, 135, 2652, 5.1);
INSERT INTO RangeProj VALUES(0, 390);
INSERT INTO Projection VALUES(390, 2020, 129, 2680, 4.8);
INSERT INTO RangeProj VALUES(0, 391);
INSERT INTO Projection VALUES(391, 2025, 134, 2708, 4.9);
INSERT INTO RangeProj VALUES(0, 392);
INSERT INTO Projection VALUES(392, 2010, 172, 2629, 6.5);
INSERT INTO RangeProj VALUES(0, 393);
INSERT INTO Projection VALUES(393, 2015, 154, 2652, 5.8);
INSERT INTO RangeProj VALUES(0, 394);
INSERT INTO Projection VALUES(394, 2020, 150, 2680, 5.6);
INSERT INTO RangeProj VALUES(0, 395);
INSERT INTO Projection VALUES(395, 2025, 148, 2708, 5.5);
INSERT INTO RangeProj VALUES(0, 396);
INSERT INTO Projection VALUES(396, 2010, 204, 2629, 7.8);
INSERT INTO RangeProj VALUES(0, 397);
commit;
INSERT INTO Projection VALUES(397, 2015, 197, 2652, 7.4);
INSERT INTO RangeProj VALUES(0, 398);
INSERT INTO Projection VALUES(398, 2020, 177, 2680, 6.6);
INSERT INTO RangeProj VALUES(0, 399);
INSERT INTO Projection VALUES(399, 2025, 172, 2708, 6.4);
INSERT INTO RangeProj VALUES(0, 400);
INSERT INTO Projection VALUES(400, 2010, 219, 2629, 8.3);
INSERT INTO RangeProj VALUES(0, 401);
INSERT INTO Projection VALUES(401, 2015, 227, 2652, 8.6);
INSERT INTO RangeProj VALUES(0, 402);
INSERT INTO Projection VALUES(402, 2020, 221, 2680, 8.2);
INSERT INTO RangeProj VALUES(0, 403);
INSERT INTO Projection VALUES(403, 2025, 206, 2708, 7.6);
INSERT INTO RangeProj VALUES(0, 404);
INSERT INTO Projection VALUES(404, 2010, 241, 2629, 9.2);
INSERT INTO RangeProj VALUES(0, 405);
INSERT INTO Projection VALUES(405, 2015, 263, 2652, 9.9);
INSERT INTO RangeProj VALUES(0, 406);
INSERT INTO Projection VALUES(406, 2020, 268, 2680, 10.0);
INSERT INTO RangeProj VALUES(0, 407);
INSERT INTO Projection VALUES(407, 2025, 261, 2708, 9.6);
INSERT INTO RangeProj VALUES(0, 408);
INSERT INTO Projection VALUES(408, 2010, 222, 2629, 8.4);
INSERT INTO RangeProj VALUES(0, 409);
INSERT INTO Projection VALUES(409, 2015, 225, 2652, 8.5);
INSERT INTO RangeProj VALUES(0, 410);
INSERT INTO Projection VALUES(410, 2020, 246, 2680, 9.2);
INSERT INTO RangeProj VALUES(0, 411);
INSERT INTO Projection VALUES(411, 2025, 255, 2708, 9.4);
INSERT INTO RangeProj VALUES(0, 412);
INSERT INTO Projection VALUES(412, 2010, 170, 2629, 6.5);
INSERT INTO RangeProj VALUES(0, 413);
INSERT INTO Projection VALUES(413, 2015, 202, 2652, 7.6);
INSERT INTO RangeProj VALUES(0, 414);
INSERT INTO Projection VALUES(414, 2020, 203, 2680, 7.6);
INSERT INTO RangeProj VALUES(0, 415);
INSERT INTO Projection VALUES(415, 2025, 222, 2708, 8.2);
INSERT INTO RangeProj VALUES(0, 416);
INSERT INTO Projection VALUES(416, 2010, 109, 2629, 4.1);
INSERT INTO RangeProj VALUES(0, 417);
INSERT INTO Projection VALUES(417, 2015, 138, 2652, 5.2);
INSERT INTO RangeProj VALUES(0, 418);
INSERT INTO Projection VALUES(418, 2020, 166, 2680, 6.2);
INSERT INTO RangeProj VALUES(0, 419);
INSERT INTO Projection VALUES(419, 2025, 169, 2708, 6.2);
INSERT INTO RangeProj VALUES(0, 420);
INSERT INTO Projection VALUES(420, 2010, 123, 2629, 4.7);
INSERT INTO RangeProj VALUES(0, 421);
INSERT INTO Projection VALUES(421, 2015, 98, 2652, 3.7);
INSERT INTO RangeProj VALUES(0, 422);
INSERT INTO Projection VALUES(422, 2020, 124, 2680, 4.6);
INSERT INTO RangeProj VALUES(0, 423);
INSERT INTO Projection VALUES(423, 2025, 150, 2708, 5.5);
INSERT INTO RangeProj VALUES(0, 424);
INSERT INTO Projection VALUES(424, 2010, 90, 2629, 3.4);
INSERT INTO RangeProj VALUES(0, 425);
INSERT INTO Projection VALUES(425, 2015, 96, 2652, 3.6);
INSERT INTO RangeProj VALUES(0, 426);
INSERT INTO Projection VALUES(426, 2020, 82, 2680, 3.1);
INSERT INTO RangeProj VALUES(0, 427);
INSERT INTO Projection VALUES(427, 2025, 101, 2708, 3.7);
INSERT INTO RangeProj VALUES(0, 428);
INSERT INTO Projection VALUES(428, 2010, 87, 2629, 3.3);
INSERT INTO RangeProj VALUES(0, 429);
INSERT INTO Projection VALUES(429, 2015, 90, 2652, 3.4);
INSERT INTO RangeProj VALUES(0, 430);
INSERT INTO Projection VALUES(430, 2020, 94, 2680, 3.5);
INSERT INTO RangeProj VALUES(0, 431);
INSERT INTO Projection VALUES(431, 2025, 91, 2708, 3.4);
INSERT INTO SubRange VALUES(40430, 0);
INSERT INTO SubRange VALUES(40430, 1);
INSERT INTO SubRange VALUES(40430, 2);
INSERT INTO SubRange VALUES(40430, 3);
INSERT INTO SubRange VALUES(40430, 4);
INSERT INTO SubRange VALUES(40430, 5);
INSERT INTO SubRange VALUES(40430, 6);
INSERT INTO SubRange VALUES(40430, 7);
INSERT INTO SubRange VALUES(40430, 8);
INSERT INTO SubRange VALUES(40430, 9);
INSERT INTO SubRange VALUES(40430, 10);
INSERT INTO SubRange VALUES(40430, 11);
INSERT INTO SubRange VALUES(40430, 12);
INSERT INTO SubRange VALUES(40430, 13);
INSERT INTO SubRange VALUES(40430, 14);
INSERT INTO SubRange VALUES(40430, 15);
INSERT INTO SubRange VALUES(40430, 16);
INSERT INTO SubRange VALUES(40430, 17);
INSERT INTO Suburb VALUES(40520, 'Berri and Barmera');
INSERT INTO RangeProj VALUES(0, 432);
INSERT INTO Projection VALUES(432, 2010, 726, 11470, 6.3);
INSERT INTO RangeProj VALUES(0, 433);
INSERT INTO Projection VALUES(433, 2015, 692, 11533, 6.0);
INSERT INTO RangeProj VALUES(0, 434);
INSERT INTO Projection VALUES(434, 2020, 667, 11535, 5.8);
INSERT INTO RangeProj VALUES(0, 435);
INSERT INTO Projection VALUES(435, 2025, 632, 11471, 5.5);
INSERT INTO RangeProj VALUES(0, 436);
INSERT INTO Projection VALUES(436, 2010, 780, 11470, 6.8);
INSERT INTO RangeProj VALUES(0, 437);
INSERT INTO Projection VALUES(437, 2015, 783, 11533, 6.8);
INSERT INTO RangeProj VALUES(0, 438);
commit;
INSERT INTO Projection VALUES(438, 2020, 750, 11535, 6.5);
INSERT INTO RangeProj VALUES(0, 439);
INSERT INTO Projection VALUES(439, 2025, 724, 11471, 6.3);
INSERT INTO RangeProj VALUES(0, 440);
INSERT INTO Projection VALUES(440, 2010, 795, 11470, 6.9);
INSERT INTO RangeProj VALUES(0, 441);
INSERT INTO Projection VALUES(441, 2015, 782, 11533, 6.8);
INSERT INTO RangeProj VALUES(0, 442);
INSERT INTO Projection VALUES(442, 2020, 782, 11535, 6.8);
INSERT INTO RangeProj VALUES(0, 443);
INSERT INTO Projection VALUES(443, 2025, 755, 11471, 6.6);
INSERT INTO RangeProj VALUES(0, 444);
INSERT INTO Projection VALUES(444, 2010, 737, 11470, 6.4);
INSERT INTO RangeProj VALUES(0, 445);
INSERT INTO Projection VALUES(445, 2015, 709, 11533, 6.1);
INSERT INTO RangeProj VALUES(0, 446);
INSERT INTO Projection VALUES(446, 2020, 677, 11535, 5.9);
INSERT INTO RangeProj VALUES(0, 447);
INSERT INTO Projection VALUES(447, 2025, 680, 11471, 5.9);
INSERT INTO RangeProj VALUES(0, 448);
INSERT INTO Projection VALUES(448, 2010, 606, 11470, 5.3);
INSERT INTO RangeProj VALUES(0, 449);
INSERT INTO Projection VALUES(449, 2015, 572, 11533, 5.0);
INSERT INTO RangeProj VALUES(0, 450);
INSERT INTO Projection VALUES(450, 2020, 541, 11535, 4.7);
INSERT INTO RangeProj VALUES(0, 451);
INSERT INTO Projection VALUES(451, 2025, 496, 11471, 4.3);
INSERT INTO RangeProj VALUES(0, 452);
INSERT INTO Projection VALUES(452, 2010, 604, 11470, 5.3);
INSERT INTO RangeProj VALUES(0, 453);
INSERT INTO Projection VALUES(453, 2015, 620, 11533, 5.4);
INSERT INTO RangeProj VALUES(0, 454);
INSERT INTO Projection VALUES(454, 2020, 596, 11535, 5.2);
INSERT INTO RangeProj VALUES(0, 455);
INSERT INTO Projection VALUES(455, 2025, 547, 11471, 4.8);
INSERT INTO RangeProj VALUES(0, 456);
INSERT INTO Projection VALUES(456, 2010, 660, 11470, 5.8);
INSERT INTO RangeProj VALUES(0, 457);
INSERT INTO Projection VALUES(457, 2015, 600, 11533, 5.2);
INSERT INTO RangeProj VALUES(0, 458);
INSERT INTO Projection VALUES(458, 2020, 613, 11535, 5.3);
INSERT INTO RangeProj VALUES(0, 459);
INSERT INTO Projection VALUES(459, 2025, 594, 11471, 5.2);
INSERT INTO RangeProj VALUES(0, 460);
INSERT INTO Projection VALUES(460, 2010, 763, 11470, 6.7);
INSERT INTO RangeProj VALUES(0, 461);
INSERT INTO Projection VALUES(461, 2015, 681, 11533, 5.9);
INSERT INTO RangeProj VALUES(0, 462);
INSERT INTO Projection VALUES(462, 2020, 658, 11535, 5.7);
INSERT INTO RangeProj VALUES(0, 463);
INSERT INTO Projection VALUES(463, 2025, 670, 11471, 5.8);
INSERT INTO RangeProj VALUES(0, 464);
INSERT INTO Projection VALUES(464, 2010, 765, 11470, 6.7);
INSERT INTO RangeProj VALUES(0, 465);
INSERT INTO Projection VALUES(465, 2015, 764, 11533, 6.6);
INSERT INTO RangeProj VALUES(0, 466);
INSERT INTO Projection VALUES(466, 2020, 692, 11535, 6.0);
INSERT INTO RangeProj VALUES(0, 467);
INSERT INTO Projection VALUES(467, 2025, 696, 11471, 6.1);
INSERT INTO RangeProj VALUES(0, 468);
INSERT INTO Projection VALUES(468, 2010, 853, 11470, 7.4);
INSERT INTO RangeProj VALUES(0, 469);
INSERT INTO Projection VALUES(469, 2015, 799, 11533, 6.9);
INSERT INTO RangeProj VALUES(0, 470);
INSERT INTO Projection VALUES(470, 2020, 785, 11535, 6.8);
INSERT INTO RangeProj VALUES(0, 471);
INSERT INTO Projection VALUES(471, 2025, 709, 11471, 6.2);
INSERT INTO RangeProj VALUES(0, 472);
INSERT INTO Projection VALUES(472, 2010, 825, 11470, 7.2);
INSERT INTO RangeProj VALUES(0, 473);
INSERT INTO Projection VALUES(473, 2015, 855, 11533, 7.4);
INSERT INTO RangeProj VALUES(0, 474);
INSERT INTO Projection VALUES(474, 2020, 791, 11535, 6.9);
INSERT INTO RangeProj VALUES(0, 475);
INSERT INTO Projection VALUES(475, 2025, 776, 11471, 6.8);
INSERT INTO RangeProj VALUES(0, 476);
INSERT INTO Projection VALUES(476, 2010, 813, 11470, 7.1);
INSERT INTO RangeProj VALUES(0, 477);
INSERT INTO Projection VALUES(477, 2015, 804, 11533, 7.0);
INSERT INTO RangeProj VALUES(0, 478);
INSERT INTO Projection VALUES(478, 2020, 831, 11535, 7.2);
INSERT INTO RangeProj VALUES(0, 479);
INSERT INTO Projection VALUES(479, 2025, 782, 11471, 6.8);
INSERT INTO RangeProj VALUES(0, 480);
INSERT INTO Projection VALUES(480, 2010, 698, 11470, 6.1);
INSERT INTO RangeProj VALUES(0, 481);
INSERT INTO Projection VALUES(481, 2015, 744, 11533, 6.5);
INSERT INTO RangeProj VALUES(0, 482);
INSERT INTO Projection VALUES(482, 2020, 741, 11535, 6.4);
INSERT INTO RangeProj VALUES(0, 483);
INSERT INTO Projection VALUES(483, 2025, 761, 11471, 6.6);
INSERT INTO RangeProj VALUES(0, 484);
INSERT INTO Projection VALUES(484, 2010, 471, 11470, 4.1);
INSERT INTO RangeProj VALUES(0, 485);
INSERT INTO Projection VALUES(485, 2015, 665, 11533, 5.8);
INSERT INTO RangeProj VALUES(0, 486);
INSERT INTO Projection VALUES(486, 2020, 696, 11535, 6.0);
INSERT INTO RangeProj VALUES(0, 487);
INSERT INTO Projection VALUES(487, 2025, 696, 11471, 6.1);
INSERT INTO RangeProj VALUES(0, 488);
INSERT INTO Projection VALUES(488, 2010, 418, 11470, 3.6);
commit;
INSERT INTO RangeProj VALUES(0, 489);
INSERT INTO Projection VALUES(489, 2015, 445, 11533, 3.9);
INSERT INTO RangeProj VALUES(0, 490);
INSERT INTO Projection VALUES(490, 2020, 615, 11535, 5.3);
INSERT INTO RangeProj VALUES(0, 491);
INSERT INTO Projection VALUES(491, 2025, 651, 11471, 5.7);
INSERT INTO RangeProj VALUES(0, 492);
INSERT INTO Projection VALUES(492, 2010, 385, 11470, 3.4);
INSERT INTO RangeProj VALUES(0, 493);
INSERT INTO Projection VALUES(493, 2015, 365, 11533, 3.2);
INSERT INTO RangeProj VALUES(0, 494);
INSERT INTO Projection VALUES(494, 2020, 405, 11535, 3.5);
INSERT INTO RangeProj VALUES(0, 495);
INSERT INTO Projection VALUES(495, 2025, 554, 11471, 4.8);
INSERT INTO RangeProj VALUES(0, 496);
INSERT INTO Projection VALUES(496, 2010, 303, 11470, 2.6);
INSERT INTO RangeProj VALUES(0, 497);
INSERT INTO Projection VALUES(497, 2015, 321, 11533, 2.8);
INSERT INTO RangeProj VALUES(0, 498);
INSERT INTO Projection VALUES(498, 2020, 319, 11535, 2.8);
INSERT INTO RangeProj VALUES(0, 499);
INSERT INTO Projection VALUES(499, 2025, 352, 11471, 3.1);
INSERT INTO RangeProj VALUES(0, 500);
INSERT INTO Projection VALUES(500, 2010, 268, 11470, 2.3);
INSERT INTO RangeProj VALUES(0, 501);
INSERT INTO Projection VALUES(501, 2015, 332, 11533, 2.9);
INSERT INTO RangeProj VALUES(0, 502);
INSERT INTO Projection VALUES(502, 2020, 376, 11535, 3.3);
INSERT INTO RangeProj VALUES(0, 503);
INSERT INTO Projection VALUES(503, 2025, 396, 11471, 3.5);
INSERT INTO SubRange VALUES(40520, 0);
INSERT INTO SubRange VALUES(40520, 1);
INSERT INTO SubRange VALUES(40520, 2);
INSERT INTO SubRange VALUES(40520, 3);
INSERT INTO SubRange VALUES(40520, 4);
INSERT INTO SubRange VALUES(40520, 5);
INSERT INTO SubRange VALUES(40520, 6);
INSERT INTO SubRange VALUES(40520, 7);
INSERT INTO SubRange VALUES(40520, 8);
INSERT INTO SubRange VALUES(40520, 9);
INSERT INTO SubRange VALUES(40520, 10);
INSERT INTO SubRange VALUES(40520, 11);
INSERT INTO SubRange VALUES(40520, 12);
INSERT INTO SubRange VALUES(40520, 13);
INSERT INTO SubRange VALUES(40520, 14);
INSERT INTO SubRange VALUES(40520, 15);
INSERT INTO SubRange VALUES(40520, 16);
INSERT INTO SubRange VALUES(40520, 17);
INSERT INTO Suburb VALUES(40700, 'Burnside');
INSERT INTO RangeProj VALUES(0, 504);
INSERT INTO Projection VALUES(504, 2010, 1900, 43974, 4.3);
INSERT INTO RangeProj VALUES(0, 505);
INSERT INTO Projection VALUES(505, 2015, 1889, 44589, 4.2);
INSERT INTO RangeProj VALUES(0, 506);
INSERT INTO Projection VALUES(506, 2020, 1889, 45153, 4.2);
INSERT INTO RangeProj VALUES(0, 507);
INSERT INTO Projection VALUES(507, 2025, 1867, 45645, 4.1);
INSERT INTO RangeProj VALUES(0, 508);
INSERT INTO Projection VALUES(508, 2010, 2252, 43974, 5.1);
INSERT INTO RangeProj VALUES(0, 509);
INSERT INTO Projection VALUES(509, 2015, 2227, 44589, 5.0);
INSERT INTO RangeProj VALUES(0, 510);
INSERT INTO Projection VALUES(510, 2020, 2222, 45153, 4.9);
INSERT INTO RangeProj VALUES(0, 511);
INSERT INTO Projection VALUES(511, 2025, 2214, 45645, 4.9);
INSERT INTO RangeProj VALUES(0, 512);
INSERT INTO Projection VALUES(512, 2010, 2506, 43974, 5.7);
INSERT INTO RangeProj VALUES(0, 513);
INSERT INTO Projection VALUES(513, 2015, 2494, 44589, 5.6);
INSERT INTO RangeProj VALUES(0, 514);
INSERT INTO Projection VALUES(514, 2020, 2505, 45153, 5.5);
INSERT INTO RangeProj VALUES(0, 515);
INSERT INTO Projection VALUES(515, 2025, 2509, 45645, 5.5);
INSERT INTO RangeProj VALUES(0, 516);
INSERT INTO Projection VALUES(516, 2010, 3355, 43974, 7.6);
INSERT INTO RangeProj VALUES(0, 517);
INSERT INTO Projection VALUES(517, 2015, 3173, 44589, 7.1);
INSERT INTO RangeProj VALUES(0, 518);
INSERT INTO Projection VALUES(518, 2020, 3105, 45153, 6.9);
INSERT INTO RangeProj VALUES(0, 519);
INSERT INTO Projection VALUES(519, 2025, 3141, 45645, 6.9);
INSERT INTO RangeProj VALUES(0, 520);
INSERT INTO Projection VALUES(520, 2010, 3073, 43974, 7.0);
INSERT INTO RangeProj VALUES(0, 521);
INSERT INTO Projection VALUES(521, 2015, 3077, 44589, 6.9);
INSERT INTO RangeProj VALUES(0, 522);
INSERT INTO Projection VALUES(522, 2020, 2913, 45153, 6.5);
INSERT INTO RangeProj VALUES(0, 523);
INSERT INTO Projection VALUES(523, 2025, 2786, 45645, 6.1);
INSERT INTO RangeProj VALUES(0, 524);
INSERT INTO Projection VALUES(524, 2010, 2126, 43974, 4.8);
INSERT INTO RangeProj VALUES(0, 525);
INSERT INTO Projection VALUES(525, 2015, 2132, 44589, 4.8);
INSERT INTO RangeProj VALUES(0, 526);
INSERT INTO Projection VALUES(526, 2020, 2105, 45153, 4.7);
INSERT INTO RangeProj VALUES(0, 527);
INSERT INTO Projection VALUES(527, 2025, 1979, 45645, 4.3);
INSERT INTO RangeProj VALUES(0, 528);
INSERT INTO Projection VALUES(528, 2010, 1885, 43974, 4.3);
INSERT INTO RangeProj VALUES(0, 529);
INSERT INTO Projection VALUES(529, 2015, 2043, 44589, 4.6);
commit;
INSERT INTO RangeProj VALUES(0, 530);
INSERT INTO Projection VALUES(530, 2020, 2018, 45153, 4.5);
INSERT INTO RangeProj VALUES(0, 531);
INSERT INTO Projection VALUES(531, 2025, 1991, 45645, 4.4);
INSERT INTO RangeProj VALUES(0, 532);
INSERT INTO Projection VALUES(532, 2010, 2506, 43974, 5.7);
INSERT INTO RangeProj VALUES(0, 533);
INSERT INTO Projection VALUES(533, 2015, 2334, 44589, 5.2);
INSERT INTO RangeProj VALUES(0, 534);
INSERT INTO Projection VALUES(534, 2020, 2503, 45153, 5.5);
INSERT INTO RangeProj VALUES(0, 535);
INSERT INTO Projection VALUES(535, 2025, 2472, 45645, 5.4);
INSERT INTO RangeProj VALUES(0, 536);
INSERT INTO Projection VALUES(536, 2010, 2800, 43974, 6.4);
INSERT INTO RangeProj VALUES(0, 537);
INSERT INTO Projection VALUES(537, 2015, 2769, 44589, 6.2);
INSERT INTO RangeProj VALUES(0, 538);
INSERT INTO Projection VALUES(538, 2020, 2610, 45153, 5.8);
INSERT INTO RangeProj VALUES(0, 539);
INSERT INTO Projection VALUES(539, 2025, 2777, 45645, 6.1);
INSERT INTO RangeProj VALUES(0, 540);
INSERT INTO Projection VALUES(540, 2010, 3249, 43974, 7.4);
INSERT INTO RangeProj VALUES(0, 541);
INSERT INTO Projection VALUES(541, 2015, 2994, 44589, 6.7);
INSERT INTO RangeProj VALUES(0, 542);
INSERT INTO Projection VALUES(542, 2020, 2963, 45153, 6.6);
INSERT INTO RangeProj VALUES(0, 543);
INSERT INTO Projection VALUES(543, 2025, 2799, 45645, 6.1);
INSERT INTO RangeProj VALUES(0, 544);
INSERT INTO Projection VALUES(544, 2010, 3279, 43974, 7.5);
INSERT INTO RangeProj VALUES(0, 545);
INSERT INTO Projection VALUES(545, 2015, 3192, 44589, 7.2);
INSERT INTO RangeProj VALUES(0, 546);
INSERT INTO Projection VALUES(546, 2020, 2954, 45153, 6.5);
INSERT INTO RangeProj VALUES(0, 547);
INSERT INTO Projection VALUES(547, 2025, 2914, 45645, 6.4);
INSERT INTO RangeProj VALUES(0, 548);
INSERT INTO Projection VALUES(548, 2010, 3145, 43974, 7.2);
INSERT INTO RangeProj VALUES(0, 549);
INSERT INTO Projection VALUES(549, 2015, 3200, 44589, 7.2);
INSERT INTO RangeProj VALUES(0, 550);
INSERT INTO Projection VALUES(550, 2020, 3126, 45153, 6.9);
INSERT INTO RangeProj VALUES(0, 551);
INSERT INTO Projection VALUES(551, 2025, 2896, 45645, 6.3);
INSERT INTO RangeProj VALUES(0, 552);
INSERT INTO Projection VALUES(552, 2010, 3186, 43974, 7.2);
INSERT INTO RangeProj VALUES(0, 553);
INSERT INTO Projection VALUES(553, 2015, 3048, 44589, 6.8);
INSERT INTO RangeProj VALUES(0, 554);
INSERT INTO Projection VALUES(554, 2020, 3118, 45153, 6.9);
INSERT INTO RangeProj VALUES(0, 555);
INSERT INTO Projection VALUES(555, 2025, 3080, 45645, 6.7);
INSERT INTO RangeProj VALUES(0, 556);
INSERT INTO Projection VALUES(556, 2010, 2269, 43974, 5.2);
INSERT INTO RangeProj VALUES(0, 557);
INSERT INTO Projection VALUES(557, 2015, 2988, 44589, 6.7);
INSERT INTO RangeProj VALUES(0, 558);
INSERT INTO Projection VALUES(558, 2020, 2891, 45153, 6.4);
INSERT INTO RangeProj VALUES(0, 559);
INSERT INTO Projection VALUES(559, 2025, 2974, 45645, 6.5);
INSERT INTO RangeProj VALUES(0, 560);
INSERT INTO Projection VALUES(560, 2010, 1822, 43974, 4.1);
INSERT INTO RangeProj VALUES(0, 561);
INSERT INTO Projection VALUES(561, 2015, 2181, 44589, 4.9);
INSERT INTO RangeProj VALUES(0, 562);
INSERT INTO Projection VALUES(562, 2020, 2879, 45153, 6.4);
INSERT INTO RangeProj VALUES(0, 563);
INSERT INTO Projection VALUES(563, 2025, 2827, 45645, 6.2);
INSERT INTO RangeProj VALUES(0, 564);
INSERT INTO Projection VALUES(564, 2010, 1541, 43974, 3.5);
INSERT INTO RangeProj VALUES(0, 565);
INSERT INTO Projection VALUES(565, 2015, 1737, 44589, 3.9);
INSERT INTO RangeProj VALUES(0, 566);
INSERT INTO Projection VALUES(566, 2020, 2086, 45153, 4.6);
INSERT INTO RangeProj VALUES(0, 567);
INSERT INTO Projection VALUES(567, 2025, 2729, 45645, 6.0);
INSERT INTO RangeProj VALUES(0, 568);
INSERT INTO Projection VALUES(568, 2010, 1493, 43974, 3.4);
INSERT INTO RangeProj VALUES(0, 569);
INSERT INTO Projection VALUES(569, 2015, 1315, 44589, 2.9);
INSERT INTO RangeProj VALUES(0, 570);
INSERT INTO Projection VALUES(570, 2020, 1477, 45153, 3.3);
INSERT INTO RangeProj VALUES(0, 571);
INSERT INTO Projection VALUES(571, 2025, 1784, 45645, 3.9);
INSERT INTO RangeProj VALUES(0, 572);
INSERT INTO Projection VALUES(572, 2010, 1587, 43974, 3.6);
INSERT INTO RangeProj VALUES(0, 573);
INSERT INTO Projection VALUES(573, 2015, 1796, 44589, 4.0);
INSERT INTO RangeProj VALUES(0, 574);
INSERT INTO Projection VALUES(574, 2020, 1789, 45153, 4.0);
INSERT INTO RangeProj VALUES(0, 575);
INSERT INTO Projection VALUES(575, 2025, 1906, 45645, 4.2);
INSERT INTO SubRange VALUES(40700, 0);
INSERT INTO SubRange VALUES(40700, 1);
INSERT INTO SubRange VALUES(40700, 2);
INSERT INTO SubRange VALUES(40700, 3);
INSERT INTO SubRange VALUES(40700, 4);
INSERT INTO SubRange VALUES(40700, 5);
INSERT INTO SubRange VALUES(40700, 6);
INSERT INTO SubRange VALUES(40700, 7);
INSERT INTO SubRange VALUES(40700, 8);
commit;
INSERT INTO SubRange VALUES(40700, 9);
INSERT INTO SubRange VALUES(40700, 10);
INSERT INTO SubRange VALUES(40700, 11);
INSERT INTO SubRange VALUES(40700, 12);
INSERT INTO SubRange VALUES(40700, 13);
INSERT INTO SubRange VALUES(40700, 14);
INSERT INTO SubRange VALUES(40700, 15);
INSERT INTO SubRange VALUES(40700, 16);
INSERT INTO SubRange VALUES(40700, 17);
INSERT INTO Suburb VALUES(40910, 'Campbelltown');
INSERT INTO RangeProj VALUES(0, 576);
INSERT INTO Projection VALUES(576, 2010, 2643, 49089, 5.4);
INSERT INTO RangeProj VALUES(0, 577);
INSERT INTO Projection VALUES(577, 2015, 2672, 50471, 5.3);
INSERT INTO RangeProj VALUES(0, 578);
INSERT INTO Projection VALUES(578, 2020, 2718, 51749, 5.3);
INSERT INTO RangeProj VALUES(0, 579);
INSERT INTO Projection VALUES(579, 2025, 2713, 52902, 5.1);
INSERT INTO RangeProj VALUES(0, 580);
INSERT INTO Projection VALUES(580, 2010, 2496, 49089, 5.1);
INSERT INTO RangeProj VALUES(0, 581);
INSERT INTO Projection VALUES(581, 2015, 2654, 50471, 5.3);
INSERT INTO RangeProj VALUES(0, 582);
INSERT INTO Projection VALUES(582, 2020, 2706, 51749, 5.2);
INSERT INTO RangeProj VALUES(0, 583);
INSERT INTO Projection VALUES(583, 2025, 2744, 52902, 5.2);
INSERT INTO RangeProj VALUES(0, 584);
INSERT INTO Projection VALUES(584, 2010, 2887, 49089, 5.9);
INSERT INTO RangeProj VALUES(0, 585);
INSERT INTO Projection VALUES(585, 2015, 2753, 50471, 5.5);
INSERT INTO RangeProj VALUES(0, 586);
INSERT INTO Projection VALUES(586, 2020, 2914, 51749, 5.6);
INSERT INTO RangeProj VALUES(0, 587);
INSERT INTO Projection VALUES(587, 2025, 2966, 52902, 5.6);
INSERT INTO RangeProj VALUES(0, 588);
INSERT INTO Projection VALUES(588, 2010, 3392, 49089, 6.9);
INSERT INTO RangeProj VALUES(0, 589);
INSERT INTO Projection VALUES(589, 2015, 3409, 50471, 6.8);
INSERT INTO RangeProj VALUES(0, 590);
INSERT INTO Projection VALUES(590, 2020, 3297, 51749, 6.4);
INSERT INTO RangeProj VALUES(0, 591);
INSERT INTO Projection VALUES(591, 2025, 3459, 52902, 6.5);
INSERT INTO RangeProj VALUES(0, 592);
INSERT INTO Projection VALUES(592, 2010, 3600, 49089, 7.3);
INSERT INTO RangeProj VALUES(0, 593);
INSERT INTO Projection VALUES(593, 2015, 3686, 50471, 7.3);
INSERT INTO RangeProj VALUES(0, 594);
INSERT INTO Projection VALUES(594, 2020, 3600, 51749, 7.0);
INSERT INTO RangeProj VALUES(0, 595);
INSERT INTO Projection VALUES(595, 2025, 3485, 52902, 6.6);
INSERT INTO RangeProj VALUES(0, 596);
INSERT INTO Projection VALUES(596, 2010, 3100, 49089, 6.3);
INSERT INTO RangeProj VALUES(0, 597);
INSERT INTO Projection VALUES(597, 2015, 3193, 50471, 6.3);
INSERT INTO RangeProj VALUES(0, 598);
INSERT INTO Projection VALUES(598, 2020, 3239, 51749, 6.3);
INSERT INTO RangeProj VALUES(0, 599);
INSERT INTO Projection VALUES(599, 2025, 3125, 52902, 5.9);
INSERT INTO RangeProj VALUES(0, 600);
INSERT INTO Projection VALUES(600, 2010, 2811, 49089, 5.7);
INSERT INTO RangeProj VALUES(0, 601);
INSERT INTO Projection VALUES(601, 2015, 3100, 50471, 6.1);
INSERT INTO RangeProj VALUES(0, 602);
INSERT INTO Projection VALUES(602, 2020, 3150, 51749, 6.1);
INSERT INTO RangeProj VALUES(0, 603);
INSERT INTO Projection VALUES(603, 2025, 3178, 52902, 6.0);
INSERT INTO RangeProj VALUES(0, 604);
INSERT INTO Projection VALUES(604, 2010, 3259, 49089, 6.6);
INSERT INTO RangeProj VALUES(0, 605);
INSERT INTO Projection VALUES(605, 2015, 2998, 50471, 5.9);
INSERT INTO RangeProj VALUES(0, 606);
INSERT INTO Projection VALUES(606, 2020, 3303, 51749, 6.4);
INSERT INTO RangeProj VALUES(0, 607);
INSERT INTO Projection VALUES(607, 2025, 3344, 52902, 6.3);
INSERT INTO RangeProj VALUES(0, 608);
INSERT INTO Projection VALUES(608, 2010, 3503, 49089, 7.1);
INSERT INTO RangeProj VALUES(0, 609);
INSERT INTO Projection VALUES(609, 2015, 3414, 50471, 6.8);
INSERT INTO RangeProj VALUES(0, 610);
INSERT INTO Projection VALUES(610, 2020, 3215, 51749, 6.2);
INSERT INTO RangeProj VALUES(0, 611);
INSERT INTO Projection VALUES(611, 2025, 3527, 52902, 6.7);
INSERT INTO RangeProj VALUES(0, 612);
INSERT INTO Projection VALUES(612, 2010, 3522, 49089, 7.2);
INSERT INTO RangeProj VALUES(0, 613);
INSERT INTO Projection VALUES(613, 2015, 3461, 50471, 6.9);
INSERT INTO RangeProj VALUES(0, 614);
INSERT INTO Projection VALUES(614, 2020, 3411, 51749, 6.6);
INSERT INTO RangeProj VALUES(0, 615);
INSERT INTO Projection VALUES(615, 2025, 3225, 52902, 6.1);
INSERT INTO RangeProj VALUES(0, 616);
INSERT INTO Projection VALUES(616, 2010, 3058, 49089, 6.2);
INSERT INTO RangeProj VALUES(0, 617);
INSERT INTO Projection VALUES(617, 2015, 3238, 50471, 6.4);
INSERT INTO RangeProj VALUES(0, 618);
INSERT INTO Projection VALUES(618, 2020, 3143, 51749, 6.1);
INSERT INTO RangeProj VALUES(0, 619);
INSERT INTO Projection VALUES(619, 2025, 3116, 52902, 5.9);
INSERT INTO RangeProj VALUES(0, 620);
INSERT INTO Projection VALUES(620, 2010, 2682, 49089, 5.5);
INSERT INTO RangeProj VALUES(0, 621);
commit;
INSERT INTO Projection VALUES(621, 2015, 2950, 50471, 5.8);
INSERT INTO RangeProj VALUES(0, 622);
INSERT INTO Projection VALUES(622, 2020, 3080, 51749, 6.0);
INSERT INTO RangeProj VALUES(0, 623);
INSERT INTO Projection VALUES(623, 2025, 2996, 52902, 5.7);
INSERT INTO RangeProj VALUES(0, 624);
INSERT INTO Projection VALUES(624, 2010, 2808, 49089, 5.7);
INSERT INTO RangeProj VALUES(0, 625);
INSERT INTO Projection VALUES(625, 2015, 2617, 50471, 5.2);
INSERT INTO RangeProj VALUES(0, 626);
INSERT INTO Projection VALUES(626, 2020, 2874, 51749, 5.6);
INSERT INTO RangeProj VALUES(0, 627);
INSERT INTO Projection VALUES(627, 2025, 2984, 52902, 5.6);
INSERT INTO RangeProj VALUES(0, 628);
INSERT INTO Projection VALUES(628, 2010, 2416, 49089, 4.9);
INSERT INTO RangeProj VALUES(0, 629);
INSERT INTO Projection VALUES(629, 2015, 2754, 50471, 5.5);
INSERT INTO RangeProj VALUES(0, 630);
INSERT INTO Projection VALUES(630, 2020, 2615, 51749, 5.1);
INSERT INTO RangeProj VALUES(0, 631);
INSERT INTO Projection VALUES(631, 2025, 2856, 52902, 5.4);
INSERT INTO RangeProj VALUES(0, 632);
INSERT INTO Projection VALUES(632, 2010, 2359, 49089, 4.8);
INSERT INTO RangeProj VALUES(0, 633);
INSERT INTO Projection VALUES(633, 2015, 2337, 50471, 4.6);
INSERT INTO RangeProj VALUES(0, 634);
INSERT INTO Projection VALUES(634, 2020, 2725, 51749, 5.3);
INSERT INTO RangeProj VALUES(0, 635);
INSERT INTO Projection VALUES(635, 2025, 2634, 52902, 5.0);
INSERT INTO RangeProj VALUES(0, 636);
INSERT INTO Projection VALUES(636, 2010, 1770, 49089, 3.6);
INSERT INTO RangeProj VALUES(0, 637);
INSERT INTO Projection VALUES(637, 2015, 2097, 50471, 4.2);
INSERT INTO RangeProj VALUES(0, 638);
INSERT INTO Projection VALUES(638, 2020, 2150, 51749, 4.2);
INSERT INTO RangeProj VALUES(0, 639);
INSERT INTO Projection VALUES(639, 2025, 2555, 52902, 4.8);
INSERT INTO RangeProj VALUES(0, 640);
INSERT INTO Projection VALUES(640, 2010, 1485, 49089, 3.0);
INSERT INTO RangeProj VALUES(0, 641);
INSERT INTO Projection VALUES(641, 2015, 1485, 50471, 2.9);
INSERT INTO RangeProj VALUES(0, 642);
INSERT INTO Projection VALUES(642, 2020, 1769, 51749, 3.4);
INSERT INTO RangeProj VALUES(0, 643);
INSERT INTO Projection VALUES(643, 2025, 1869, 52902, 3.5);
INSERT INTO RangeProj VALUES(0, 644);
INSERT INTO Projection VALUES(644, 2010, 1298, 49089, 2.6);
INSERT INTO RangeProj VALUES(0, 645);
INSERT INTO Projection VALUES(645, 2015, 1653, 50471, 3.3);
INSERT INTO RangeProj VALUES(0, 646);
INSERT INTO Projection VALUES(646, 2020, 1840, 51749, 3.6);
INSERT INTO RangeProj VALUES(0, 647);
INSERT INTO Projection VALUES(647, 2025, 2126, 52902, 4.0);
INSERT INTO SubRange VALUES(40910, 0);
INSERT INTO SubRange VALUES(40910, 1);
INSERT INTO SubRange VALUES(40910, 2);
INSERT INTO SubRange VALUES(40910, 3);
INSERT INTO SubRange VALUES(40910, 4);
INSERT INTO SubRange VALUES(40910, 5);
INSERT INTO SubRange VALUES(40910, 6);
INSERT INTO SubRange VALUES(40910, 7);
INSERT INTO SubRange VALUES(40910, 8);
INSERT INTO SubRange VALUES(40910, 9);
INSERT INTO SubRange VALUES(40910, 10);
INSERT INTO SubRange VALUES(40910, 11);
INSERT INTO SubRange VALUES(40910, 12);
INSERT INTO SubRange VALUES(40910, 13);
INSERT INTO SubRange VALUES(40910, 14);
INSERT INTO SubRange VALUES(40910, 15);
INSERT INTO SubRange VALUES(40910, 16);
INSERT INTO SubRange VALUES(40910, 17);
INSERT INTO Suburb VALUES(41010, 'Ceduna');
INSERT INTO RangeProj VALUES(0, 648);
INSERT INTO Projection VALUES(648, 2010, 277, 3783, 7.3);
INSERT INTO RangeProj VALUES(0, 649);
INSERT INTO Projection VALUES(649, 2015, 288, 3842, 7.5);
INSERT INTO RangeProj VALUES(0, 650);
INSERT INTO Projection VALUES(650, 2020, 274, 3883, 7.1);
INSERT INTO RangeProj VALUES(0, 651);
INSERT INTO Projection VALUES(651, 2025, 261, 3887, 6.7);
INSERT INTO RangeProj VALUES(0, 652);
INSERT INTO Projection VALUES(652, 2010, 295, 3783, 7.8);
INSERT INTO RangeProj VALUES(0, 653);
INSERT INTO Projection VALUES(653, 2015, 265, 3842, 6.9);
INSERT INTO RangeProj VALUES(0, 654);
INSERT INTO Projection VALUES(654, 2020, 275, 3883, 7.1);
INSERT INTO RangeProj VALUES(0, 655);
INSERT INTO Projection VALUES(655, 2025, 263, 3887, 6.8);
INSERT INTO RangeProj VALUES(0, 656);
INSERT INTO Projection VALUES(656, 2010, 288, 3783, 7.6);
INSERT INTO RangeProj VALUES(0, 657);
INSERT INTO Projection VALUES(657, 2015, 270, 3842, 7.0);
INSERT INTO RangeProj VALUES(0, 658);
INSERT INTO Projection VALUES(658, 2020, 243, 3883, 6.3);
INSERT INTO RangeProj VALUES(0, 659);
INSERT INTO Projection VALUES(659, 2025, 251, 3887, 6.5);
INSERT INTO RangeProj VALUES(0, 660);
INSERT INTO Projection VALUES(660, 2010, 245, 3783, 6.5);
INSERT INTO RangeProj VALUES(0, 661);
INSERT INTO Projection VALUES(661, 2015, 230, 3842, 6.0);
INSERT INTO RangeProj VALUES(0, 662);
commit;
INSERT INTO Projection VALUES(662, 2020, 217, 3883, 5.6);
INSERT INTO RangeProj VALUES(0, 663);
INSERT INTO Projection VALUES(663, 2025, 202, 3887, 5.2);
INSERT INTO RangeProj VALUES(0, 664);
INSERT INTO Projection VALUES(664, 2010, 235, 3783, 6.2);
INSERT INTO RangeProj VALUES(0, 665);
INSERT INTO Projection VALUES(665, 2015, 228, 3842, 5.9);
INSERT INTO RangeProj VALUES(0, 666);
INSERT INTO Projection VALUES(666, 2020, 214, 3883, 5.5);
INSERT INTO RangeProj VALUES(0, 667);
INSERT INTO Projection VALUES(667, 2025, 201, 3887, 5.2);
INSERT INTO RangeProj VALUES(0, 668);
INSERT INTO Projection VALUES(668, 2010, 228, 3783, 6.0);
INSERT INTO RangeProj VALUES(0, 669);
INSERT INTO Projection VALUES(669, 2015, 243, 3842, 6.3);
INSERT INTO RangeProj VALUES(0, 670);
INSERT INTO Projection VALUES(670, 2020, 231, 3883, 5.9);
INSERT INTO RangeProj VALUES(0, 671);
INSERT INTO Projection VALUES(671, 2025, 216, 3887, 5.6);
INSERT INTO RangeProj VALUES(0, 672);
INSERT INTO Projection VALUES(672, 2010, 237, 3783, 6.3);
INSERT INTO RangeProj VALUES(0, 673);
INSERT INTO Projection VALUES(673, 2015, 261, 3842, 6.8);
INSERT INTO RangeProj VALUES(0, 674);
INSERT INTO Projection VALUES(674, 2020, 272, 3883, 7.0);
INSERT INTO RangeProj VALUES(0, 675);
INSERT INTO Projection VALUES(675, 2025, 258, 3887, 6.6);
INSERT INTO RangeProj VALUES(0, 676);
INSERT INTO Projection VALUES(676, 2010, 262, 3783, 6.9);
INSERT INTO RangeProj VALUES(0, 677);
INSERT INTO Projection VALUES(677, 2015, 234, 3842, 6.1);
INSERT INTO RangeProj VALUES(0, 678);
INSERT INTO Projection VALUES(678, 2020, 257, 3883, 6.6);
INSERT INTO RangeProj VALUES(0, 679);
INSERT INTO Projection VALUES(679, 2025, 263, 3887, 6.8);
INSERT INTO RangeProj VALUES(0, 680);
INSERT INTO Projection VALUES(680, 2010, 202, 3783, 5.3);
INSERT INTO RangeProj VALUES(0, 681);
INSERT INTO Projection VALUES(681, 2015, 186, 3842, 4.8);
INSERT INTO RangeProj VALUES(0, 682);
INSERT INTO Projection VALUES(682, 2020, 170, 3883, 4.4);
INSERT INTO RangeProj VALUES(0, 683);
INSERT INTO Projection VALUES(683, 2025, 186, 3887, 4.8);
INSERT INTO RangeProj VALUES(0, 684);
INSERT INTO Projection VALUES(684, 2010, 267, 3783, 7.1);
INSERT INTO RangeProj VALUES(0, 685);
INSERT INTO Projection VALUES(685, 2015, 226, 3842, 5.9);
INSERT INTO RangeProj VALUES(0, 686);
INSERT INTO Projection VALUES(686, 2020, 214, 3883, 5.5);
INSERT INTO RangeProj VALUES(0, 687);
INSERT INTO Projection VALUES(687, 2025, 191, 3887, 4.9);
INSERT INTO RangeProj VALUES(0, 688);
INSERT INTO Projection VALUES(688, 2010, 260, 3783, 6.9);
INSERT INTO RangeProj VALUES(0, 689);
INSERT INTO Projection VALUES(689, 2015, 267, 3842, 6.9);
INSERT INTO RangeProj VALUES(0, 690);
INSERT INTO Projection VALUES(690, 2020, 237, 3883, 6.1);
INSERT INTO RangeProj VALUES(0, 691);
INSERT INTO Projection VALUES(691, 2025, 227, 3887, 5.8);
INSERT INTO RangeProj VALUES(0, 692);
INSERT INTO Projection VALUES(692, 2010, 285, 3783, 7.5);
INSERT INTO RangeProj VALUES(0, 693);
INSERT INTO Projection VALUES(693, 2015, 279, 3842, 7.3);
INSERT INTO RangeProj VALUES(0, 694);
INSERT INTO Projection VALUES(694, 2020, 285, 3883, 7.3);
INSERT INTO RangeProj VALUES(0, 695);
INSERT INTO Projection VALUES(695, 2025, 260, 3887, 6.7);
INSERT INTO RangeProj VALUES(0, 696);
INSERT INTO Projection VALUES(696, 2010, 247, 3783, 6.5);
INSERT INTO RangeProj VALUES(0, 697);
INSERT INTO Projection VALUES(697, 2015, 288, 3842, 7.5);
INSERT INTO RangeProj VALUES(0, 698);
INSERT INTO Projection VALUES(698, 2020, 284, 3883, 7.3);
INSERT INTO RangeProj VALUES(0, 699);
INSERT INTO Projection VALUES(699, 2025, 291, 3887, 7.5);
INSERT INTO RangeProj VALUES(0, 700);
INSERT INTO Projection VALUES(700, 2010, 161, 3783, 4.3);
INSERT INTO RangeProj VALUES(0, 701);
INSERT INTO Projection VALUES(701, 2015, 214, 3842, 5.6);
INSERT INTO RangeProj VALUES(0, 702);
INSERT INTO Projection VALUES(702, 2020, 250, 3883, 6.4);
INSERT INTO RangeProj VALUES(0, 703);
INSERT INTO Projection VALUES(703, 2025, 242, 3887, 6.2);
INSERT INTO RangeProj VALUES(0, 704);
INSERT INTO Projection VALUES(704, 2010, 99, 3783, 2.6);
INSERT INTO RangeProj VALUES(0, 705);
INSERT INTO Projection VALUES(705, 2015, 142, 3842, 3.7);
INSERT INTO RangeProj VALUES(0, 706);
INSERT INTO Projection VALUES(706, 2020, 188, 3883, 4.8);
INSERT INTO RangeProj VALUES(0, 707);
INSERT INTO Projection VALUES(707, 2025, 221, 3887, 5.7);
INSERT INTO RangeProj VALUES(0, 708);
INSERT INTO Projection VALUES(708, 2010, 81, 3783, 2.1);
INSERT INTO RangeProj VALUES(0, 709);
INSERT INTO Projection VALUES(709, 2015, 98, 3842, 2.6);
INSERT INTO RangeProj VALUES(0, 710);
INSERT INTO Projection VALUES(710, 2020, 127, 3883, 3.3);
INSERT INTO RangeProj VALUES(0, 711);
INSERT INTO Projection VALUES(711, 2025, 168, 3887, 4.3);
INSERT INTO RangeProj VALUES(0, 712);
INSERT INTO Projection VALUES(712, 2010, 60, 3783, 1.6);
commit;
INSERT INTO RangeProj VALUES(0, 713);
INSERT INTO Projection VALUES(713, 2015, 59, 3842, 1.5);
INSERT INTO RangeProj VALUES(0, 714);
INSERT INTO Projection VALUES(714, 2020, 79, 3883, 2.0);
INSERT INTO RangeProj VALUES(0, 715);
INSERT INTO Projection VALUES(715, 2025, 107, 3887, 2.8);
INSERT INTO RangeProj VALUES(0, 716);
INSERT INTO Projection VALUES(716, 2010, 54, 3783, 1.4);
INSERT INTO RangeProj VALUES(0, 717);
INSERT INTO Projection VALUES(717, 2015, 64, 3842, 1.7);
INSERT INTO RangeProj VALUES(0, 718);
INSERT INTO Projection VALUES(718, 2020, 66, 3883, 1.7);
INSERT INTO RangeProj VALUES(0, 719);
INSERT INTO Projection VALUES(719, 2025, 79, 3887, 2.0);
INSERT INTO SubRange VALUES(41010, 0);
INSERT INTO SubRange VALUES(41010, 1);
INSERT INTO SubRange VALUES(41010, 2);
INSERT INTO SubRange VALUES(41010, 3);
INSERT INTO SubRange VALUES(41010, 4);
INSERT INTO SubRange VALUES(41010, 5);
INSERT INTO SubRange VALUES(41010, 6);
INSERT INTO SubRange VALUES(41010, 7);
INSERT INTO SubRange VALUES(41010, 8);
INSERT INTO SubRange VALUES(41010, 9);
INSERT INTO SubRange VALUES(41010, 10);
INSERT INTO SubRange VALUES(41010, 11);
INSERT INTO SubRange VALUES(41010, 12);
INSERT INTO SubRange VALUES(41010, 13);
INSERT INTO SubRange VALUES(41010, 14);
INSERT INTO SubRange VALUES(41010, 15);
INSERT INTO SubRange VALUES(41010, 16);
INSERT INTO SubRange VALUES(41010, 17);
INSERT INTO Suburb VALUES(41060, 'Charles Sturt');
INSERT INTO RangeProj VALUES(0, 720);
INSERT INTO Projection VALUES(720, 2010, 5549, 106069, 5.2);
INSERT INTO RangeProj VALUES(0, 721);
INSERT INTO Projection VALUES(721, 2015, 5612, 108311, 5.2);
INSERT INTO RangeProj VALUES(0, 722);
INSERT INTO Projection VALUES(722, 2020, 5637, 110515, 5.1);
INSERT INTO RangeProj VALUES(0, 723);
INSERT INTO Projection VALUES(723, 2025, 5621, 112602, 5.0);
INSERT INTO RangeProj VALUES(0, 724);
INSERT INTO Projection VALUES(724, 2010, 5470, 106069, 5.2);
INSERT INTO RangeProj VALUES(0, 725);
INSERT INTO Projection VALUES(725, 2015, 5747, 108311, 5.3);
INSERT INTO RangeProj VALUES(0, 726);
INSERT INTO Projection VALUES(726, 2020, 5838, 110515, 5.3);
INSERT INTO RangeProj VALUES(0, 727);
INSERT INTO Projection VALUES(727, 2025, 5842, 112602, 5.2);
INSERT INTO RangeProj VALUES(0, 728);
INSERT INTO Projection VALUES(728, 2010, 5709, 106069, 5.4);
INSERT INTO RangeProj VALUES(0, 729);
INSERT INTO Projection VALUES(729, 2015, 5579, 108311, 5.2);
INSERT INTO RangeProj VALUES(0, 730);
INSERT INTO Projection VALUES(730, 2020, 5879, 110515, 5.3);
INSERT INTO RangeProj VALUES(0, 731);
INSERT INTO Projection VALUES(731, 2025, 5949, 112602, 5.3);
INSERT INTO RangeProj VALUES(0, 732);
INSERT INTO Projection VALUES(732, 2010, 6392, 106069, 6.0);
INSERT INTO RangeProj VALUES(0, 733);
INSERT INTO Projection VALUES(733, 2015, 6336, 108311, 5.8);
INSERT INTO RangeProj VALUES(0, 734);
INSERT INTO Projection VALUES(734, 2020, 6147, 110515, 5.6);
INSERT INTO RangeProj VALUES(0, 735);
INSERT INTO Projection VALUES(735, 2025, 6435, 112602, 5.7);
INSERT INTO RangeProj VALUES(0, 736);
INSERT INTO Projection VALUES(736, 2010, 6885, 106069, 6.5);
INSERT INTO RangeProj VALUES(0, 737);
INSERT INTO Projection VALUES(737, 2015, 7022, 108311, 6.5);
INSERT INTO RangeProj VALUES(0, 738);
INSERT INTO Projection VALUES(738, 2020, 6820, 110515, 6.2);
INSERT INTO RangeProj VALUES(0, 739);
INSERT INTO Projection VALUES(739, 2025, 6581, 112602, 5.8);
INSERT INTO RangeProj VALUES(0, 740);
INSERT INTO Projection VALUES(740, 2010, 6894, 106069, 6.5);
INSERT INTO RangeProj VALUES(0, 741);
INSERT INTO Projection VALUES(741, 2015, 6881, 108311, 6.4);
INSERT INTO RangeProj VALUES(0, 742);
INSERT INTO Projection VALUES(742, 2020, 6921, 110515, 6.3);
INSERT INTO RangeProj VALUES(0, 743);
INSERT INTO Projection VALUES(743, 2025, 6662, 112602, 5.9);
INSERT INTO RangeProj VALUES(0, 744);
INSERT INTO Projection VALUES(744, 2010, 6284, 106069, 5.9);
INSERT INTO RangeProj VALUES(0, 745);
INSERT INTO Projection VALUES(745, 2015, 6837, 108311, 6.3);
INSERT INTO RangeProj VALUES(0, 746);
INSERT INTO Projection VALUES(746, 2020, 6845, 110515, 6.2);
INSERT INTO RangeProj VALUES(0, 747);
INSERT INTO Projection VALUES(747, 2025, 6871, 112602, 6.1);
INSERT INTO RangeProj VALUES(0, 748);
INSERT INTO Projection VALUES(748, 2010, 7490, 106069, 7.1);
INSERT INTO RangeProj VALUES(0, 749);
INSERT INTO Projection VALUES(749, 2015, 6844, 108311, 6.3);
INSERT INTO RangeProj VALUES(0, 750);
INSERT INTO Projection VALUES(750, 2020, 7457, 110515, 6.7);
INSERT INTO RangeProj VALUES(0, 751);
INSERT INTO Projection VALUES(751, 2025, 7487, 112602, 6.6);
INSERT INTO RangeProj VALUES(0, 752);
INSERT INTO Projection VALUES(752, 2010, 7600, 106069, 7.2);
INSERT INTO RangeProj VALUES(0, 753);
INSERT INTO Projection VALUES(753, 2015, 7491, 108311, 6.9);
commit;
INSERT INTO RangeProj VALUES(0, 754);
INSERT INTO Projection VALUES(754, 2020, 6980, 110515, 6.3);
INSERT INTO RangeProj VALUES(0, 755);
INSERT INTO Projection VALUES(755, 2025, 7647, 112602, 6.8);
INSERT INTO RangeProj VALUES(0, 756);
INSERT INTO Projection VALUES(756, 2010, 7605, 106069, 7.2);
INSERT INTO RangeProj VALUES(0, 757);
INSERT INTO Projection VALUES(757, 2015, 7328, 108311, 6.8);
INSERT INTO RangeProj VALUES(0, 758);
INSERT INTO Projection VALUES(758, 2020, 7270, 110515, 6.6);
INSERT INTO RangeProj VALUES(0, 759);
INSERT INTO Projection VALUES(759, 2025, 6854, 112602, 6.1);
INSERT INTO RangeProj VALUES(0, 760);
INSERT INTO Projection VALUES(760, 2010, 7228, 106069, 6.8);
INSERT INTO RangeProj VALUES(0, 761);
INSERT INTO Projection VALUES(761, 2015, 7378, 108311, 6.8);
INSERT INTO RangeProj VALUES(0, 762);
INSERT INTO Projection VALUES(762, 2020, 7076, 110515, 6.4);
INSERT INTO RangeProj VALUES(0, 763);
INSERT INTO Projection VALUES(763, 2025, 7048, 112602, 6.3);
INSERT INTO RangeProj VALUES(0, 764);
INSERT INTO Projection VALUES(764, 2010, 6715, 106069, 6.3);
INSERT INTO RangeProj VALUES(0, 765);
INSERT INTO Projection VALUES(765, 2015, 7057, 108311, 6.5);
INSERT INTO RangeProj VALUES(0, 766);
INSERT INTO Projection VALUES(766, 2020, 7172, 110515, 6.5);
INSERT INTO RangeProj VALUES(0, 767);
INSERT INTO Projection VALUES(767, 2025, 6882, 112602, 6.1);
INSERT INTO RangeProj VALUES(0, 768);
INSERT INTO Projection VALUES(768, 2010, 6318, 106069, 6.0);
INSERT INTO RangeProj VALUES(0, 769);
INSERT INTO Projection VALUES(769, 2015, 6377, 108311, 5.9);
INSERT INTO RangeProj VALUES(0, 770);
INSERT INTO Projection VALUES(770, 2020, 6712, 110515, 6.1);
INSERT INTO RangeProj VALUES(0, 771);
INSERT INTO Projection VALUES(771, 2025, 6795, 112602, 6.0);
INSERT INTO RangeProj VALUES(0, 772);
INSERT INTO Projection VALUES(772, 2010, 4827, 106069, 4.6);
INSERT INTO RangeProj VALUES(0, 773);
INSERT INTO Projection VALUES(773, 2015, 6049, 108311, 5.6);
INSERT INTO RangeProj VALUES(0, 774);
INSERT INTO Projection VALUES(774, 2020, 6129, 110515, 5.5);
INSERT INTO RangeProj VALUES(0, 775);
INSERT INTO Projection VALUES(775, 2025, 6444, 112602, 5.7);
INSERT INTO RangeProj VALUES(0, 776);
INSERT INTO Projection VALUES(776, 2010, 4484, 106069, 4.2);
INSERT INTO RangeProj VALUES(0, 777);
INSERT INTO Projection VALUES(777, 2015, 4648, 108311, 4.3);
INSERT INTO RangeProj VALUES(0, 778);
INSERT INTO Projection VALUES(778, 2020, 5856, 110515, 5.3);
INSERT INTO RangeProj VALUES(0, 779);
INSERT INTO Projection VALUES(779, 2025, 5961, 112602, 5.3);
INSERT INTO RangeProj VALUES(0, 780);
INSERT INTO Projection VALUES(780, 2010, 3893, 106069, 3.7);
INSERT INTO RangeProj VALUES(0, 781);
INSERT INTO Projection VALUES(781, 2015, 4212, 108311, 3.9);
INSERT INTO RangeProj VALUES(0, 782);
INSERT INTO Projection VALUES(782, 2020, 4457, 110515, 4.0);
INSERT INTO RangeProj VALUES(0, 783);
INSERT INTO Projection VALUES(783, 2025, 5642, 112602, 5.0);
INSERT INTO RangeProj VALUES(0, 784);
INSERT INTO Projection VALUES(784, 2010, 3500, 106069, 3.3);
INSERT INTO RangeProj VALUES(0, 785);
INSERT INTO Projection VALUES(785, 2015, 3165, 108311, 2.9);
INSERT INTO RangeProj VALUES(0, 786);
INSERT INTO Projection VALUES(786, 2020, 3503, 110515, 3.2);
INSERT INTO RangeProj VALUES(0, 787);
INSERT INTO Projection VALUES(787, 2025, 3778, 112602, 3.4);
INSERT INTO RangeProj VALUES(0, 788);
INSERT INTO Projection VALUES(788, 2010, 3226, 106069, 3.0);
INSERT INTO RangeProj VALUES(0, 789);
INSERT INTO Projection VALUES(789, 2015, 3748, 108311, 3.5);
INSERT INTO RangeProj VALUES(0, 790);
INSERT INTO Projection VALUES(790, 2020, 3816, 110515, 3.5);
INSERT INTO RangeProj VALUES(0, 791);
INSERT INTO Projection VALUES(791, 2025, 4103, 112602, 3.6);
INSERT INTO SubRange VALUES(41060, 0);
INSERT INTO SubRange VALUES(41060, 1);
INSERT INTO SubRange VALUES(41060, 2);
INSERT INTO SubRange VALUES(41060, 3);
INSERT INTO SubRange VALUES(41060, 4);
INSERT INTO SubRange VALUES(41060, 5);
INSERT INTO SubRange VALUES(41060, 6);
INSERT INTO SubRange VALUES(41060, 7);
INSERT INTO SubRange VALUES(41060, 8);
INSERT INTO SubRange VALUES(41060, 9);
INSERT INTO SubRange VALUES(41060, 10);
INSERT INTO SubRange VALUES(41060, 11);
INSERT INTO SubRange VALUES(41060, 12);
INSERT INTO SubRange VALUES(41060, 13);
INSERT INTO SubRange VALUES(41060, 14);
INSERT INTO SubRange VALUES(41060, 15);
INSERT INTO SubRange VALUES(41060, 16);
INSERT INTO SubRange VALUES(41060, 17);
INSERT INTO Suburb VALUES(41140, 'Clare and Gilbert Valleys');
INSERT INTO RangeProj VALUES(0, 792);
INSERT INTO Projection VALUES(792, 2010, 577, 8724, 6.6);
INSERT INTO RangeProj VALUES(0, 793);
INSERT INTO Projection VALUES(793, 2015, 604, 9012, 6.7);
INSERT INTO RangeProj VALUES(0, 794);
INSERT INTO Projection VALUES(794, 2020, 609, 9285, 6.6);
commit;
INSERT INTO RangeProj VALUES(0, 795);
INSERT INTO Projection VALUES(795, 2025, 603, 9520, 6.3);
INSERT INTO RangeProj VALUES(0, 796);
INSERT INTO Projection VALUES(796, 2010, 518, 8724, 5.9);
INSERT INTO RangeProj VALUES(0, 797);
INSERT INTO Projection VALUES(797, 2015, 579, 9012, 6.4);
INSERT INTO RangeProj VALUES(0, 798);
INSERT INTO Projection VALUES(798, 2020, 597, 9285, 6.4);
INSERT INTO RangeProj VALUES(0, 799);
INSERT INTO Projection VALUES(799, 2025, 596, 9520, 6.3);
INSERT INTO RangeProj VALUES(0, 800);
INSERT INTO Projection VALUES(800, 2010, 549, 8724, 6.3);
INSERT INTO RangeProj VALUES(0, 801);
INSERT INTO Projection VALUES(801, 2015, 529, 9012, 5.9);
INSERT INTO RangeProj VALUES(0, 802);
INSERT INTO Projection VALUES(802, 2020, 578, 9285, 6.2);
INSERT INTO RangeProj VALUES(0, 803);
INSERT INTO Projection VALUES(803, 2025, 598, 9520, 6.3);
INSERT INTO RangeProj VALUES(0, 804);
INSERT INTO Projection VALUES(804, 2010, 476, 8724, 5.5);
INSERT INTO RangeProj VALUES(0, 805);
INSERT INTO Projection VALUES(805, 2015, 439, 9012, 4.9);
INSERT INTO RangeProj VALUES(0, 806);
INSERT INTO Projection VALUES(806, 2020, 413, 9285, 4.4);
INSERT INTO RangeProj VALUES(0, 807);
INSERT INTO Projection VALUES(807, 2025, 451, 9520, 4.7);
INSERT INTO RangeProj VALUES(0, 808);
INSERT INTO Projection VALUES(808, 2010, 458, 8724, 5.2);
INSERT INTO RangeProj VALUES(0, 809);
INSERT INTO Projection VALUES(809, 2015, 416, 9012, 4.6);
INSERT INTO RangeProj VALUES(0, 810);
INSERT INTO Projection VALUES(810, 2020, 392, 9285, 4.2);
INSERT INTO RangeProj VALUES(0, 811);
INSERT INTO Projection VALUES(811, 2025, 365, 9520, 3.8);
INSERT INTO RangeProj VALUES(0, 812);
INSERT INTO Projection VALUES(812, 2010, 435, 8724, 5.0);
INSERT INTO RangeProj VALUES(0, 813);
INSERT INTO Projection VALUES(813, 2015, 485, 9012, 5.4);
INSERT INTO RangeProj VALUES(0, 814);
INSERT INTO Projection VALUES(814, 2020, 460, 9285, 5.0);
INSERT INTO RangeProj VALUES(0, 815);
INSERT INTO Projection VALUES(815, 2025, 445, 9520, 4.7);
INSERT INTO RangeProj VALUES(0, 816);
INSERT INTO Projection VALUES(816, 2010, 447, 8724, 5.1);
INSERT INTO RangeProj VALUES(0, 817);
INSERT INTO Projection VALUES(817, 2015, 505, 9012, 5.6);
INSERT INTO RangeProj VALUES(0, 818);
INSERT INTO Projection VALUES(818, 2020, 539, 9285, 5.8);
INSERT INTO RangeProj VALUES(0, 819);
INSERT INTO Projection VALUES(819, 2025, 517, 9520, 5.4);
INSERT INTO RangeProj VALUES(0, 820);
INSERT INTO Projection VALUES(820, 2010, 485, 8724, 5.6);
INSERT INTO RangeProj VALUES(0, 821);
INSERT INTO Projection VALUES(821, 2015, 461, 9012, 5.1);
INSERT INTO RangeProj VALUES(0, 822);
INSERT INTO Projection VALUES(822, 2020, 506, 9285, 5.4);
INSERT INTO RangeProj VALUES(0, 823);
INSERT INTO Projection VALUES(823, 2025, 530, 9520, 5.6);
INSERT INTO RangeProj VALUES(0, 824);
INSERT INTO Projection VALUES(824, 2010, 612, 8724, 7.0);
INSERT INTO RangeProj VALUES(0, 825);
INSERT INTO Projection VALUES(825, 2015, 546, 9012, 6.1);
INSERT INTO RangeProj VALUES(0, 826);
INSERT INTO Projection VALUES(826, 2020, 525, 9285, 5.7);
INSERT INTO RangeProj VALUES(0, 827);
INSERT INTO Projection VALUES(827, 2025, 569, 9520, 6.0);
INSERT INTO RangeProj VALUES(0, 828);
INSERT INTO Projection VALUES(828, 2010, 621, 8724, 7.1);
INSERT INTO RangeProj VALUES(0, 829);
INSERT INTO Projection VALUES(829, 2015, 620, 9012, 6.9);
INSERT INTO RangeProj VALUES(0, 830);
INSERT INTO Projection VALUES(830, 2020, 570, 9285, 6.1);
INSERT INTO RangeProj VALUES(0, 831);
INSERT INTO Projection VALUES(831, 2025, 549, 9520, 5.8);
INSERT INTO RangeProj VALUES(0, 832);
INSERT INTO Projection VALUES(832, 2010, 655, 8724, 7.5);
INSERT INTO RangeProj VALUES(0, 833);
INSERT INTO Projection VALUES(833, 2015, 619, 9012, 6.9);
INSERT INTO RangeProj VALUES(0, 834);
INSERT INTO Projection VALUES(834, 2020, 618, 9285, 6.7);
INSERT INTO RangeProj VALUES(0, 835);
INSERT INTO Projection VALUES(835, 2025, 577, 9520, 6.1);
INSERT INTO RangeProj VALUES(0, 836);
INSERT INTO Projection VALUES(836, 2010, 615, 8724, 7.0);
INSERT INTO RangeProj VALUES(0, 837);
INSERT INTO Projection VALUES(837, 2015, 636, 9012, 7.1);
INSERT INTO RangeProj VALUES(0, 838);
INSERT INTO Projection VALUES(838, 2020, 611, 9285, 6.6);
INSERT INTO RangeProj VALUES(0, 839);
INSERT INTO Projection VALUES(839, 2025, 606, 9520, 6.4);
INSERT INTO RangeProj VALUES(0, 840);
INSERT INTO Projection VALUES(840, 2010, 629, 8724, 7.2);
INSERT INTO RangeProj VALUES(0, 841);
INSERT INTO Projection VALUES(841, 2015, 642, 9012, 7.1);
INSERT INTO RangeProj VALUES(0, 842);
INSERT INTO Projection VALUES(842, 2020, 670, 9285, 7.2);
INSERT INTO RangeProj VALUES(0, 843);
INSERT INTO Projection VALUES(843, 2025, 658, 9520, 6.9);
INSERT INTO RangeProj VALUES(0, 844);
INSERT INTO Projection VALUES(844, 2010, 538, 8724, 6.2);
INSERT INTO RangeProj VALUES(0, 845);
commit;
INSERT INTO Projection VALUES(845, 2015, 641, 9012, 7.1);
INSERT INTO RangeProj VALUES(0, 846);
INSERT INTO Projection VALUES(846, 2020, 654, 9285, 7.0);
INSERT INTO RangeProj VALUES(0, 847);
INSERT INTO Projection VALUES(847, 2025, 681, 9520, 7.2);
INSERT INTO RangeProj VALUES(0, 848);
INSERT INTO Projection VALUES(848, 2010, 372, 8724, 4.3);
INSERT INTO RangeProj VALUES(0, 849);
INSERT INTO Projection VALUES(849, 2015, 482, 9012, 5.3);
INSERT INTO RangeProj VALUES(0, 850);
INSERT INTO Projection VALUES(850, 2020, 587, 9285, 6.3);
INSERT INTO RangeProj VALUES(0, 851);
INSERT INTO Projection VALUES(851, 2025, 606, 9520, 6.4);
INSERT INTO RangeProj VALUES(0, 852);
INSERT INTO Projection VALUES(852, 2010, 265, 8724, 3.0);
INSERT INTO RangeProj VALUES(0, 853);
INSERT INTO Projection VALUES(853, 2015, 301, 9012, 3.3);
INSERT INTO RangeProj VALUES(0, 854);
INSERT INTO Projection VALUES(854, 2020, 403, 9285, 4.3);
INSERT INTO RangeProj VALUES(0, 855);
INSERT INTO Projection VALUES(855, 2025, 500, 9520, 5.3);
INSERT INTO RangeProj VALUES(0, 856);
INSERT INTO Projection VALUES(856, 2010, 253, 8724, 2.9);
INSERT INTO RangeProj VALUES(0, 857);
INSERT INTO Projection VALUES(857, 2015, 222, 9012, 2.5);
INSERT INTO RangeProj VALUES(0, 858);
INSERT INTO Projection VALUES(858, 2020, 251, 9285, 2.7);
INSERT INTO RangeProj VALUES(0, 859);
INSERT INTO Projection VALUES(859, 2025, 342, 9520, 3.6);
INSERT INTO RangeProj VALUES(0, 860);
INSERT INTO Projection VALUES(860, 2010, 219, 8724, 2.5);
INSERT INTO RangeProj VALUES(0, 861);
INSERT INTO Projection VALUES(861, 2015, 285, 9012, 3.2);
INSERT INTO RangeProj VALUES(0, 862);
INSERT INTO Projection VALUES(862, 2020, 302, 9285, 3.3);
INSERT INTO RangeProj VALUES(0, 863);
INSERT INTO Projection VALUES(863, 2025, 327, 9520, 3.4);
INSERT INTO SubRange VALUES(41140, 0);
INSERT INTO SubRange VALUES(41140, 1);
INSERT INTO SubRange VALUES(41140, 2);
INSERT INTO SubRange VALUES(41140, 3);
INSERT INTO SubRange VALUES(41140, 4);
INSERT INTO SubRange VALUES(41140, 5);
INSERT INTO SubRange VALUES(41140, 6);
INSERT INTO SubRange VALUES(41140, 7);
INSERT INTO SubRange VALUES(41140, 8);
INSERT INTO SubRange VALUES(41140, 9);
INSERT INTO SubRange VALUES(41140, 10);
INSERT INTO SubRange VALUES(41140, 11);
INSERT INTO SubRange VALUES(41140, 12);
INSERT INTO SubRange VALUES(41140, 13);
INSERT INTO SubRange VALUES(41140, 14);
INSERT INTO SubRange VALUES(41140, 15);
INSERT INTO SubRange VALUES(41140, 16);
INSERT INTO SubRange VALUES(41140, 17);
INSERT INTO Suburb VALUES(41190, 'Cleve');
INSERT INTO RangeProj VALUES(0, 864);
INSERT INTO Projection VALUES(864, 2010, 126, 1962, 6.4);
INSERT INTO RangeProj VALUES(0, 865);
INSERT INTO Projection VALUES(865, 2015, 137, 2007, 6.8);
INSERT INTO RangeProj VALUES(0, 866);
INSERT INTO Projection VALUES(866, 2020, 142, 2059, 6.9);
INSERT INTO RangeProj VALUES(0, 867);
INSERT INTO Projection VALUES(867, 2025, 142, 2118, 6.7);
INSERT INTO RangeProj VALUES(0, 868);
INSERT INTO Projection VALUES(868, 2010, 161, 1962, 8.2);
INSERT INTO RangeProj VALUES(0, 869);
INSERT INTO Projection VALUES(869, 2015, 142, 2007, 7.1);
INSERT INTO RangeProj VALUES(0, 870);
INSERT INTO Projection VALUES(870, 2020, 150, 2059, 7.3);
INSERT INTO RangeProj VALUES(0, 871);
INSERT INTO Projection VALUES(871, 2025, 152, 2118, 7.2);
INSERT INTO RangeProj VALUES(0, 872);
INSERT INTO Projection VALUES(872, 2010, 127, 1962, 6.5);
INSERT INTO RangeProj VALUES(0, 873);
INSERT INTO Projection VALUES(873, 2015, 137, 2007, 6.8);
INSERT INTO RangeProj VALUES(0, 874);
INSERT INTO Projection VALUES(874, 2020, 124, 2059, 6.0);
INSERT INTO RangeProj VALUES(0, 875);
INSERT INTO Projection VALUES(875, 2025, 131, 2118, 6.2);
INSERT INTO RangeProj VALUES(0, 876);
INSERT INTO Projection VALUES(876, 2010, 93, 1962, 4.7);
INSERT INTO RangeProj VALUES(0, 877);
INSERT INTO Projection VALUES(877, 2015, 90, 2007, 4.5);
INSERT INTO RangeProj VALUES(0, 878);
INSERT INTO Projection VALUES(878, 2020, 94, 2059, 4.6);
INSERT INTO RangeProj VALUES(0, 879);
INSERT INTO Projection VALUES(879, 2025, 90, 2118, 4.2);
INSERT INTO RangeProj VALUES(0, 880);
INSERT INTO Projection VALUES(880, 2010, 109, 1962, 5.6);
INSERT INTO RangeProj VALUES(0, 881);
INSERT INTO Projection VALUES(881, 2015, 110, 2007, 5.5);
INSERT INTO RangeProj VALUES(0, 882);
INSERT INTO Projection VALUES(882, 2020, 105, 2059, 5.1);
INSERT INTO RangeProj VALUES(0, 883);
INSERT INTO Projection VALUES(883, 2025, 107, 2118, 5.1);
INSERT INTO RangeProj VALUES(0, 884);
INSERT INTO Projection VALUES(884, 2010, 113, 1962, 5.8);
INSERT INTO RangeProj VALUES(0, 885);
INSERT INTO Projection VALUES(885, 2015, 138, 2007, 6.9);
INSERT INTO RangeProj VALUES(0, 886);
commit;
INSERT INTO Projection VALUES(886, 2020, 142, 2059, 6.9);
INSERT INTO RangeProj VALUES(0, 887);
INSERT INTO Projection VALUES(887, 2025, 137, 2118, 6.5);
INSERT INTO RangeProj VALUES(0, 888);
INSERT INTO Projection VALUES(888, 2010, 127, 1962, 6.5);
INSERT INTO RangeProj VALUES(0, 889);
INSERT INTO Projection VALUES(889, 2015, 123, 2007, 6.1);
INSERT INTO RangeProj VALUES(0, 890);
INSERT INTO Projection VALUES(890, 2020, 143, 2059, 6.9);
INSERT INTO RangeProj VALUES(0, 891);
INSERT INTO Projection VALUES(891, 2025, 145, 2118, 6.8);
INSERT INTO RangeProj VALUES(0, 892);
INSERT INTO Projection VALUES(892, 2010, 126, 1962, 6.4);
INSERT INTO RangeProj VALUES(0, 893);
INSERT INTO Projection VALUES(893, 2015, 118, 2007, 5.9);
INSERT INTO RangeProj VALUES(0, 894);
INSERT INTO Projection VALUES(894, 2020, 116, 2059, 5.6);
INSERT INTO RangeProj VALUES(0, 895);
INSERT INTO Projection VALUES(895, 2025, 132, 2118, 6.2);
INSERT INTO RangeProj VALUES(0, 896);
INSERT INTO Projection VALUES(896, 2010, 117, 1962, 6.0);
INSERT INTO RangeProj VALUES(0, 897);
INSERT INTO Projection VALUES(897, 2015, 124, 2007, 6.2);
INSERT INTO RangeProj VALUES(0, 898);
INSERT INTO Projection VALUES(898, 2020, 118, 2059, 5.7);
INSERT INTO RangeProj VALUES(0, 899);
INSERT INTO Projection VALUES(899, 2025, 123, 2118, 5.8);
INSERT INTO RangeProj VALUES(0, 900);
INSERT INTO Projection VALUES(900, 2010, 135, 1962, 6.9);
INSERT INTO RangeProj VALUES(0, 901);
INSERT INTO Projection VALUES(901, 2015, 132, 2007, 6.6);
INSERT INTO RangeProj VALUES(0, 902);
INSERT INTO Projection VALUES(902, 2020, 136, 2059, 6.6);
INSERT INTO RangeProj VALUES(0, 903);
INSERT INTO Projection VALUES(903, 2025, 132, 2118, 6.2);
INSERT INTO RangeProj VALUES(0, 904);
INSERT INTO Projection VALUES(904, 2010, 137, 1962, 7.0);
INSERT INTO RangeProj VALUES(0, 905);
INSERT INTO Projection VALUES(905, 2015, 127, 2007, 6.3);
INSERT INTO RangeProj VALUES(0, 906);
INSERT INTO Projection VALUES(906, 2020, 125, 2059, 6.1);
INSERT INTO RangeProj VALUES(0, 907);
INSERT INTO Projection VALUES(907, 2025, 129, 2118, 6.1);
INSERT INTO RangeProj VALUES(0, 908);
INSERT INTO Projection VALUES(908, 2010, 138, 1962, 7.0);
INSERT INTO RangeProj VALUES(0, 909);
INSERT INTO Projection VALUES(909, 2015, 138, 2007, 6.9);
INSERT INTO RangeProj VALUES(0, 910);
INSERT INTO Projection VALUES(910, 2020, 132, 2059, 6.4);
INSERT INTO RangeProj VALUES(0, 911);
INSERT INTO Projection VALUES(911, 2025, 128, 2118, 6.0);
INSERT INTO RangeProj VALUES(0, 912);
INSERT INTO Projection VALUES(912, 2010, 124, 1962, 6.3);
INSERT INTO RangeProj VALUES(0, 913);
INSERT INTO Projection VALUES(913, 2015, 128, 2007, 6.4);
INSERT INTO RangeProj VALUES(0, 914);
INSERT INTO Projection VALUES(914, 2020, 130, 2059, 6.3);
INSERT INTO RangeProj VALUES(0, 915);
INSERT INTO Projection VALUES(915, 2025, 125, 2118, 5.9);
INSERT INTO RangeProj VALUES(0, 916);
INSERT INTO Projection VALUES(916, 2010, 98, 1962, 5.0);
INSERT INTO RangeProj VALUES(0, 917);
INSERT INTO Projection VALUES(917, 2015, 112, 2007, 5.6);
INSERT INTO RangeProj VALUES(0, 918);
INSERT INTO Projection VALUES(918, 2020, 121, 2059, 5.9);
INSERT INTO RangeProj VALUES(0, 919);
INSERT INTO Projection VALUES(919, 2025, 123, 2118, 5.8);
INSERT INTO RangeProj VALUES(0, 920);
INSERT INTO Projection VALUES(920, 2010, 76, 1962, 3.9);
INSERT INTO RangeProj VALUES(0, 921);
INSERT INTO Projection VALUES(921, 2015, 88, 2007, 4.4);
INSERT INTO RangeProj VALUES(0, 922);
INSERT INTO Projection VALUES(922, 2020, 105, 2059, 5.1);
INSERT INTO RangeProj VALUES(0, 923);
INSERT INTO Projection VALUES(923, 2025, 114, 2118, 5.4);
INSERT INTO RangeProj VALUES(0, 924);
INSERT INTO Projection VALUES(924, 2010, 63, 1962, 3.2);
INSERT INTO RangeProj VALUES(0, 925);
INSERT INTO Projection VALUES(925, 2015, 66, 2007, 3.3);
INSERT INTO RangeProj VALUES(0, 926);
INSERT INTO Projection VALUES(926, 2020, 75, 2059, 3.6);
INSERT INTO RangeProj VALUES(0, 927);
INSERT INTO Projection VALUES(927, 2025, 91, 2118, 4.3);
INSERT INTO RangeProj VALUES(0, 928);
INSERT INTO Projection VALUES(928, 2010, 44, 1962, 2.2);
INSERT INTO RangeProj VALUES(0, 929);
INSERT INTO Projection VALUES(929, 2015, 48, 2007, 2.4);
INSERT INTO RangeProj VALUES(0, 930);
INSERT INTO Projection VALUES(930, 2020, 52, 2059, 2.5);
INSERT INTO RangeProj VALUES(0, 931);
INSERT INTO Projection VALUES(931, 2025, 62, 2118, 2.9);
INSERT INTO RangeProj VALUES(0, 932);
INSERT INTO Projection VALUES(932, 2010, 48, 1962, 2.4);
INSERT INTO RangeProj VALUES(0, 933);
INSERT INTO Projection VALUES(933, 2015, 49, 2007, 2.4);
INSERT INTO RangeProj VALUES(0, 934);
INSERT INTO Projection VALUES(934, 2020, 49, 2059, 2.4);
INSERT INTO RangeProj VALUES(0, 935);
INSERT INTO Projection VALUES(935, 2025, 55, 2118, 2.6);
INSERT INTO SubRange VALUES(41190, 0);
INSERT INTO SubRange VALUES(41190, 1);
commit;
INSERT INTO SubRange VALUES(41190, 2);
INSERT INTO SubRange VALUES(41190, 3);
INSERT INTO SubRange VALUES(41190, 4);
INSERT INTO SubRange VALUES(41190, 5);
INSERT INTO SubRange VALUES(41190, 6);
INSERT INTO SubRange VALUES(41190, 7);
INSERT INTO SubRange VALUES(41190, 8);
INSERT INTO SubRange VALUES(41190, 9);
INSERT INTO SubRange VALUES(41190, 10);
INSERT INTO SubRange VALUES(41190, 11);
INSERT INTO SubRange VALUES(41190, 12);
INSERT INTO SubRange VALUES(41190, 13);
INSERT INTO SubRange VALUES(41190, 14);
INSERT INTO SubRange VALUES(41190, 15);
INSERT INTO SubRange VALUES(41190, 16);
INSERT INTO SubRange VALUES(41190, 17);
INSERT INTO Suburb VALUES(41330, 'Coober Pedy');
INSERT INTO RangeProj VALUES(0, 936);
INSERT INTO Projection VALUES(936, 2010, 109, 1895, 5.8);
INSERT INTO RangeProj VALUES(0, 937);
INSERT INTO Projection VALUES(937, 2015, 99, 1744, 5.7);
INSERT INTO RangeProj VALUES(0, 938);
INSERT INTO Projection VALUES(938, 2020, 80, 1570, 5.1);
INSERT INTO RangeProj VALUES(0, 939);
INSERT INTO Projection VALUES(939, 2025, 67, 1381, 4.9);
INSERT INTO RangeProj VALUES(0, 940);
INSERT INTO Projection VALUES(940, 2010, 96, 1895, 5.1);
INSERT INTO RangeProj VALUES(0, 941);
INSERT INTO Projection VALUES(941, 2015, 88, 1744, 5.0);
INSERT INTO RangeProj VALUES(0, 942);
INSERT INTO Projection VALUES(942, 2020, 77, 1570, 4.9);
INSERT INTO RangeProj VALUES(0, 943);
INSERT INTO Projection VALUES(943, 2025, 61, 1381, 4.4);
INSERT INTO RangeProj VALUES(0, 944);
INSERT INTO Projection VALUES(944, 2010, 97, 1895, 5.1);
INSERT INTO RangeProj VALUES(0, 945);
INSERT INTO Projection VALUES(945, 2015, 87, 1744, 5.0);
INSERT INTO RangeProj VALUES(0, 946);
INSERT INTO Projection VALUES(946, 2020, 82, 1570, 5.2);
INSERT INTO RangeProj VALUES(0, 947);
INSERT INTO Projection VALUES(947, 2025, 62, 1381, 4.5);
INSERT INTO RangeProj VALUES(0, 948);
INSERT INTO Projection VALUES(948, 2010, 84, 1895, 4.4);
INSERT INTO RangeProj VALUES(0, 949);
INSERT INTO Projection VALUES(949, 2015, 68, 1744, 3.9);
INSERT INTO RangeProj VALUES(0, 950);
INSERT INTO Projection VALUES(950, 2020, 63, 1570, 4.0);
INSERT INTO RangeProj VALUES(0, 951);
INSERT INTO Projection VALUES(951, 2025, 54, 1381, 3.9);
INSERT INTO RangeProj VALUES(0, 952);
INSERT INTO Projection VALUES(952, 2010, 81, 1895, 4.3);
INSERT INTO RangeProj VALUES(0, 953);
INSERT INTO Projection VALUES(953, 2015, 66, 1744, 3.8);
INSERT INTO RangeProj VALUES(0, 954);
INSERT INTO Projection VALUES(954, 2020, 55, 1570, 3.5);
INSERT INTO RangeProj VALUES(0, 955);
INSERT INTO Projection VALUES(955, 2025, 43, 1381, 3.1);
INSERT INTO RangeProj VALUES(0, 956);
INSERT INTO Projection VALUES(956, 2010, 105, 1895, 5.5);
INSERT INTO RangeProj VALUES(0, 957);
INSERT INTO Projection VALUES(957, 2015, 91, 1744, 5.2);
INSERT INTO RangeProj VALUES(0, 958);
INSERT INTO Projection VALUES(958, 2020, 79, 1570, 5.0);
INSERT INTO RangeProj VALUES(0, 959);
INSERT INTO Projection VALUES(959, 2025, 71, 1381, 5.1);
INSERT INTO RangeProj VALUES(0, 960);
INSERT INTO Projection VALUES(960, 2010, 108, 1895, 5.7);
INSERT INTO RangeProj VALUES(0, 961);
INSERT INTO Projection VALUES(961, 2015, 106, 1744, 6.1);
INSERT INTO RangeProj VALUES(0, 962);
INSERT INTO Projection VALUES(962, 2020, 83, 1570, 5.3);
INSERT INTO RangeProj VALUES(0, 963);
INSERT INTO Projection VALUES(963, 2025, 66, 1381, 4.8);
INSERT INTO RangeProj VALUES(0, 964);
INSERT INTO Projection VALUES(964, 2010, 106, 1895, 5.6);
INSERT INTO RangeProj VALUES(0, 965);
INSERT INTO Projection VALUES(965, 2015, 93, 1744, 5.3);
INSERT INTO RangeProj VALUES(0, 966);
INSERT INTO Projection VALUES(966, 2020, 85, 1570, 5.4);
INSERT INTO RangeProj VALUES(0, 967);
INSERT INTO Projection VALUES(967, 2025, 70, 1381, 5.1);
INSERT INTO RangeProj VALUES(0, 968);
INSERT INTO Projection VALUES(968, 2010, 131, 1895, 6.9);
INSERT INTO RangeProj VALUES(0, 969);
INSERT INTO Projection VALUES(969, 2015, 109, 1744, 6.3);
INSERT INTO RangeProj VALUES(0, 970);
INSERT INTO Projection VALUES(970, 2020, 86, 1570, 5.5);
INSERT INTO RangeProj VALUES(0, 971);
INSERT INTO Projection VALUES(971, 2025, 81, 1381, 5.9);
INSERT INTO RangeProj VALUES(0, 972);
INSERT INTO Projection VALUES(972, 2010, 152, 1895, 8.0);
INSERT INTO RangeProj VALUES(0, 973);
INSERT INTO Projection VALUES(973, 2015, 126, 1744, 7.2);
INSERT INTO RangeProj VALUES(0, 974);
INSERT INTO Projection VALUES(974, 2020, 113, 1570, 7.2);
INSERT INTO RangeProj VALUES(0, 975);
INSERT INTO Projection VALUES(975, 2025, 84, 1381, 6.1);
INSERT INTO RangeProj VALUES(0, 976);
INSERT INTO Projection VALUES(976, 2010, 150, 1895, 7.9);
INSERT INTO RangeProj VALUES(0, 977);
INSERT INTO Projection VALUES(977, 2015, 144, 1744, 8.3);
commit;
INSERT INTO RangeProj VALUES(0, 978);
INSERT INTO Projection VALUES(978, 2020, 121, 1570, 7.7);
INSERT INTO RangeProj VALUES(0, 979);
INSERT INTO Projection VALUES(979, 2025, 108, 1381, 7.8);
INSERT INTO RangeProj VALUES(0, 980);
INSERT INTO Projection VALUES(980, 2010, 159, 1895, 8.4);
INSERT INTO RangeProj VALUES(0, 981);
INSERT INTO Projection VALUES(981, 2015, 142, 1744, 8.1);
INSERT INTO RangeProj VALUES(0, 982);
INSERT INTO Projection VALUES(982, 2020, 128, 1570, 8.2);
INSERT INTO RangeProj VALUES(0, 983);
INSERT INTO Projection VALUES(983, 2025, 108, 1381, 7.8);
INSERT INTO RangeProj VALUES(0, 984);
INSERT INTO Projection VALUES(984, 2010, 151, 1895, 8.0);
INSERT INTO RangeProj VALUES(0, 985);
INSERT INTO Projection VALUES(985, 2015, 124, 1744, 7.1);
INSERT INTO RangeProj VALUES(0, 986);
INSERT INTO Projection VALUES(986, 2020, 115, 1570, 7.3);
INSERT INTO RangeProj VALUES(0, 987);
INSERT INTO Projection VALUES(987, 2025, 99, 1381, 7.2);
INSERT INTO RangeProj VALUES(0, 988);
INSERT INTO Projection VALUES(988, 2010, 182, 1895, 9.6);
INSERT INTO RangeProj VALUES(0, 989);
INSERT INTO Projection VALUES(989, 2015, 154, 1744, 8.8);
INSERT INTO RangeProj VALUES(0, 990);
INSERT INTO Projection VALUES(990, 2020, 138, 1570, 8.8);
INSERT INTO RangeProj VALUES(0, 991);
INSERT INTO Projection VALUES(991, 2025, 123, 1381, 8.9);
INSERT INTO RangeProj VALUES(0, 992);
INSERT INTO Projection VALUES(992, 2010, 94, 1895, 5.0);
INSERT INTO RangeProj VALUES(0, 993);
INSERT INTO Projection VALUES(993, 2015, 127, 1744, 7.3);
INSERT INTO RangeProj VALUES(0, 994);
INSERT INTO Projection VALUES(994, 2020, 114, 1570, 7.3);
INSERT INTO RangeProj VALUES(0, 995);
INSERT INTO Projection VALUES(995, 2025, 106, 1381, 7.7);
INSERT INTO RangeProj VALUES(0, 996);
INSERT INTO Projection VALUES(996, 2010, 56, 1895, 3.0);
INSERT INTO RangeProj VALUES(0, 997);
INSERT INTO Projection VALUES(997, 2015, 62, 1744, 3.6);
INSERT INTO RangeProj VALUES(0, 998);
INSERT INTO Projection VALUES(998, 2020, 90, 1570, 5.7);
INSERT INTO RangeProj VALUES(0, 999);
INSERT INTO Projection VALUES(999, 2025, 91, 1381, 6.6);
INSERT INTO RangeProj VALUES(0, 1000);
INSERT INTO Projection VALUES(1000, 2010, 28, 1895, 1.5);
INSERT INTO RangeProj VALUES(0, 1001);
INSERT INTO Projection VALUES(1001, 2015, 46, 1744, 2.6);
INSERT INTO RangeProj VALUES(0, 1002);
INSERT INTO Projection VALUES(1002, 2020, 35, 1570, 2.2);
INSERT INTO RangeProj VALUES(0, 1003);
INSERT INTO Projection VALUES(1003, 2025, 61, 1381, 4.4);
INSERT INTO RangeProj VALUES(0, 1004);
INSERT INTO Projection VALUES(1004, 2010, 6, 1895, 0.3);
INSERT INTO RangeProj VALUES(0, 1005);
INSERT INTO Projection VALUES(1005, 2015, 12, 1744, 0.7);
INSERT INTO RangeProj VALUES(0, 1006);
INSERT INTO Projection VALUES(1006, 2020, 26, 1570, 1.7);
INSERT INTO RangeProj VALUES(0, 1007);
INSERT INTO Projection VALUES(1007, 2025, 26, 1381, 1.9);
INSERT INTO SubRange VALUES(41330, 0);
INSERT INTO SubRange VALUES(41330, 1);
INSERT INTO SubRange VALUES(41330, 2);
INSERT INTO SubRange VALUES(41330, 3);
INSERT INTO SubRange VALUES(41330, 4);
INSERT INTO SubRange VALUES(41330, 5);
INSERT INTO SubRange VALUES(41330, 6);
INSERT INTO SubRange VALUES(41330, 7);
INSERT INTO SubRange VALUES(41330, 8);
INSERT INTO SubRange VALUES(41330, 9);
INSERT INTO SubRange VALUES(41330, 10);
INSERT INTO SubRange VALUES(41330, 11);
INSERT INTO SubRange VALUES(41330, 12);
INSERT INTO SubRange VALUES(41330, 13);
INSERT INTO SubRange VALUES(41330, 14);
INSERT INTO SubRange VALUES(41330, 15);
INSERT INTO SubRange VALUES(41330, 16);
INSERT INTO SubRange VALUES(41330, 17);
INSERT INTO Suburb VALUES(41560, 'Copper Coast');
INSERT INTO RangeProj VALUES(0, 1008);
INSERT INTO Projection VALUES(1008, 2010, 673, 13034, 5.2);
INSERT INTO RangeProj VALUES(0, 1009);
INSERT INTO Projection VALUES(1009, 2015, 725, 14233, 5.1);
INSERT INTO RangeProj VALUES(0, 1010);
INSERT INTO Projection VALUES(1010, 2020, 757, 15382, 4.9);
INSERT INTO RangeProj VALUES(0, 1011);
INSERT INTO Projection VALUES(1011, 2025, 766, 16442, 4.7);
INSERT INTO RangeProj VALUES(0, 1012);
INSERT INTO Projection VALUES(1012, 2010, 690, 13034, 5.3);
INSERT INTO RangeProj VALUES(0, 1013);
INSERT INTO Projection VALUES(1013, 2015, 765, 14233, 5.4);
INSERT INTO RangeProj VALUES(0, 1014);
INSERT INTO Projection VALUES(1014, 2020, 810, 15382, 5.3);
INSERT INTO RangeProj VALUES(0, 1015);
INSERT INTO Projection VALUES(1015, 2025, 835, 16442, 5.1);
INSERT INTO RangeProj VALUES(0, 1016);
INSERT INTO Projection VALUES(1016, 2010, 833, 13034, 6.4);
INSERT INTO RangeProj VALUES(0, 1017);
INSERT INTO Projection VALUES(1017, 2015, 812, 14233, 5.7);
INSERT INTO RangeProj VALUES(0, 1018);
INSERT INTO Projection VALUES(1018, 2020, 882, 15382, 5.7);
commit;
INSERT INTO RangeProj VALUES(0, 1019);
INSERT INTO Projection VALUES(1019, 2025, 931, 16442, 5.7);
INSERT INTO RangeProj VALUES(0, 1020);
INSERT INTO Projection VALUES(1020, 2010, 691, 13034, 5.3);
INSERT INTO RangeProj VALUES(0, 1021);
INSERT INTO Projection VALUES(1021, 2015, 700, 14233, 4.9);
INSERT INTO RangeProj VALUES(0, 1022);
INSERT INTO Projection VALUES(1022, 2020, 677, 15382, 4.4);
INSERT INTO RangeProj VALUES(0, 1023);
INSERT INTO Projection VALUES(1023, 2025, 732, 16442, 4.5);
INSERT INTO RangeProj VALUES(0, 1024);
INSERT INTO Projection VALUES(1024, 2010, 551, 13034, 4.2);
INSERT INTO RangeProj VALUES(0, 1025);
INSERT INTO Projection VALUES(1025, 2015, 530, 14233, 3.7);
INSERT INTO RangeProj VALUES(0, 1026);
INSERT INTO Projection VALUES(1026, 2020, 524, 15382, 3.4);
INSERT INTO RangeProj VALUES(0, 1027);
INSERT INTO Projection VALUES(1027, 2025, 512, 16442, 3.1);
INSERT INTO RangeProj VALUES(0, 1028);
INSERT INTO Projection VALUES(1028, 2010, 587, 13034, 4.5);
INSERT INTO RangeProj VALUES(0, 1029);
INSERT INTO Projection VALUES(1029, 2015, 645, 14233, 4.5);
INSERT INTO RangeProj VALUES(0, 1030);
INSERT INTO Projection VALUES(1030, 2020, 639, 15382, 4.2);
INSERT INTO RangeProj VALUES(0, 1031);
INSERT INTO Projection VALUES(1031, 2025, 631, 16442, 3.8);
INSERT INTO RangeProj VALUES(0, 1032);
INSERT INTO Projection VALUES(1032, 2010, 532, 13034, 4.1);
INSERT INTO RangeProj VALUES(0, 1033);
INSERT INTO Projection VALUES(1033, 2015, 672, 14233, 4.7);
INSERT INTO RangeProj VALUES(0, 1034);
INSERT INTO Projection VALUES(1034, 2020, 731, 15382, 4.8);
INSERT INTO RangeProj VALUES(0, 1035);
INSERT INTO Projection VALUES(1035, 2025, 725, 16442, 4.4);
INSERT INTO RangeProj VALUES(0, 1036);
INSERT INTO Projection VALUES(1036, 2010, 658, 13034, 5.0);
INSERT INTO RangeProj VALUES(0, 1037);
INSERT INTO Projection VALUES(1037, 2015, 621, 14233, 4.4);
INSERT INTO RangeProj VALUES(0, 1038);
INSERT INTO Projection VALUES(1038, 2020, 748, 15382, 4.9);
INSERT INTO RangeProj VALUES(0, 1039);
INSERT INTO Projection VALUES(1039, 2025, 802, 16442, 4.9);
INSERT INTO RangeProj VALUES(0, 1040);
INSERT INTO Projection VALUES(1040, 2010, 819, 13034, 6.3);
INSERT INTO RangeProj VALUES(0, 1041);
INSERT INTO Projection VALUES(1041, 2015, 783, 14233, 5.5);
INSERT INTO RangeProj VALUES(0, 1042);
INSERT INTO Projection VALUES(1042, 2020, 751, 15382, 4.9);
INSERT INTO RangeProj VALUES(0, 1043);
INSERT INTO Projection VALUES(1043, 2025, 869, 16442, 5.3);
INSERT INTO RangeProj VALUES(0, 1044);
INSERT INTO Projection VALUES(1044, 2010, 994, 13034, 7.6);
INSERT INTO RangeProj VALUES(0, 1045);
INSERT INTO Projection VALUES(1045, 2015, 979, 14233, 6.9);
INSERT INTO RangeProj VALUES(0, 1046);
INSERT INTO Projection VALUES(1046, 2020, 962, 15382, 6.3);
INSERT INTO RangeProj VALUES(0, 1047);
INSERT INTO Projection VALUES(1047, 2025, 925, 16442, 5.6);
INSERT INTO RangeProj VALUES(0, 1048);
INSERT INTO Projection VALUES(1048, 2010, 909, 13034, 7.0);
INSERT INTO RangeProj VALUES(0, 1049);
INSERT INTO Projection VALUES(1049, 2015, 1134, 14233, 8.0);
INSERT INTO RangeProj VALUES(0, 1050);
INSERT INTO Projection VALUES(1050, 2020, 1118, 15382, 7.3);
INSERT INTO RangeProj VALUES(0, 1051);
INSERT INTO Projection VALUES(1051, 2025, 1124, 16442, 6.8);
INSERT INTO RangeProj VALUES(0, 1052);
INSERT INTO Projection VALUES(1052, 2010, 985, 13034, 7.6);
INSERT INTO RangeProj VALUES(0, 1053);
INSERT INTO Projection VALUES(1053, 2015, 1115, 14233, 7.8);
INSERT INTO RangeProj VALUES(0, 1054);
INSERT INTO Projection VALUES(1054, 2020, 1324, 15382, 8.6);
INSERT INTO RangeProj VALUES(0, 1055);
INSERT INTO Projection VALUES(1055, 2025, 1317, 16442, 8.0);
INSERT INTO RangeProj VALUES(0, 1056);
INSERT INTO Projection VALUES(1056, 2010, 1045, 13034, 8.0);
INSERT INTO RangeProj VALUES(0, 1057);
INSERT INTO Projection VALUES(1057, 2015, 1141, 14233, 8.0);
INSERT INTO RangeProj VALUES(0, 1058);
INSERT INTO Projection VALUES(1058, 2020, 1277, 15382, 8.3);
INSERT INTO RangeProj VALUES(0, 1059);
INSERT INTO Projection VALUES(1059, 2025, 1469, 16442, 8.9);
INSERT INTO RangeProj VALUES(0, 1060);
INSERT INTO Projection VALUES(1060, 2010, 937, 13034, 7.2);
INSERT INTO RangeProj VALUES(0, 1061);
INSERT INTO Projection VALUES(1061, 2015, 1108, 14233, 7.8);
INSERT INTO RangeProj VALUES(0, 1062);
INSERT INTO Projection VALUES(1062, 2020, 1214, 15382, 7.9);
INSERT INTO RangeProj VALUES(0, 1063);
INSERT INTO Projection VALUES(1063, 2025, 1344, 16442, 8.2);
INSERT INTO RangeProj VALUES(0, 1064);
INSERT INTO Projection VALUES(1064, 2010, 765, 13034, 5.9);
INSERT INTO RangeProj VALUES(0, 1065);
INSERT INTO Projection VALUES(1065, 2015, 886, 14233, 6.2);
INSERT INTO RangeProj VALUES(0, 1066);
INSERT INTO Projection VALUES(1066, 2020, 1060, 15382, 6.9);
INSERT INTO RangeProj VALUES(0, 1067);
INSERT INTO Projection VALUES(1067, 2025, 1162, 16442, 7.1);
INSERT INTO RangeProj VALUES(0, 1068);
INSERT INTO Projection VALUES(1068, 2010, 593, 13034, 4.5);
INSERT INTO RangeProj VALUES(0, 1069);
commit;
INSERT INTO Projection VALUES(1069, 2015, 711, 14233, 5.0);
INSERT INTO RangeProj VALUES(0, 1070);
INSERT INTO Projection VALUES(1070, 2020, 826, 15382, 5.4);
INSERT INTO RangeProj VALUES(0, 1071);
INSERT INTO Projection VALUES(1071, 2025, 1000, 16442, 6.1);
INSERT INTO RangeProj VALUES(0, 1072);
INSERT INTO Projection VALUES(1072, 2010, 428, 13034, 3.3);
INSERT INTO RangeProj VALUES(0, 1073);
INSERT INTO Projection VALUES(1073, 2015, 485, 14233, 3.4);
INSERT INTO RangeProj VALUES(0, 1074);
INSERT INTO Projection VALUES(1074, 2020, 590, 15382, 3.8);
INSERT INTO RangeProj VALUES(0, 1075);
INSERT INTO Projection VALUES(1075, 2025, 698, 16442, 4.2);
INSERT INTO RangeProj VALUES(0, 1076);
INSERT INTO Projection VALUES(1076, 2010, 344, 13034, 2.6);
INSERT INTO RangeProj VALUES(0, 1077);
INSERT INTO Projection VALUES(1077, 2015, 421, 14233, 3.0);
INSERT INTO RangeProj VALUES(0, 1078);
INSERT INTO Projection VALUES(1078, 2020, 492, 15382, 3.2);
INSERT INTO RangeProj VALUES(0, 1079);
INSERT INTO Projection VALUES(1079, 2025, 600, 16442, 3.6);
INSERT INTO SubRange VALUES(41560, 0);
INSERT INTO SubRange VALUES(41560, 1);
INSERT INTO SubRange VALUES(41560, 2);
INSERT INTO SubRange VALUES(41560, 3);
INSERT INTO SubRange VALUES(41560, 4);
INSERT INTO SubRange VALUES(41560, 5);
INSERT INTO SubRange VALUES(41560, 6);
INSERT INTO SubRange VALUES(41560, 7);
INSERT INTO SubRange VALUES(41560, 8);
INSERT INTO SubRange VALUES(41560, 9);
INSERT INTO SubRange VALUES(41560, 10);
INSERT INTO SubRange VALUES(41560, 11);
INSERT INTO SubRange VALUES(41560, 12);
INSERT INTO SubRange VALUES(41560, 13);
INSERT INTO SubRange VALUES(41560, 14);
INSERT INTO SubRange VALUES(41560, 15);
INSERT INTO SubRange VALUES(41560, 16);
INSERT INTO SubRange VALUES(41560, 17);
INSERT INTO Suburb VALUES(41750, 'Elliston');
INSERT INTO RangeProj VALUES(0, 1080);
INSERT INTO Projection VALUES(1080, 2010, 73, 1157, 6.3);
INSERT INTO RangeProj VALUES(0, 1081);
INSERT INTO Projection VALUES(1081, 2015, 71, 1128, 6.3);
INSERT INTO RangeProj VALUES(0, 1082);
INSERT INTO Projection VALUES(1082, 2020, 66, 1093, 6.0);
INSERT INTO RangeProj VALUES(0, 1083);
INSERT INTO Projection VALUES(1083, 2025, 63, 1053, 6.0);
INSERT INTO RangeProj VALUES(0, 1084);
INSERT INTO Projection VALUES(1084, 2010, 75, 1157, 6.5);
INSERT INTO RangeProj VALUES(0, 1085);
INSERT INTO Projection VALUES(1085, 2015, 65, 1128, 5.8);
INSERT INTO RangeProj VALUES(0, 1086);
INSERT INTO Projection VALUES(1086, 2020, 62, 1093, 5.7);
INSERT INTO RangeProj VALUES(0, 1087);
INSERT INTO Projection VALUES(1087, 2025, 58, 1053, 5.5);
INSERT INTO RangeProj VALUES(0, 1088);
INSERT INTO Projection VALUES(1088, 2010, 97, 1157, 8.4);
INSERT INTO RangeProj VALUES(0, 1089);
INSERT INTO Projection VALUES(1089, 2015, 77, 1128, 6.8);
INSERT INTO RangeProj VALUES(0, 1090);
INSERT INTO Projection VALUES(1090, 2020, 67, 1093, 6.1);
INSERT INTO RangeProj VALUES(0, 1091);
INSERT INTO Projection VALUES(1091, 2025, 68, 1053, 6.5);
INSERT INTO RangeProj VALUES(0, 1092);
INSERT INTO Projection VALUES(1092, 2010, 57, 1157, 4.9);
INSERT INTO RangeProj VALUES(0, 1093);
INSERT INTO Projection VALUES(1093, 2015, 56, 1128, 5.0);
INSERT INTO RangeProj VALUES(0, 1094);
INSERT INTO Projection VALUES(1094, 2020, 48, 1093, 4.4);
INSERT INTO RangeProj VALUES(0, 1095);
INSERT INTO Projection VALUES(1095, 2025, 40, 1053, 3.8);
INSERT INTO RangeProj VALUES(0, 1096);
INSERT INTO Projection VALUES(1096, 2010, 62, 1157, 5.4);
INSERT INTO RangeProj VALUES(0, 1097);
INSERT INTO Projection VALUES(1097, 2015, 57, 1128, 5.1);
INSERT INTO RangeProj VALUES(0, 1098);
INSERT INTO Projection VALUES(1098, 2020, 51, 1093, 4.7);
INSERT INTO RangeProj VALUES(0, 1099);
INSERT INTO Projection VALUES(1099, 2025, 45, 1053, 4.3);
INSERT INTO RangeProj VALUES(0, 1100);
INSERT INTO Projection VALUES(1100, 2010, 62, 1157, 5.4);
INSERT INTO RangeProj VALUES(0, 1101);
INSERT INTO Projection VALUES(1101, 2015, 75, 1128, 6.6);
INSERT INTO RangeProj VALUES(0, 1102);
INSERT INTO Projection VALUES(1102, 2020, 67, 1093, 6.1);
INSERT INTO RangeProj VALUES(0, 1103);
INSERT INTO Projection VALUES(1103, 2025, 60, 1053, 5.7);
INSERT INTO RangeProj VALUES(0, 1104);
INSERT INTO Projection VALUES(1104, 2010, 66, 1157, 5.7);
INSERT INTO RangeProj VALUES(0, 1105);
INSERT INTO Projection VALUES(1105, 2015, 58, 1128, 5.1);
INSERT INTO RangeProj VALUES(0, 1106);
INSERT INTO Projection VALUES(1106, 2020, 65, 1093, 5.9);
INSERT INTO RangeProj VALUES(0, 1107);
INSERT INTO Projection VALUES(1107, 2025, 60, 1053, 5.7);
INSERT INTO RangeProj VALUES(0, 1108);
INSERT INTO Projection VALUES(1108, 2010, 60, 1157, 5.2);
INSERT INTO RangeProj VALUES(0, 1109);
INSERT INTO Projection VALUES(1109, 2015, 47, 1128, 4.2);
INSERT INTO RangeProj VALUES(0, 1110);
commit;
INSERT INTO Projection VALUES(1110, 2020, 46, 1093, 4.2);
INSERT INTO RangeProj VALUES(0, 1111);
INSERT INTO Projection VALUES(1111, 2025, 51, 1053, 4.8);
INSERT INTO RangeProj VALUES(0, 1112);
INSERT INTO Projection VALUES(1112, 2010, 87, 1157, 7.5);
INSERT INTO RangeProj VALUES(0, 1113);
INSERT INTO Projection VALUES(1113, 2015, 77, 1128, 6.8);
INSERT INTO RangeProj VALUES(0, 1114);
INSERT INTO Projection VALUES(1114, 2020, 66, 1093, 6.0);
INSERT INTO RangeProj VALUES(0, 1115);
INSERT INTO Projection VALUES(1115, 2025, 66, 1053, 6.3);
INSERT INTO RangeProj VALUES(0, 1116);
INSERT INTO Projection VALUES(1116, 2010, 104, 1157, 9.0);
INSERT INTO RangeProj VALUES(0, 1117);
INSERT INTO Projection VALUES(1117, 2015, 87, 1128, 7.7);
INSERT INTO RangeProj VALUES(0, 1118);
INSERT INTO Projection VALUES(1118, 2020, 75, 1093, 6.9);
INSERT INTO RangeProj VALUES(0, 1119);
INSERT INTO Projection VALUES(1119, 2025, 65, 1053, 6.2);
INSERT INTO RangeProj VALUES(0, 1120);
INSERT INTO Projection VALUES(1120, 2010, 105, 1157, 9.1);
INSERT INTO RangeProj VALUES(0, 1121);
INSERT INTO Projection VALUES(1121, 2015, 106, 1128, 9.4);
INSERT INTO RangeProj VALUES(0, 1122);
INSERT INTO Projection VALUES(1122, 2020, 92, 1093, 8.4);
INSERT INTO RangeProj VALUES(0, 1123);
INSERT INTO Projection VALUES(1123, 2025, 81, 1053, 7.7);
INSERT INTO RangeProj VALUES(0, 1124);
INSERT INTO Projection VALUES(1124, 2010, 90, 1157, 7.8);
INSERT INTO RangeProj VALUES(0, 1125);
INSERT INTO Projection VALUES(1125, 2015, 99, 1128, 8.8);
INSERT INTO RangeProj VALUES(0, 1126);
INSERT INTO Projection VALUES(1126, 2020, 100, 1093, 9.1);
INSERT INTO RangeProj VALUES(0, 1127);
INSERT INTO Projection VALUES(1127, 2025, 87, 1053, 8.3);
INSERT INTO RangeProj VALUES(0, 1128);
INSERT INTO Projection VALUES(1128, 2010, 60, 1157, 5.2);
INSERT INTO RangeProj VALUES(0, 1129);
INSERT INTO Projection VALUES(1129, 2015, 74, 1128, 6.6);
INSERT INTO RangeProj VALUES(0, 1130);
INSERT INTO Projection VALUES(1130, 2020, 80, 1093, 7.3);
INSERT INTO RangeProj VALUES(0, 1131);
INSERT INTO Projection VALUES(1131, 2025, 80, 1053, 7.6);
INSERT INTO RangeProj VALUES(0, 1132);
INSERT INTO Projection VALUES(1132, 2010, 61, 1157, 5.3);
INSERT INTO RangeProj VALUES(0, 1133);
INSERT INTO Projection VALUES(1133, 2015, 64, 1128, 5.7);
INSERT INTO RangeProj VALUES(0, 1134);
INSERT INTO Projection VALUES(1134, 2020, 74, 1093, 6.8);
INSERT INTO RangeProj VALUES(0, 1135);
INSERT INTO Projection VALUES(1135, 2025, 77, 1053, 7.3);
INSERT INTO RangeProj VALUES(0, 1136);
INSERT INTO Projection VALUES(1136, 2010, 42, 1157, 3.6);
INSERT INTO RangeProj VALUES(0, 1137);
INSERT INTO Projection VALUES(1137, 2015, 46, 1128, 4.1);
INSERT INTO RangeProj VALUES(0, 1138);
INSERT INTO Projection VALUES(1138, 2020, 50, 1093, 4.6);
INSERT INTO RangeProj VALUES(0, 1139);
INSERT INTO Projection VALUES(1139, 2025, 59, 1053, 5.6);
INSERT INTO RangeProj VALUES(0, 1140);
INSERT INTO Projection VALUES(1140, 2010, 21, 1157, 1.8);
INSERT INTO RangeProj VALUES(0, 1141);
INSERT INTO Projection VALUES(1141, 2015, 33, 1128, 2.9);
INSERT INTO RangeProj VALUES(0, 1142);
INSERT INTO Projection VALUES(1142, 2020, 38, 1093, 3.5);
INSERT INTO RangeProj VALUES(0, 1143);
INSERT INTO Projection VALUES(1143, 2025, 40, 1053, 3.8);
INSERT INTO RangeProj VALUES(0, 1144);
INSERT INTO Projection VALUES(1144, 2010, 19, 1157, 1.6);
INSERT INTO RangeProj VALUES(0, 1145);
INSERT INTO Projection VALUES(1145, 2015, 13, 1128, 1.2);
INSERT INTO RangeProj VALUES(0, 1146);
INSERT INTO Projection VALUES(1146, 2020, 25, 1093, 2.3);
INSERT INTO RangeProj VALUES(0, 1147);
INSERT INTO Projection VALUES(1147, 2025, 27, 1053, 2.6);
INSERT INTO RangeProj VALUES(0, 1148);
INSERT INTO Projection VALUES(1148, 2010, 16, 1157, 1.4);
INSERT INTO RangeProj VALUES(0, 1149);
INSERT INTO Projection VALUES(1149, 2015, 23, 1128, 2.0);
INSERT INTO RangeProj VALUES(0, 1150);
INSERT INTO Projection VALUES(1150, 2020, 21, 1093, 1.9);
INSERT INTO RangeProj VALUES(0, 1151);
INSERT INTO Projection VALUES(1151, 2025, 26, 1053, 2.5);
INSERT INTO SubRange VALUES(41750, 0);
INSERT INTO SubRange VALUES(41750, 1);
INSERT INTO SubRange VALUES(41750, 2);
INSERT INTO SubRange VALUES(41750, 3);
INSERT INTO SubRange VALUES(41750, 4);
INSERT INTO SubRange VALUES(41750, 5);
INSERT INTO SubRange VALUES(41750, 6);
INSERT INTO SubRange VALUES(41750, 7);
INSERT INTO SubRange VALUES(41750, 8);
INSERT INTO SubRange VALUES(41750, 9);
INSERT INTO SubRange VALUES(41750, 10);
INSERT INTO SubRange VALUES(41750, 11);
INSERT INTO SubRange VALUES(41750, 12);
INSERT INTO SubRange VALUES(41750, 13);
INSERT INTO SubRange VALUES(41750, 14);
INSERT INTO SubRange VALUES(41750, 15);
INSERT INTO SubRange VALUES(41750, 16);
INSERT INTO SubRange VALUES(41750, 17);
commit;
INSERT INTO Suburb VALUES(41830, 'Flinders Ranges');
INSERT INTO RangeProj VALUES(0, 1152);
INSERT INTO Projection VALUES(1152, 2010, 121, 1867, 6.5);
INSERT INTO RangeProj VALUES(0, 1153);
INSERT INTO Projection VALUES(1153, 2015, 110, 1886, 5.8);
INSERT INTO RangeProj VALUES(0, 1154);
INSERT INTO Projection VALUES(1154, 2020, 101, 1885, 5.4);
INSERT INTO RangeProj VALUES(0, 1155);
INSERT INTO Projection VALUES(1155, 2025, 94, 1872, 5.0);
INSERT INTO RangeProj VALUES(0, 1156);
INSERT INTO Projection VALUES(1156, 2010, 121, 1867, 6.5);
INSERT INTO RangeProj VALUES(0, 1157);
INSERT INTO Projection VALUES(1157, 2015, 123, 1886, 6.5);
INSERT INTO RangeProj VALUES(0, 1158);
INSERT INTO Projection VALUES(1158, 2020, 116, 1885, 6.2);
INSERT INTO RangeProj VALUES(0, 1159);
INSERT INTO Projection VALUES(1159, 2025, 108, 1872, 5.8);
INSERT INTO RangeProj VALUES(0, 1160);
INSERT INTO Projection VALUES(1160, 2010, 129, 1867, 6.9);
INSERT INTO RangeProj VALUES(0, 1161);
INSERT INTO Projection VALUES(1161, 2015, 121, 1886, 6.4);
INSERT INTO RangeProj VALUES(0, 1162);
INSERT INTO Projection VALUES(1162, 2020, 118, 1885, 6.3);
INSERT INTO RangeProj VALUES(0, 1163);
INSERT INTO Projection VALUES(1163, 2025, 111, 1872, 5.9);
INSERT INTO RangeProj VALUES(0, 1164);
INSERT INTO Projection VALUES(1164, 2010, 93, 1867, 5.0);
INSERT INTO RangeProj VALUES(0, 1165);
INSERT INTO Projection VALUES(1165, 2015, 85, 1886, 4.5);
INSERT INTO RangeProj VALUES(0, 1166);
INSERT INTO Projection VALUES(1166, 2020, 81, 1885, 4.3);
INSERT INTO RangeProj VALUES(0, 1167);
INSERT INTO Projection VALUES(1167, 2025, 80, 1872, 4.3);
INSERT INTO RangeProj VALUES(0, 1168);
INSERT INTO Projection VALUES(1168, 2010, 55, 1867, 2.9);
INSERT INTO RangeProj VALUES(0, 1169);
INSERT INTO Projection VALUES(1169, 2015, 48, 1886, 2.5);
INSERT INTO RangeProj VALUES(0, 1170);
INSERT INTO Projection VALUES(1170, 2020, 47, 1885, 2.5);
INSERT INTO RangeProj VALUES(0, 1171);
INSERT INTO Projection VALUES(1171, 2025, 44, 1872, 2.4);
INSERT INTO RangeProj VALUES(0, 1172);
INSERT INTO Projection VALUES(1172, 2010, 48, 1867, 2.6);
INSERT INTO RangeProj VALUES(0, 1173);
INSERT INTO Projection VALUES(1173, 2015, 48, 1886, 2.5);
INSERT INTO RangeProj VALUES(0, 1174);
INSERT INTO Projection VALUES(1174, 2020, 45, 1885, 2.4);
INSERT INTO RangeProj VALUES(0, 1175);
INSERT INTO Projection VALUES(1175, 2025, 42, 1872, 2.2);
INSERT INTO RangeProj VALUES(0, 1176);
INSERT INTO Projection VALUES(1176, 2010, 77, 1867, 4.1);
INSERT INTO RangeProj VALUES(0, 1177);
INSERT INTO Projection VALUES(1177, 2015, 62, 1886, 3.3);
INSERT INTO RangeProj VALUES(0, 1178);
INSERT INTO Projection VALUES(1178, 2020, 58, 1885, 3.1);
INSERT INTO RangeProj VALUES(0, 1179);
INSERT INTO Projection VALUES(1179, 2025, 57, 1872, 3.0);
INSERT INTO RangeProj VALUES(0, 1180);
INSERT INTO Projection VALUES(1180, 2010, 98, 1867, 5.2);
INSERT INTO RangeProj VALUES(0, 1181);
INSERT INTO Projection VALUES(1181, 2015, 86, 1886, 4.6);
INSERT INTO RangeProj VALUES(0, 1182);
INSERT INTO Projection VALUES(1182, 2020, 81, 1885, 4.3);
INSERT INTO RangeProj VALUES(0, 1183);
INSERT INTO Projection VALUES(1183, 2025, 72, 1872, 3.8);
INSERT INTO RangeProj VALUES(0, 1184);
INSERT INTO Projection VALUES(1184, 2010, 133, 1867, 7.1);
INSERT INTO RangeProj VALUES(0, 1185);
INSERT INTO Projection VALUES(1185, 2015, 120, 1886, 6.4);
INSERT INTO RangeProj VALUES(0, 1186);
INSERT INTO Projection VALUES(1186, 2020, 104, 1885, 5.5);
INSERT INTO RangeProj VALUES(0, 1187);
INSERT INTO Projection VALUES(1187, 2025, 104, 1872, 5.6);
INSERT INTO RangeProj VALUES(0, 1188);
INSERT INTO Projection VALUES(1188, 2010, 128, 1867, 6.9);
INSERT INTO RangeProj VALUES(0, 1189);
INSERT INTO Projection VALUES(1189, 2015, 134, 1886, 7.1);
INSERT INTO RangeProj VALUES(0, 1190);
INSERT INTO Projection VALUES(1190, 2020, 124, 1885, 6.6);
INSERT INTO RangeProj VALUES(0, 1191);
INSERT INTO Projection VALUES(1191, 2025, 105, 1872, 5.6);
INSERT INTO RangeProj VALUES(0, 1192);
INSERT INTO Projection VALUES(1192, 2010, 147, 1867, 7.9);
INSERT INTO RangeProj VALUES(0, 1193);
INSERT INTO Projection VALUES(1193, 2015, 127, 1886, 6.7);
INSERT INTO RangeProj VALUES(0, 1194);
INSERT INTO Projection VALUES(1194, 2020, 131, 1885, 6.9);
INSERT INTO RangeProj VALUES(0, 1195);
INSERT INTO Projection VALUES(1195, 2025, 121, 1872, 6.5);
INSERT INTO RangeProj VALUES(0, 1196);
INSERT INTO Projection VALUES(1196, 2010, 164, 1867, 8.8);
INSERT INTO RangeProj VALUES(0, 1197);
INSERT INTO Projection VALUES(1197, 2015, 185, 1886, 9.8);
INSERT INTO RangeProj VALUES(0, 1198);
INSERT INTO Projection VALUES(1198, 2020, 166, 1885, 8.8);
INSERT INTO RangeProj VALUES(0, 1199);
INSERT INTO Projection VALUES(1199, 2025, 161, 1872, 8.6);
INSERT INTO RangeProj VALUES(0, 1200);
INSERT INTO Projection VALUES(1200, 2010, 154, 1867, 8.2);
INSERT INTO RangeProj VALUES(0, 1201);
INSERT INTO Projection VALUES(1201, 2015, 174, 1886, 9.2);
commit;
INSERT INTO RangeProj VALUES(0, 1202);
INSERT INTO Projection VALUES(1202, 2020, 187, 1885, 9.9);
INSERT INTO RangeProj VALUES(0, 1203);
INSERT INTO Projection VALUES(1203, 2025, 173, 1872, 9.2);
INSERT INTO RangeProj VALUES(0, 1204);
INSERT INTO Projection VALUES(1204, 2010, 116, 1867, 6.2);
INSERT INTO RangeProj VALUES(0, 1205);
INSERT INTO Projection VALUES(1205, 2015, 154, 1886, 8.2);
INSERT INTO RangeProj VALUES(0, 1206);
INSERT INTO Projection VALUES(1206, 2020, 168, 1885, 8.9);
INSERT INTO RangeProj VALUES(0, 1207);
INSERT INTO Projection VALUES(1207, 2025, 183, 1872, 9.8);
INSERT INTO RangeProj VALUES(0, 1208);
INSERT INTO Projection VALUES(1208, 2010, 91, 1867, 4.9);
INSERT INTO RangeProj VALUES(0, 1209);
INSERT INTO Projection VALUES(1209, 2015, 99, 1886, 5.2);
INSERT INTO RangeProj VALUES(0, 1210);
INSERT INTO Projection VALUES(1210, 2020, 132, 1885, 7.0);
INSERT INTO RangeProj VALUES(0, 1211);
INSERT INTO Projection VALUES(1211, 2025, 146, 1872, 7.8);
INSERT INTO RangeProj VALUES(0, 1212);
INSERT INTO Projection VALUES(1212, 2010, 69, 1867, 3.7);
INSERT INTO RangeProj VALUES(0, 1213);
INSERT INTO Projection VALUES(1213, 2015, 73, 1886, 3.9);
INSERT INTO RangeProj VALUES(0, 1214);
INSERT INTO Projection VALUES(1214, 2020, 89, 1885, 4.7);
INSERT INTO RangeProj VALUES(0, 1215);
INSERT INTO Projection VALUES(1215, 2025, 114, 1872, 6.1);
INSERT INTO RangeProj VALUES(0, 1216);
INSERT INTO Projection VALUES(1216, 2010, 68, 1867, 3.6);
INSERT INTO RangeProj VALUES(0, 1217);
INSERT INTO Projection VALUES(1217, 2015, 60, 1886, 3.2);
INSERT INTO RangeProj VALUES(0, 1218);
INSERT INTO Projection VALUES(1218, 2020, 61, 1885, 3.2);
INSERT INTO RangeProj VALUES(0, 1219);
INSERT INTO Projection VALUES(1219, 2025, 75, 1872, 4.0);
INSERT INTO RangeProj VALUES(0, 1220);
INSERT INTO Projection VALUES(1220, 2010, 55, 1867, 2.9);
INSERT INTO RangeProj VALUES(0, 1221);
INSERT INTO Projection VALUES(1221, 2015, 77, 1886, 4.1);
INSERT INTO RangeProj VALUES(0, 1222);
INSERT INTO Projection VALUES(1222, 2020, 76, 1885, 4.0);
INSERT INTO RangeProj VALUES(0, 1223);
INSERT INTO Projection VALUES(1223, 2025, 82, 1872, 4.4);
INSERT INTO SubRange VALUES(41830, 0);
INSERT INTO SubRange VALUES(41830, 1);
INSERT INTO SubRange VALUES(41830, 2);
INSERT INTO SubRange VALUES(41830, 3);
INSERT INTO SubRange VALUES(41830, 4);
INSERT INTO SubRange VALUES(41830, 5);
INSERT INTO SubRange VALUES(41830, 6);
INSERT INTO SubRange VALUES(41830, 7);
INSERT INTO SubRange VALUES(41830, 8);
INSERT INTO SubRange VALUES(41830, 9);
INSERT INTO SubRange VALUES(41830, 10);
INSERT INTO SubRange VALUES(41830, 11);
INSERT INTO SubRange VALUES(41830, 12);
INSERT INTO SubRange VALUES(41830, 13);
INSERT INTO SubRange VALUES(41830, 14);
INSERT INTO SubRange VALUES(41830, 15);
INSERT INTO SubRange VALUES(41830, 16);
INSERT INTO SubRange VALUES(41830, 17);
INSERT INTO Suburb VALUES(41960, 'Franklin Harbour');
INSERT INTO RangeProj VALUES(0, 1224);
INSERT INTO Projection VALUES(1224, 2010, 77, 1377, 5.6);
INSERT INTO RangeProj VALUES(0, 1225);
INSERT INTO Projection VALUES(1225, 2015, 80, 1428, 5.6);
INSERT INTO RangeProj VALUES(0, 1226);
INSERT INTO Projection VALUES(1226, 2020, 79, 1482, 5.3);
INSERT INTO RangeProj VALUES(0, 1227);
INSERT INTO Projection VALUES(1227, 2025, 79, 1534, 5.1);
INSERT INTO RangeProj VALUES(0, 1228);
INSERT INTO Projection VALUES(1228, 2010, 96, 1377, 7.0);
INSERT INTO RangeProj VALUES(0, 1229);
INSERT INTO Projection VALUES(1229, 2015, 95, 1428, 6.7);
INSERT INTO RangeProj VALUES(0, 1230);
INSERT INTO Projection VALUES(1230, 2020, 96, 1482, 6.5);
INSERT INTO RangeProj VALUES(0, 1231);
INSERT INTO Projection VALUES(1231, 2025, 94, 1534, 6.1);
INSERT INTO RangeProj VALUES(0, 1232);
INSERT INTO Projection VALUES(1232, 2010, 92, 1377, 6.7);
INSERT INTO RangeProj VALUES(0, 1233);
INSERT INTO Projection VALUES(1233, 2015, 88, 1428, 6.2);
INSERT INTO RangeProj VALUES(0, 1234);
INSERT INTO Projection VALUES(1234, 2020, 89, 1482, 6.0);
INSERT INTO RangeProj VALUES(0, 1235);
INSERT INTO Projection VALUES(1235, 2025, 89, 1534, 5.8);
INSERT INTO RangeProj VALUES(0, 1236);
INSERT INTO Projection VALUES(1236, 2010, 53, 1377, 3.8);
INSERT INTO RangeProj VALUES(0, 1237);
INSERT INTO Projection VALUES(1237, 2015, 51, 1428, 3.6);
INSERT INTO RangeProj VALUES(0, 1238);
INSERT INTO Projection VALUES(1238, 2020, 52, 1482, 3.5);
INSERT INTO RangeProj VALUES(0, 1239);
INSERT INTO Projection VALUES(1239, 2025, 53, 1534, 3.5);
INSERT INTO RangeProj VALUES(0, 1240);
INSERT INTO Projection VALUES(1240, 2010, 44, 1377, 3.2);
INSERT INTO RangeProj VALUES(0, 1241);
INSERT INTO Projection VALUES(1241, 2015, 36, 1428, 2.5);
INSERT INTO RangeProj VALUES(0, 1242);
INSERT INTO Projection VALUES(1242, 2020, 37, 1482, 2.5);
commit;
INSERT INTO RangeProj VALUES(0, 1243);
INSERT INTO Projection VALUES(1243, 2025, 37, 1534, 2.4);
INSERT INTO RangeProj VALUES(0, 1244);
INSERT INTO Projection VALUES(1244, 2010, 68, 1377, 4.9);
INSERT INTO RangeProj VALUES(0, 1245);
INSERT INTO Projection VALUES(1245, 2015, 72, 1428, 5.0);
INSERT INTO RangeProj VALUES(0, 1246);
INSERT INTO Projection VALUES(1246, 2020, 69, 1482, 4.7);
INSERT INTO RangeProj VALUES(0, 1247);
INSERT INTO Projection VALUES(1247, 2025, 66, 1534, 4.3);
INSERT INTO RangeProj VALUES(0, 1248);
INSERT INTO Projection VALUES(1248, 2010, 54, 1377, 3.9);
INSERT INTO RangeProj VALUES(0, 1249);
INSERT INTO Projection VALUES(1249, 2015, 54, 1428, 3.8);
INSERT INTO RangeProj VALUES(0, 1250);
INSERT INTO Projection VALUES(1250, 2020, 60, 1482, 4.0);
INSERT INTO RangeProj VALUES(0, 1251);
INSERT INTO Projection VALUES(1251, 2025, 57, 1534, 3.7);
INSERT INTO RangeProj VALUES(0, 1252);
INSERT INTO Projection VALUES(1252, 2010, 92, 1377, 6.7);
INSERT INTO RangeProj VALUES(0, 1253);
INSERT INTO Projection VALUES(1253, 2015, 95, 1428, 6.7);
INSERT INTO RangeProj VALUES(0, 1254);
INSERT INTO Projection VALUES(1254, 2020, 96, 1482, 6.5);
INSERT INTO RangeProj VALUES(0, 1255);
INSERT INTO Projection VALUES(1255, 2025, 104, 1534, 6.8);
INSERT INTO RangeProj VALUES(0, 1256);
INSERT INTO Projection VALUES(1256, 2010, 121, 1377, 8.8);
INSERT INTO RangeProj VALUES(0, 1257);
INSERT INTO Projection VALUES(1257, 2015, 92, 1428, 6.4);
INSERT INTO RangeProj VALUES(0, 1258);
INSERT INTO Projection VALUES(1258, 2020, 87, 1482, 5.9);
INSERT INTO RangeProj VALUES(0, 1259);
INSERT INTO Projection VALUES(1259, 2025, 88, 1534, 5.7);
INSERT INTO RangeProj VALUES(0, 1260);
INSERT INTO Projection VALUES(1260, 2010, 92, 1377, 6.7);
INSERT INTO RangeProj VALUES(0, 1261);
INSERT INTO Projection VALUES(1261, 2015, 121, 1428, 8.5);
INSERT INTO RangeProj VALUES(0, 1262);
INSERT INTO Projection VALUES(1262, 2020, 96, 1482, 6.5);
INSERT INTO RangeProj VALUES(0, 1263);
INSERT INTO Projection VALUES(1263, 2025, 89, 1534, 5.8);
INSERT INTO RangeProj VALUES(0, 1264);
INSERT INTO Projection VALUES(1264, 2010, 100, 1377, 7.3);
INSERT INTO RangeProj VALUES(0, 1265);
INSERT INTO Projection VALUES(1265, 2015, 100, 1428, 7.0);
INSERT INTO RangeProj VALUES(0, 1266);
INSERT INTO Projection VALUES(1266, 2020, 121, 1482, 8.2);
INSERT INTO RangeProj VALUES(0, 1267);
INSERT INTO Projection VALUES(1267, 2025, 102, 1534, 6.6);
INSERT INTO RangeProj VALUES(0, 1268);
INSERT INTO Projection VALUES(1268, 2010, 111, 1377, 8.1);
INSERT INTO RangeProj VALUES(0, 1269);
INSERT INTO Projection VALUES(1269, 2015, 116, 1428, 8.1);
INSERT INTO RangeProj VALUES(0, 1270);
INSERT INTO Projection VALUES(1270, 2020, 116, 1482, 7.8);
INSERT INTO RangeProj VALUES(0, 1271);
INSERT INTO Projection VALUES(1271, 2025, 133, 1534, 8.7);
INSERT INTO RangeProj VALUES(0, 1272);
INSERT INTO Projection VALUES(1272, 2010, 120, 1377, 8.7);
INSERT INTO RangeProj VALUES(0, 1273);
INSERT INTO Projection VALUES(1273, 2015, 125, 1428, 8.8);
INSERT INTO RangeProj VALUES(0, 1274);
INSERT INTO Projection VALUES(1274, 2020, 129, 1482, 8.7);
INSERT INTO RangeProj VALUES(0, 1275);
INSERT INTO Projection VALUES(1275, 2025, 130, 1534, 8.5);
INSERT INTO RangeProj VALUES(0, 1276);
INSERT INTO Projection VALUES(1276, 2010, 105, 1377, 7.6);
INSERT INTO RangeProj VALUES(0, 1277);
INSERT INTO Projection VALUES(1277, 2015, 105, 1428, 7.4);
INSERT INTO RangeProj VALUES(0, 1278);
INSERT INTO Projection VALUES(1278, 2020, 112, 1482, 7.6);
INSERT INTO RangeProj VALUES(0, 1279);
INSERT INTO Projection VALUES(1279, 2025, 120, 1534, 7.8);
INSERT INTO RangeProj VALUES(0, 1280);
INSERT INTO Projection VALUES(1280, 2010, 37, 1377, 2.7);
INSERT INTO RangeProj VALUES(0, 1281);
INSERT INTO Projection VALUES(1281, 2015, 92, 1428, 6.4);
INSERT INTO RangeProj VALUES(0, 1282);
INSERT INTO Projection VALUES(1282, 2020, 94, 1482, 6.3);
INSERT INTO RangeProj VALUES(0, 1283);
INSERT INTO Projection VALUES(1283, 2025, 103, 1534, 6.7);
INSERT INTO RangeProj VALUES(0, 1284);
INSERT INTO Projection VALUES(1284, 2010, 37, 1377, 2.7);
INSERT INTO RangeProj VALUES(0, 1285);
INSERT INTO Projection VALUES(1285, 2015, 32, 1428, 2.2);
INSERT INTO RangeProj VALUES(0, 1286);
INSERT INTO Projection VALUES(1286, 2020, 82, 1482, 5.5);
INSERT INTO RangeProj VALUES(0, 1287);
INSERT INTO Projection VALUES(1287, 2025, 85, 1534, 5.5);
INSERT INTO RangeProj VALUES(0, 1288);
INSERT INTO Projection VALUES(1288, 2010, 42, 1377, 3.1);
INSERT INTO RangeProj VALUES(0, 1289);
INSERT INTO Projection VALUES(1289, 2015, 36, 1428, 2.5);
INSERT INTO RangeProj VALUES(0, 1290);
INSERT INTO Projection VALUES(1290, 2020, 30, 1482, 2.0);
INSERT INTO RangeProj VALUES(0, 1291);
INSERT INTO Projection VALUES(1291, 2025, 71, 1534, 4.6);
INSERT INTO RangeProj VALUES(0, 1292);
INSERT INTO Projection VALUES(1292, 2010, 36, 1377, 2.6);
INSERT INTO RangeProj VALUES(0, 1293);
commit;
INSERT INTO Projection VALUES(1293, 2015, 38, 1428, 2.7);
INSERT INTO RangeProj VALUES(0, 1294);
INSERT INTO Projection VALUES(1294, 2020, 37, 1482, 2.5);
INSERT INTO RangeProj VALUES(0, 1295);
INSERT INTO Projection VALUES(1295, 2025, 34, 1534, 2.2);
INSERT INTO SubRange VALUES(41960, 0);
INSERT INTO SubRange VALUES(41960, 1);
INSERT INTO SubRange VALUES(41960, 2);
INSERT INTO SubRange VALUES(41960, 3);
INSERT INTO SubRange VALUES(41960, 4);
INSERT INTO SubRange VALUES(41960, 5);
INSERT INTO SubRange VALUES(41960, 6);
INSERT INTO SubRange VALUES(41960, 7);
INSERT INTO SubRange VALUES(41960, 8);
INSERT INTO SubRange VALUES(41960, 9);
INSERT INTO SubRange VALUES(41960, 10);
INSERT INTO SubRange VALUES(41960, 11);
INSERT INTO SubRange VALUES(41960, 12);
INSERT INTO SubRange VALUES(41960, 13);
INSERT INTO SubRange VALUES(41960, 14);
INSERT INTO SubRange VALUES(41960, 15);
INSERT INTO SubRange VALUES(41960, 16);
INSERT INTO SubRange VALUES(41960, 17);
INSERT INTO Suburb VALUES(42030, 'Gawler');
INSERT INTO RangeProj VALUES(0, 1296);
INSERT INTO Projection VALUES(1296, 2010, 1177, 21187, 5.6);
INSERT INTO RangeProj VALUES(0, 1297);
INSERT INTO Projection VALUES(1297, 2015, 1301, 23555, 5.5);
INSERT INTO RangeProj VALUES(0, 1298);
INSERT INTO Projection VALUES(1298, 2020, 1406, 25929, 5.4);
INSERT INTO RangeProj VALUES(0, 1299);
INSERT INTO Projection VALUES(1299, 2025, 1480, 28255, 5.2);
INSERT INTO RangeProj VALUES(0, 1300);
INSERT INTO Projection VALUES(1300, 2010, 1282, 21187, 6.1);
INSERT INTO RangeProj VALUES(0, 1301);
INSERT INTO Projection VALUES(1301, 2015, 1462, 23555, 6.2);
INSERT INTO RangeProj VALUES(0, 1302);
INSERT INTO Projection VALUES(1302, 2020, 1595, 25929, 6.2);
INSERT INTO RangeProj VALUES(0, 1303);
INSERT INTO Projection VALUES(1303, 2025, 1707, 28255, 6.0);
INSERT INTO RangeProj VALUES(0, 1304);
INSERT INTO Projection VALUES(1304, 2010, 1451, 21187, 6.8);
INSERT INTO RangeProj VALUES(0, 1305);
INSERT INTO Projection VALUES(1305, 2015, 1532, 23555, 6.5);
INSERT INTO RangeProj VALUES(0, 1306);
INSERT INTO Projection VALUES(1306, 2020, 1725, 25929, 6.7);
INSERT INTO RangeProj VALUES(0, 1307);
INSERT INTO Projection VALUES(1307, 2025, 1861, 28255, 6.6);
INSERT INTO RangeProj VALUES(0, 1308);
INSERT INTO Projection VALUES(1308, 2010, 1606, 21187, 7.6);
INSERT INTO RangeProj VALUES(0, 1309);
INSERT INTO Projection VALUES(1309, 2015, 1676, 23555, 7.1);
INSERT INTO RangeProj VALUES(0, 1310);
INSERT INTO Projection VALUES(1310, 2020, 1737, 25929, 6.7);
INSERT INTO RangeProj VALUES(0, 1311);
INSERT INTO Projection VALUES(1311, 2025, 1941, 28255, 6.9);
INSERT INTO RangeProj VALUES(0, 1312);
INSERT INTO Projection VALUES(1312, 2010, 1329, 21187, 6.3);
INSERT INTO RangeProj VALUES(0, 1313);
INSERT INTO Projection VALUES(1313, 2015, 1471, 23555, 6.2);
INSERT INTO RangeProj VALUES(0, 1314);
INSERT INTO Projection VALUES(1314, 2020, 1516, 25929, 5.8);
INSERT INTO RangeProj VALUES(0, 1315);
INSERT INTO Projection VALUES(1315, 2025, 1551, 28255, 5.5);
INSERT INTO RangeProj VALUES(0, 1316);
INSERT INTO Projection VALUES(1316, 2010, 1328, 21187, 6.3);
INSERT INTO RangeProj VALUES(0, 1317);
INSERT INTO Projection VALUES(1317, 2015, 1432, 23555, 6.1);
INSERT INTO RangeProj VALUES(0, 1318);
INSERT INTO Projection VALUES(1318, 2020, 1545, 25929, 6.0);
INSERT INTO RangeProj VALUES(0, 1319);
INSERT INTO Projection VALUES(1319, 2025, 1578, 28255, 5.6);
INSERT INTO RangeProj VALUES(0, 1320);
INSERT INTO Projection VALUES(1320, 2010, 1174, 21187, 5.5);
INSERT INTO RangeProj VALUES(0, 1321);
INSERT INTO Projection VALUES(1321, 2015, 1484, 23555, 6.3);
INSERT INTO RangeProj VALUES(0, 1322);
INSERT INTO Projection VALUES(1322, 2020, 1592, 25929, 6.1);
INSERT INTO RangeProj VALUES(0, 1323);
INSERT INTO Projection VALUES(1323, 2025, 1693, 28255, 6.0);
INSERT INTO RangeProj VALUES(0, 1324);
INSERT INTO Projection VALUES(1324, 2010, 1311, 21187, 6.2);
INSERT INTO RangeProj VALUES(0, 1325);
INSERT INTO Projection VALUES(1325, 2015, 1383, 23555, 5.9);
INSERT INTO RangeProj VALUES(0, 1326);
INSERT INTO Projection VALUES(1326, 2020, 1663, 25929, 6.4);
INSERT INTO RangeProj VALUES(0, 1327);
INSERT INTO Projection VALUES(1327, 2025, 1772, 28255, 6.3);
INSERT INTO RangeProj VALUES(0, 1328);
INSERT INTO Projection VALUES(1328, 2010, 1437, 21187, 6.8);
INSERT INTO RangeProj VALUES(0, 1329);
INSERT INTO Projection VALUES(1329, 2015, 1531, 23555, 6.5);
INSERT INTO RangeProj VALUES(0, 1330);
INSERT INTO Projection VALUES(1330, 2020, 1589, 25929, 6.1);
INSERT INTO RangeProj VALUES(0, 1331);
INSERT INTO Projection VALUES(1331, 2025, 1867, 28255, 6.6);
INSERT INTO RangeProj VALUES(0, 1332);
INSERT INTO Projection VALUES(1332, 2010, 1543, 21187, 7.3);
INSERT INTO RangeProj VALUES(0, 1333);
INSERT INTO Projection VALUES(1333, 2015, 1504, 23555, 6.4);
INSERT INTO RangeProj VALUES(0, 1334);
commit;
INSERT INTO Projection VALUES(1334, 2020, 1599, 25929, 6.2);
INSERT INTO RangeProj VALUES(0, 1335);
INSERT INTO Projection VALUES(1335, 2025, 1645, 28255, 5.8);
INSERT INTO RangeProj VALUES(0, 1336);
INSERT INTO Projection VALUES(1336, 2010, 1424, 21187, 6.7);
INSERT INTO RangeProj VALUES(0, 1337);
INSERT INTO Projection VALUES(1337, 2015, 1483, 23555, 6.3);
INSERT INTO RangeProj VALUES(0, 1338);
INSERT INTO Projection VALUES(1338, 2020, 1458, 25929, 5.6);
INSERT INTO RangeProj VALUES(0, 1339);
INSERT INTO Projection VALUES(1339, 2025, 1549, 28255, 5.5);
INSERT INTO RangeProj VALUES(0, 1340);
INSERT INTO Projection VALUES(1340, 2010, 1248, 21187, 5.9);
INSERT INTO RangeProj VALUES(0, 1341);
INSERT INTO Projection VALUES(1341, 2015, 1418, 23555, 6.0);
INSERT INTO RangeProj VALUES(0, 1342);
INSERT INTO Projection VALUES(1342, 2020, 1498, 25929, 5.8);
INSERT INTO RangeProj VALUES(0, 1343);
INSERT INTO Projection VALUES(1343, 2025, 1481, 28255, 5.2);
INSERT INTO RangeProj VALUES(0, 1344);
INSERT INTO Projection VALUES(1344, 2010, 1128, 21187, 5.3);
INSERT INTO RangeProj VALUES(0, 1345);
INSERT INTO Projection VALUES(1345, 2015, 1285, 23555, 5.5);
INSERT INTO RangeProj VALUES(0, 1346);
INSERT INTO Projection VALUES(1346, 2020, 1464, 25929, 5.6);
INSERT INTO RangeProj VALUES(0, 1347);
INSERT INTO Projection VALUES(1347, 2025, 1550, 28255, 5.5);
INSERT INTO RangeProj VALUES(0, 1348);
INSERT INTO Projection VALUES(1348, 2010, 987, 21187, 4.7);
INSERT INTO RangeProj VALUES(0, 1349);
INSERT INTO Projection VALUES(1349, 2015, 1313, 23555, 5.6);
INSERT INTO RangeProj VALUES(0, 1350);
INSERT INTO Projection VALUES(1350, 2020, 1484, 25929, 5.7);
INSERT INTO RangeProj VALUES(0, 1351);
INSERT INTO Projection VALUES(1351, 2025, 1684, 28255, 6.0);
INSERT INTO RangeProj VALUES(0, 1352);
INSERT INTO Projection VALUES(1352, 2010, 913, 21187, 4.3);
INSERT INTO RangeProj VALUES(0, 1353);
INSERT INTO Projection VALUES(1353, 2015, 1075, 23555, 4.6);
INSERT INTO RangeProj VALUES(0, 1354);
INSERT INTO Projection VALUES(1354, 2020, 1427, 25929, 5.5);
INSERT INTO RangeProj VALUES(0, 1355);
INSERT INTO Projection VALUES(1355, 2025, 1593, 28255, 5.6);
INSERT INTO RangeProj VALUES(0, 1356);
INSERT INTO Projection VALUES(1356, 2010, 763, 21187, 3.6);
INSERT INTO RangeProj VALUES(0, 1357);
INSERT INTO Projection VALUES(1357, 2015, 901, 23555, 3.8);
INSERT INTO RangeProj VALUES(0, 1358);
INSERT INTO Projection VALUES(1358, 2020, 1088, 25929, 4.2);
INSERT INTO RangeProj VALUES(0, 1359);
INSERT INTO Projection VALUES(1359, 2025, 1437, 28255, 5.1);
INSERT INTO RangeProj VALUES(0, 1360);
INSERT INTO Projection VALUES(1360, 2010, 583, 21187, 2.8);
INSERT INTO RangeProj VALUES(0, 1361);
INSERT INTO Projection VALUES(1361, 2015, 641, 23555, 2.7);
INSERT INTO RangeProj VALUES(0, 1362);
INSERT INTO Projection VALUES(1362, 2020, 765, 25929, 3.0);
INSERT INTO RangeProj VALUES(0, 1363);
INSERT INTO Projection VALUES(1363, 2025, 942, 28255, 3.3);
INSERT INTO RangeProj VALUES(0, 1364);
INSERT INTO Projection VALUES(1364, 2010, 503, 21187, 2.4);
INSERT INTO RangeProj VALUES(0, 1365);
INSERT INTO Projection VALUES(1365, 2015, 663, 23555, 2.8);
INSERT INTO RangeProj VALUES(0, 1366);
INSERT INTO Projection VALUES(1366, 2020, 778, 25929, 3.0);
INSERT INTO RangeProj VALUES(0, 1367);
INSERT INTO Projection VALUES(1367, 2025, 924, 28255, 3.3);
INSERT INTO SubRange VALUES(42030, 0);
INSERT INTO SubRange VALUES(42030, 1);
INSERT INTO SubRange VALUES(42030, 2);
INSERT INTO SubRange VALUES(42030, 3);
INSERT INTO SubRange VALUES(42030, 4);
INSERT INTO SubRange VALUES(42030, 5);
INSERT INTO SubRange VALUES(42030, 6);
INSERT INTO SubRange VALUES(42030, 7);
INSERT INTO SubRange VALUES(42030, 8);
INSERT INTO SubRange VALUES(42030, 9);
INSERT INTO SubRange VALUES(42030, 10);
INSERT INTO SubRange VALUES(42030, 11);
INSERT INTO SubRange VALUES(42030, 12);
INSERT INTO SubRange VALUES(42030, 13);
INSERT INTO SubRange VALUES(42030, 14);
INSERT INTO SubRange VALUES(42030, 15);
INSERT INTO SubRange VALUES(42030, 16);
INSERT INTO SubRange VALUES(42030, 17);
INSERT INTO Suburb VALUES(42110, 'Goyder');
INSERT INTO RangeProj VALUES(0, 1368);
INSERT INTO Projection VALUES(1368, 2010, 258, 4281, 6.0);
INSERT INTO RangeProj VALUES(0, 1369);
INSERT INTO Projection VALUES(1369, 2015, 255, 4251, 6.0);
INSERT INTO RangeProj VALUES(0, 1370);
INSERT INTO Projection VALUES(1370, 2020, 235, 4199, 5.6);
INSERT INTO RangeProj VALUES(0, 1371);
INSERT INTO Projection VALUES(1371, 2025, 225, 4136, 5.4);
INSERT INTO RangeProj VALUES(0, 1372);
INSERT INTO Projection VALUES(1372, 2010, 296, 4281, 6.9);
INSERT INTO RangeProj VALUES(0, 1373);
INSERT INTO Projection VALUES(1373, 2015, 295, 4251, 6.9);
INSERT INTO RangeProj VALUES(0, 1374);
INSERT INTO Projection VALUES(1374, 2020, 288, 4199, 6.9);
INSERT INTO RangeProj VALUES(0, 1375);
commit;
INSERT INTO Projection VALUES(1375, 2025, 263, 4136, 6.4);
INSERT INTO RangeProj VALUES(0, 1376);
INSERT INTO Projection VALUES(1376, 2010, 283, 4281, 6.6);
INSERT INTO RangeProj VALUES(0, 1377);
INSERT INTO Projection VALUES(1377, 2015, 290, 4251, 6.8);
INSERT INTO RangeProj VALUES(0, 1378);
INSERT INTO Projection VALUES(1378, 2020, 283, 4199, 6.7);
INSERT INTO RangeProj VALUES(0, 1379);
INSERT INTO Projection VALUES(1379, 2025, 276, 4136, 6.7);
INSERT INTO RangeProj VALUES(0, 1380);
INSERT INTO Projection VALUES(1380, 2010, 220, 4281, 5.1);
INSERT INTO RangeProj VALUES(0, 1381);
INSERT INTO Projection VALUES(1381, 2015, 200, 4251, 4.7);
INSERT INTO RangeProj VALUES(0, 1382);
INSERT INTO Projection VALUES(1382, 2020, 192, 4199, 4.6);
INSERT INTO RangeProj VALUES(0, 1383);
INSERT INTO Projection VALUES(1383, 2025, 189, 4136, 4.6);
INSERT INTO RangeProj VALUES(0, 1384);
INSERT INTO Projection VALUES(1384, 2010, 166, 4281, 3.9);
INSERT INTO RangeProj VALUES(0, 1385);
INSERT INTO Projection VALUES(1385, 2015, 140, 4251, 3.3);
INSERT INTO RangeProj VALUES(0, 1386);
INSERT INTO Projection VALUES(1386, 2020, 127, 4199, 3.0);
INSERT INTO RangeProj VALUES(0, 1387);
INSERT INTO Projection VALUES(1387, 2025, 117, 4136, 2.8);
INSERT INTO RangeProj VALUES(0, 1388);
INSERT INTO Projection VALUES(1388, 2010, 176, 4281, 4.1);
INSERT INTO RangeProj VALUES(0, 1389);
INSERT INTO Projection VALUES(1389, 2015, 171, 4251, 4.0);
INSERT INTO RangeProj VALUES(0, 1390);
INSERT INTO Projection VALUES(1390, 2020, 156, 4199, 3.7);
INSERT INTO RangeProj VALUES(0, 1391);
INSERT INTO Projection VALUES(1391, 2025, 146, 4136, 3.5);
INSERT INTO RangeProj VALUES(0, 1392);
INSERT INTO Projection VALUES(1392, 2010, 197, 4281, 4.6);
INSERT INTO RangeProj VALUES(0, 1393);
INSERT INTO Projection VALUES(1393, 2015, 193, 4251, 4.5);
INSERT INTO RangeProj VALUES(0, 1394);
INSERT INTO Projection VALUES(1394, 2020, 187, 4199, 4.5);
INSERT INTO RangeProj VALUES(0, 1395);
INSERT INTO Projection VALUES(1395, 2025, 175, 4136, 4.2);
INSERT INTO RangeProj VALUES(0, 1396);
INSERT INTO Projection VALUES(1396, 2010, 262, 4281, 6.1);
INSERT INTO RangeProj VALUES(0, 1397);
INSERT INTO Projection VALUES(1397, 2015, 222, 4251, 5.2);
INSERT INTO RangeProj VALUES(0, 1398);
INSERT INTO Projection VALUES(1398, 2020, 223, 4199, 5.3);
INSERT INTO RangeProj VALUES(0, 1399);
INSERT INTO Projection VALUES(1399, 2025, 213, 4136, 5.1);
INSERT INTO RangeProj VALUES(0, 1400);
INSERT INTO Projection VALUES(1400, 2010, 308, 4281, 7.2);
INSERT INTO RangeProj VALUES(0, 1401);
INSERT INTO Projection VALUES(1401, 2015, 283, 4251, 6.7);
INSERT INTO RangeProj VALUES(0, 1402);
INSERT INTO Projection VALUES(1402, 2020, 250, 4199, 6.0);
INSERT INTO RangeProj VALUES(0, 1403);
INSERT INTO Projection VALUES(1403, 2025, 249, 4136, 6.0);
INSERT INTO RangeProj VALUES(0, 1404);
INSERT INTO Projection VALUES(1404, 2010, 359, 4281, 8.4);
INSERT INTO RangeProj VALUES(0, 1405);
INSERT INTO Projection VALUES(1405, 2015, 338, 4251, 8.0);
INSERT INTO RangeProj VALUES(0, 1406);
INSERT INTO Projection VALUES(1406, 2020, 321, 4199, 7.6);
INSERT INTO RangeProj VALUES(0, 1407);
INSERT INTO Projection VALUES(1407, 2025, 289, 4136, 7.0);
INSERT INTO RangeProj VALUES(0, 1408);
INSERT INTO Projection VALUES(1408, 2010, 340, 4281, 7.9);
INSERT INTO RangeProj VALUES(0, 1409);
INSERT INTO Projection VALUES(1409, 2015, 351, 4251, 8.3);
INSERT INTO RangeProj VALUES(0, 1410);
INSERT INTO Projection VALUES(1410, 2020, 332, 4199, 7.9);
INSERT INTO RangeProj VALUES(0, 1411);
INSERT INTO Projection VALUES(1411, 2025, 314, 4136, 7.6);
INSERT INTO RangeProj VALUES(0, 1412);
INSERT INTO Projection VALUES(1412, 2010, 321, 4281, 7.5);
INSERT INTO RangeProj VALUES(0, 1413);
INSERT INTO Projection VALUES(1413, 2015, 317, 4251, 7.5);
INSERT INTO RangeProj VALUES(0, 1414);
INSERT INTO Projection VALUES(1414, 2020, 326, 4199, 7.8);
INSERT INTO RangeProj VALUES(0, 1415);
INSERT INTO Projection VALUES(1415, 2025, 306, 4136, 7.4);
INSERT INTO RangeProj VALUES(0, 1416);
INSERT INTO Projection VALUES(1416, 2010, 288, 4281, 6.7);
INSERT INTO RangeProj VALUES(0, 1417);
INSERT INTO Projection VALUES(1417, 2015, 324, 4251, 7.6);
INSERT INTO RangeProj VALUES(0, 1418);
INSERT INTO Projection VALUES(1418, 2020, 320, 4199, 7.6);
INSERT INTO RangeProj VALUES(0, 1419);
INSERT INTO Projection VALUES(1419, 2025, 324, 4136, 7.8);
INSERT INTO RangeProj VALUES(0, 1420);
INSERT INTO Projection VALUES(1420, 2010, 245, 4281, 5.7);
INSERT INTO RangeProj VALUES(0, 1421);
INSERT INTO Projection VALUES(1421, 2015, 273, 4251, 6.4);
INSERT INTO RangeProj VALUES(0, 1422);
INSERT INTO Projection VALUES(1422, 2020, 299, 4199, 7.1);
INSERT INTO RangeProj VALUES(0, 1423);
INSERT INTO Projection VALUES(1423, 2025, 304, 4136, 7.4);
INSERT INTO RangeProj VALUES(0, 1424);
INSERT INTO Projection VALUES(1424, 2010, 183, 4281, 4.3);
INSERT INTO RangeProj VALUES(0, 1425);
INSERT INTO Projection VALUES(1425, 2015, 202, 4251, 4.8);
commit;
INSERT INTO RangeProj VALUES(0, 1426);
INSERT INTO Projection VALUES(1426, 2020, 231, 4199, 5.5);
INSERT INTO RangeProj VALUES(0, 1427);
INSERT INTO Projection VALUES(1427, 2025, 261, 4136, 6.3);
INSERT INTO RangeProj VALUES(0, 1428);
INSERT INTO Projection VALUES(1428, 2010, 152, 4281, 3.6);
INSERT INTO RangeProj VALUES(0, 1429);
INSERT INTO Projection VALUES(1429, 2015, 153, 4251, 3.6);
INSERT INTO RangeProj VALUES(0, 1430);
INSERT INTO Projection VALUES(1430, 2020, 173, 4199, 4.1);
INSERT INTO RangeProj VALUES(0, 1431);
INSERT INTO Projection VALUES(1431, 2025, 199, 4136, 4.8);
INSERT INTO RangeProj VALUES(0, 1432);
INSERT INTO Projection VALUES(1432, 2010, 106, 4281, 2.5);
INSERT INTO RangeProj VALUES(0, 1433);
INSERT INTO Projection VALUES(1433, 2015, 112, 4251, 2.6);
INSERT INTO RangeProj VALUES(0, 1434);
INSERT INTO Projection VALUES(1434, 2020, 118, 4199, 2.8);
INSERT INTO RangeProj VALUES(0, 1435);
INSERT INTO Projection VALUES(1435, 2025, 136, 4136, 3.3);
INSERT INTO RangeProj VALUES(0, 1436);
INSERT INTO Projection VALUES(1436, 2010, 121, 4281, 2.8);
INSERT INTO RangeProj VALUES(0, 1437);
INSERT INTO Projection VALUES(1437, 2015, 132, 4251, 3.1);
INSERT INTO RangeProj VALUES(0, 1438);
INSERT INTO Projection VALUES(1438, 2020, 138, 4199, 3.3);
INSERT INTO RangeProj VALUES(0, 1439);
INSERT INTO Projection VALUES(1439, 2025, 150, 4136, 3.6);
INSERT INTO SubRange VALUES(42110, 0);
INSERT INTO SubRange VALUES(42110, 1);
INSERT INTO SubRange VALUES(42110, 2);
INSERT INTO SubRange VALUES(42110, 3);
INSERT INTO SubRange VALUES(42110, 4);
INSERT INTO SubRange VALUES(42110, 5);
INSERT INTO SubRange VALUES(42110, 6);
INSERT INTO SubRange VALUES(42110, 7);
INSERT INTO SubRange VALUES(42110, 8);
INSERT INTO SubRange VALUES(42110, 9);
INSERT INTO SubRange VALUES(42110, 10);
INSERT INTO SubRange VALUES(42110, 11);
INSERT INTO SubRange VALUES(42110, 12);
INSERT INTO SubRange VALUES(42110, 13);
INSERT INTO SubRange VALUES(42110, 14);
INSERT INTO SubRange VALUES(42110, 15);
INSERT INTO SubRange VALUES(42110, 16);
INSERT INTO SubRange VALUES(42110, 17);
INSERT INTO Suburb VALUES(42250, 'Grant');
INSERT INTO RangeProj VALUES(0, 1440);
INSERT INTO Projection VALUES(1440, 2010, 622, 8815, 7.1);
INSERT INTO RangeProj VALUES(0, 1441);
INSERT INTO Projection VALUES(1441, 2015, 628, 9334, 6.7);
INSERT INTO RangeProj VALUES(0, 1442);
INSERT INTO Projection VALUES(1442, 2020, 650, 9853, 6.6);
INSERT INTO RangeProj VALUES(0, 1443);
INSERT INTO Projection VALUES(1443, 2025, 668, 10368, 6.4);
INSERT INTO RangeProj VALUES(0, 1444);
INSERT INTO Projection VALUES(1444, 2010, 592, 8815, 6.7);
INSERT INTO RangeProj VALUES(0, 1445);
INSERT INTO Projection VALUES(1445, 2015, 689, 9334, 7.4);
INSERT INTO RangeProj VALUES(0, 1446);
INSERT INTO Projection VALUES(1446, 2020, 698, 9853, 7.1);
INSERT INTO RangeProj VALUES(0, 1447);
INSERT INTO Projection VALUES(1447, 2025, 732, 10368, 7.1);
INSERT INTO RangeProj VALUES(0, 1448);
INSERT INTO Projection VALUES(1448, 2010, 710, 8815, 8.1);
INSERT INTO RangeProj VALUES(0, 1449);
INSERT INTO Projection VALUES(1449, 2015, 671, 9334, 7.2);
INSERT INTO RangeProj VALUES(0, 1450);
INSERT INTO Projection VALUES(1450, 2020, 760, 9853, 7.7);
INSERT INTO RangeProj VALUES(0, 1451);
INSERT INTO Projection VALUES(1451, 2025, 778, 10368, 7.5);
INSERT INTO RangeProj VALUES(0, 1452);
INSERT INTO Projection VALUES(1452, 2010, 594, 8815, 6.7);
INSERT INTO RangeProj VALUES(0, 1453);
INSERT INTO Projection VALUES(1453, 2015, 608, 9334, 6.5);
INSERT INTO RangeProj VALUES(0, 1454);
INSERT INTO Projection VALUES(1454, 2020, 579, 9853, 5.9);
INSERT INTO RangeProj VALUES(0, 1455);
INSERT INTO Projection VALUES(1455, 2025, 656, 10368, 6.3);
INSERT INTO RangeProj VALUES(0, 1456);
INSERT INTO Projection VALUES(1456, 2010, 403, 8815, 4.6);
INSERT INTO RangeProj VALUES(0, 1457);
INSERT INTO Projection VALUES(1457, 2015, 410, 9334, 4.4);
INSERT INTO RangeProj VALUES(0, 1458);
INSERT INTO Projection VALUES(1458, 2020, 411, 9853, 4.2);
INSERT INTO RangeProj VALUES(0, 1459);
INSERT INTO Projection VALUES(1459, 2025, 401, 10368, 3.9);
INSERT INTO RangeProj VALUES(0, 1460);
INSERT INTO Projection VALUES(1460, 2010, 410, 8815, 4.7);
INSERT INTO RangeProj VALUES(0, 1461);
INSERT INTO Projection VALUES(1461, 2015, 437, 9334, 4.7);
INSERT INTO RangeProj VALUES(0, 1462);
INSERT INTO Projection VALUES(1462, 2020, 453, 9853, 4.6);
INSERT INTO RangeProj VALUES(0, 1463);
INSERT INTO Projection VALUES(1463, 2025, 445, 10368, 4.3);
INSERT INTO RangeProj VALUES(0, 1464);
INSERT INTO Projection VALUES(1464, 2010, 526, 8815, 6.0);
INSERT INTO RangeProj VALUES(0, 1465);
INSERT INTO Projection VALUES(1465, 2015, 558, 9334, 6.0);
INSERT INTO RangeProj VALUES(0, 1466);
INSERT INTO Projection VALUES(1466, 2020, 597, 9853, 6.1);
commit;
INSERT INTO RangeProj VALUES(0, 1467);
INSERT INTO Projection VALUES(1467, 2025, 612, 10368, 5.9);
INSERT INTO RangeProj VALUES(0, 1468);
INSERT INTO Projection VALUES(1468, 2010, 622, 8815, 7.1);
INSERT INTO RangeProj VALUES(0, 1469);
INSERT INTO Projection VALUES(1469, 2015, 603, 9334, 6.5);
INSERT INTO RangeProj VALUES(0, 1470);
INSERT INTO Projection VALUES(1470, 2020, 645, 9853, 6.5);
INSERT INTO RangeProj VALUES(0, 1471);
INSERT INTO Projection VALUES(1471, 2025, 687, 10368, 6.6);
INSERT INTO RangeProj VALUES(0, 1472);
INSERT INTO Projection VALUES(1472, 2010, 731, 8815, 8.3);
INSERT INTO RangeProj VALUES(0, 1473);
INSERT INTO Projection VALUES(1473, 2015, 693, 9334, 7.4);
INSERT INTO RangeProj VALUES(0, 1474);
INSERT INTO Projection VALUES(1474, 2020, 666, 9853, 6.8);
INSERT INTO RangeProj VALUES(0, 1475);
INSERT INTO Projection VALUES(1475, 2025, 715, 10368, 6.9);
INSERT INTO RangeProj VALUES(0, 1476);
INSERT INTO Projection VALUES(1476, 2010, 798, 8815, 9.1);
INSERT INTO RangeProj VALUES(0, 1477);
INSERT INTO Projection VALUES(1477, 2015, 775, 9334, 8.3);
INSERT INTO RangeProj VALUES(0, 1478);
INSERT INTO Projection VALUES(1478, 2020, 754, 9853, 7.7);
INSERT INTO RangeProj VALUES(0, 1479);
INSERT INTO Projection VALUES(1479, 2025, 725, 10368, 7.0);
INSERT INTO RangeProj VALUES(0, 1480);
INSERT INTO Projection VALUES(1480, 2010, 649, 8815, 7.4);
INSERT INTO RangeProj VALUES(0, 1481);
INSERT INTO Projection VALUES(1481, 2015, 789, 9334, 8.5);
INSERT INTO RangeProj VALUES(0, 1482);
INSERT INTO Projection VALUES(1482, 2020, 770, 9853, 7.8);
INSERT INTO RangeProj VALUES(0, 1483);
INSERT INTO Projection VALUES(1483, 2025, 761, 10368, 7.3);
INSERT INTO RangeProj VALUES(0, 1484);
INSERT INTO Projection VALUES(1484, 2010, 680, 8815, 7.7);
INSERT INTO RangeProj VALUES(0, 1485);
INSERT INTO Projection VALUES(1485, 2015, 669, 9334, 7.2);
INSERT INTO RangeProj VALUES(0, 1486);
INSERT INTO Projection VALUES(1486, 2020, 800, 9853, 8.1);
INSERT INTO RangeProj VALUES(0, 1487);
INSERT INTO Projection VALUES(1487, 2025, 789, 10368, 7.6);
INSERT INTO RangeProj VALUES(0, 1488);
INSERT INTO Projection VALUES(1488, 2010, 536, 8815, 6.1);
INSERT INTO RangeProj VALUES(0, 1489);
INSERT INTO Projection VALUES(1489, 2015, 653, 9334, 7.0);
INSERT INTO RangeProj VALUES(0, 1490);
INSERT INTO Projection VALUES(1490, 2020, 647, 9853, 6.6);
INSERT INTO RangeProj VALUES(0, 1491);
INSERT INTO Projection VALUES(1491, 2025, 774, 10368, 7.5);
INSERT INTO RangeProj VALUES(0, 1492);
INSERT INTO Projection VALUES(1492, 2010, 328, 8815, 3.7);
INSERT INTO RangeProj VALUES(0, 1493);
INSERT INTO Projection VALUES(1493, 2015, 477, 9334, 5.1);
INSERT INTO RangeProj VALUES(0, 1494);
INSERT INTO Projection VALUES(1494, 2020, 569, 9853, 5.8);
INSERT INTO RangeProj VALUES(0, 1495);
INSERT INTO Projection VALUES(1495, 2025, 568, 10368, 5.5);
INSERT INTO RangeProj VALUES(0, 1496);
INSERT INTO Projection VALUES(1496, 2010, 259, 8815, 2.9);
INSERT INTO RangeProj VALUES(0, 1497);
INSERT INTO Projection VALUES(1497, 2015, 269, 9334, 2.9);
INSERT INTO RangeProj VALUES(0, 1498);
INSERT INTO Projection VALUES(1498, 2020, 394, 9853, 4.0);
INSERT INTO RangeProj VALUES(0, 1499);
INSERT INTO Projection VALUES(1499, 2025, 461, 10368, 4.4);
INSERT INTO RangeProj VALUES(0, 1500);
INSERT INTO Projection VALUES(1500, 2010, 138, 8815, 1.6);
INSERT INTO RangeProj VALUES(0, 1501);
INSERT INTO Projection VALUES(1501, 2015, 182, 9334, 1.9);
INSERT INTO RangeProj VALUES(0, 1502);
INSERT INTO Projection VALUES(1502, 2020, 199, 9853, 2.0);
INSERT INTO RangeProj VALUES(0, 1503);
INSERT INTO Projection VALUES(1503, 2025, 301, 10368, 2.9);
INSERT INTO RangeProj VALUES(0, 1504);
INSERT INTO Projection VALUES(1504, 2010, 119, 8815, 1.3);
INSERT INTO RangeProj VALUES(0, 1505);
INSERT INTO Projection VALUES(1505, 2015, 98, 9334, 1.0);
INSERT INTO RangeProj VALUES(0, 1506);
INSERT INTO Projection VALUES(1506, 2020, 134, 9853, 1.4);
INSERT INTO RangeProj VALUES(0, 1507);
INSERT INTO Projection VALUES(1507, 2025, 146, 10368, 1.4);
INSERT INTO RangeProj VALUES(0, 1508);
INSERT INTO Projection VALUES(1508, 2010, 98, 8815, 1.1);
INSERT INTO RangeProj VALUES(0, 1509);
INSERT INTO Projection VALUES(1509, 2015, 125, 9334, 1.3);
INSERT INTO RangeProj VALUES(0, 1510);
INSERT INTO Projection VALUES(1510, 2020, 127, 9853, 1.3);
INSERT INTO RangeProj VALUES(0, 1511);
INSERT INTO Projection VALUES(1511, 2025, 149, 10368, 1.4);
INSERT INTO SubRange VALUES(42250, 0);
INSERT INTO SubRange VALUES(42250, 1);
INSERT INTO SubRange VALUES(42250, 2);
INSERT INTO SubRange VALUES(42250, 3);
INSERT INTO SubRange VALUES(42250, 4);
INSERT INTO SubRange VALUES(42250, 5);
INSERT INTO SubRange VALUES(42250, 6);
INSERT INTO SubRange VALUES(42250, 7);
INSERT INTO SubRange VALUES(42250, 8);
INSERT INTO SubRange VALUES(42250, 9);
INSERT INTO SubRange VALUES(42250, 10);
commit;
INSERT INTO SubRange VALUES(42250, 11);
INSERT INTO SubRange VALUES(42250, 12);
INSERT INTO SubRange VALUES(42250, 13);
INSERT INTO SubRange VALUES(42250, 14);
INSERT INTO SubRange VALUES(42250, 15);
INSERT INTO SubRange VALUES(42250, 16);
INSERT INTO SubRange VALUES(42250, 17);
INSERT INTO Suburb VALUES(42600, 'Holdfast Bay');
INSERT INTO RangeProj VALUES(0, 1512);
INSERT INTO Projection VALUES(1512, 2010, 1420, 35976, 3.9);
INSERT INTO RangeProj VALUES(0, 1513);
INSERT INTO Projection VALUES(1513, 2015, 1502, 37513, 4.0);
INSERT INTO RangeProj VALUES(0, 1514);
INSERT INTO Projection VALUES(1514, 2020, 1562, 39188, 4.0);
INSERT INTO RangeProj VALUES(0, 1515);
INSERT INTO Projection VALUES(1515, 2025, 1574, 40878, 3.9);
INSERT INTO RangeProj VALUES(0, 1516);
INSERT INTO Projection VALUES(1516, 2010, 1473, 35976, 4.1);
INSERT INTO RangeProj VALUES(0, 1517);
INSERT INTO Projection VALUES(1517, 2015, 1620, 37513, 4.3);
INSERT INTO RangeProj VALUES(0, 1518);
INSERT INTO Projection VALUES(1518, 2020, 1694, 39188, 4.3);
INSERT INTO RangeProj VALUES(0, 1519);
INSERT INTO Projection VALUES(1519, 2025, 1751, 40878, 4.3);
INSERT INTO RangeProj VALUES(0, 1520);
INSERT INTO Projection VALUES(1520, 2010, 1541, 35976, 4.3);
INSERT INTO RangeProj VALUES(0, 1521);
INSERT INTO Projection VALUES(1521, 2015, 1618, 37513, 4.3);
INSERT INTO RangeProj VALUES(0, 1522);
INSERT INTO Projection VALUES(1522, 2020, 1758, 39188, 4.5);
INSERT INTO RangeProj VALUES(0, 1523);
INSERT INTO Projection VALUES(1523, 2025, 1829, 40878, 4.5);
INSERT INTO RangeProj VALUES(0, 1524);
INSERT INTO Projection VALUES(1524, 2010, 2122, 35976, 5.9);
INSERT INTO RangeProj VALUES(0, 1525);
INSERT INTO Projection VALUES(1525, 2015, 2101, 37513, 5.6);
INSERT INTO RangeProj VALUES(0, 1526);
INSERT INTO Projection VALUES(1526, 2020, 2138, 39188, 5.5);
INSERT INTO RangeProj VALUES(0, 1527);
INSERT INTO Projection VALUES(1527, 2025, 2281, 40878, 5.6);
INSERT INTO RangeProj VALUES(0, 1528);
INSERT INTO Projection VALUES(1528, 2010, 2580, 35976, 7.2);
INSERT INTO RangeProj VALUES(0, 1529);
INSERT INTO Projection VALUES(1529, 2015, 2662, 37513, 7.1);
INSERT INTO RangeProj VALUES(0, 1530);
INSERT INTO Projection VALUES(1530, 2020, 2628, 39188, 6.7);
INSERT INTO RangeProj VALUES(0, 1531);
INSERT INTO Projection VALUES(1531, 2025, 2604, 40878, 6.4);
INSERT INTO RangeProj VALUES(0, 1532);
INSERT INTO Projection VALUES(1532, 2010, 2501, 35976, 7.0);
INSERT INTO RangeProj VALUES(0, 1533);
INSERT INTO Projection VALUES(1533, 2015, 2528, 37513, 6.7);
INSERT INTO RangeProj VALUES(0, 1534);
INSERT INTO Projection VALUES(1534, 2020, 2585, 39188, 6.6);
INSERT INTO RangeProj VALUES(0, 1535);
INSERT INTO Projection VALUES(1535, 2025, 2533, 40878, 6.2);
INSERT INTO RangeProj VALUES(0, 1536);
INSERT INTO Projection VALUES(1536, 2010, 2011, 35976, 5.6);
INSERT INTO RangeProj VALUES(0, 1537);
INSERT INTO Projection VALUES(1537, 2015, 2305, 37513, 6.1);
INSERT INTO RangeProj VALUES(0, 1538);
INSERT INTO Projection VALUES(1538, 2020, 2344, 39188, 6.0);
INSERT INTO RangeProj VALUES(0, 1539);
INSERT INTO Projection VALUES(1539, 2025, 2398, 40878, 5.9);
INSERT INTO RangeProj VALUES(0, 1540);
INSERT INTO Projection VALUES(1540, 2010, 2132, 35976, 5.9);
INSERT INTO RangeProj VALUES(0, 1541);
INSERT INTO Projection VALUES(1541, 2015, 2089, 37513, 5.6);
INSERT INTO RangeProj VALUES(0, 1542);
INSERT INTO Projection VALUES(1542, 2020, 2355, 39188, 6.0);
INSERT INTO RangeProj VALUES(0, 1543);
INSERT INTO Projection VALUES(1543, 2025, 2404, 40878, 5.9);
INSERT INTO RangeProj VALUES(0, 1544);
INSERT INTO Projection VALUES(1544, 2010, 2223, 35976, 6.2);
INSERT INTO RangeProj VALUES(0, 1545);
INSERT INTO Projection VALUES(1545, 2015, 2267, 37513, 6.0);
INSERT INTO RangeProj VALUES(0, 1546);
INSERT INTO Projection VALUES(1546, 2020, 2218, 39188, 5.7);
INSERT INTO RangeProj VALUES(0, 1547);
INSERT INTO Projection VALUES(1547, 2025, 2474, 40878, 6.1);
INSERT INTO RangeProj VALUES(0, 1548);
INSERT INTO Projection VALUES(1548, 2010, 2577, 35976, 7.2);
INSERT INTO RangeProj VALUES(0, 1549);
INSERT INTO Projection VALUES(1549, 2015, 2435, 37513, 6.5);
INSERT INTO RangeProj VALUES(0, 1550);
INSERT INTO Projection VALUES(1550, 2020, 2486, 39188, 6.3);
INSERT INTO RangeProj VALUES(0, 1551);
INSERT INTO Projection VALUES(1551, 2025, 2423, 40878, 5.9);
INSERT INTO RangeProj VALUES(0, 1552);
INSERT INTO Projection VALUES(1552, 2010, 2704, 35976, 7.5);
INSERT INTO RangeProj VALUES(0, 1553);
INSERT INTO Projection VALUES(1553, 2015, 2696, 37513, 7.2);
INSERT INTO RangeProj VALUES(0, 1554);
INSERT INTO Projection VALUES(1554, 2020, 2589, 39188, 6.6);
INSERT INTO RangeProj VALUES(0, 1555);
INSERT INTO Projection VALUES(1555, 2025, 2647, 40878, 6.5);
INSERT INTO RangeProj VALUES(0, 1556);
INSERT INTO Projection VALUES(1556, 2010, 2548, 35976, 7.1);
INSERT INTO RangeProj VALUES(0, 1557);
INSERT INTO Projection VALUES(1557, 2015, 2700, 37513, 7.2);
INSERT INTO RangeProj VALUES(0, 1558);
commit;
INSERT INTO Projection VALUES(1558, 2020, 2716, 39188, 6.9);
INSERT INTO RangeProj VALUES(0, 1559);
INSERT INTO Projection VALUES(1559, 2025, 2633, 40878, 6.4);
INSERT INTO RangeProj VALUES(0, 1560);
INSERT INTO Projection VALUES(1560, 2010, 2472, 35976, 6.9);
INSERT INTO RangeProj VALUES(0, 1561);
INSERT INTO Projection VALUES(1561, 2015, 2556, 37513, 6.8);
INSERT INTO RangeProj VALUES(0, 1562);
INSERT INTO Projection VALUES(1562, 2020, 2715, 39188, 6.9);
INSERT INTO RangeProj VALUES(0, 1563);
INSERT INTO Projection VALUES(1563, 2025, 2755, 40878, 6.7);
INSERT INTO RangeProj VALUES(0, 1564);
INSERT INTO Projection VALUES(1564, 2010, 1728, 35976, 4.8);
INSERT INTO RangeProj VALUES(0, 1565);
INSERT INTO Projection VALUES(1565, 2015, 2406, 37513, 6.4);
INSERT INTO RangeProj VALUES(0, 1566);
INSERT INTO Projection VALUES(1566, 2020, 2505, 39188, 6.4);
INSERT INTO RangeProj VALUES(0, 1567);
INSERT INTO Projection VALUES(1567, 2025, 2671, 40878, 6.5);
INSERT INTO RangeProj VALUES(0, 1568);
INSERT INTO Projection VALUES(1568, 2010, 1438, 35976, 4.0);
INSERT INTO RangeProj VALUES(0, 1569);
INSERT INTO Projection VALUES(1569, 2015, 1731, 37513, 4.6);
INSERT INTO RangeProj VALUES(0, 1570);
INSERT INTO Projection VALUES(1570, 2020, 2375, 39188, 6.1);
INSERT INTO RangeProj VALUES(0, 1571);
INSERT INTO Projection VALUES(1571, 2025, 2495, 40878, 6.1);
INSERT INTO RangeProj VALUES(0, 1572);
INSERT INTO Projection VALUES(1572, 2010, 1411, 35976, 3.9);
INSERT INTO RangeProj VALUES(0, 1573);
INSERT INTO Projection VALUES(1573, 2015, 1426, 37513, 3.8);
INSERT INTO RangeProj VALUES(0, 1574);
INSERT INTO Projection VALUES(1574, 2020, 1722, 39188, 4.4);
INSERT INTO RangeProj VALUES(0, 1575);
INSERT INTO Projection VALUES(1575, 2025, 2330, 40878, 5.7);
INSERT INTO RangeProj VALUES(0, 1576);
INSERT INTO Projection VALUES(1576, 2010, 1401, 35976, 3.9);
INSERT INTO RangeProj VALUES(0, 1577);
INSERT INTO Projection VALUES(1577, 2015, 1175, 37513, 3.1);
INSERT INTO RangeProj VALUES(0, 1578);
INSERT INTO Projection VALUES(1578, 2020, 1221, 39188, 3.1);
INSERT INTO RangeProj VALUES(0, 1579);
INSERT INTO Projection VALUES(1579, 2025, 1493, 40878, 3.7);
INSERT INTO RangeProj VALUES(0, 1580);
INSERT INTO Projection VALUES(1580, 2010, 1694, 35976, 4.7);
INSERT INTO RangeProj VALUES(0, 1581);
INSERT INTO Projection VALUES(1581, 2015, 1696, 37513, 4.5);
INSERT INTO RangeProj VALUES(0, 1582);
INSERT INTO Projection VALUES(1582, 2020, 1577, 39188, 4.0);
INSERT INTO RangeProj VALUES(0, 1583);
INSERT INTO Projection VALUES(1583, 2025, 1583, 40878, 3.9);
INSERT INTO SubRange VALUES(42600, 0);
INSERT INTO SubRange VALUES(42600, 1);
INSERT INTO SubRange VALUES(42600, 2);
INSERT INTO SubRange VALUES(42600, 3);
INSERT INTO SubRange VALUES(42600, 4);
INSERT INTO SubRange VALUES(42600, 5);
INSERT INTO SubRange VALUES(42600, 6);
INSERT INTO SubRange VALUES(42600, 7);
INSERT INTO SubRange VALUES(42600, 8);
INSERT INTO SubRange VALUES(42600, 9);
INSERT INTO SubRange VALUES(42600, 10);
INSERT INTO SubRange VALUES(42600, 11);
INSERT INTO SubRange VALUES(42600, 12);
INSERT INTO SubRange VALUES(42600, 13);
INSERT INTO SubRange VALUES(42600, 14);
INSERT INTO SubRange VALUES(42600, 15);
INSERT INTO SubRange VALUES(42600, 16);
INSERT INTO SubRange VALUES(42600, 17);
INSERT INTO Suburb VALUES(42750, 'Kangaroo Island');
INSERT INTO RangeProj VALUES(0, 1584);
INSERT INTO Projection VALUES(1584, 2010, 226, 4573, 4.9);
INSERT INTO RangeProj VALUES(0, 1585);
INSERT INTO Projection VALUES(1585, 2015, 220, 4704, 4.7);
INSERT INTO RangeProj VALUES(0, 1586);
INSERT INTO Projection VALUES(1586, 2020, 214, 4814, 4.4);
INSERT INTO RangeProj VALUES(0, 1587);
INSERT INTO Projection VALUES(1587, 2025, 212, 4911, 4.3);
INSERT INTO RangeProj VALUES(0, 1588);
INSERT INTO Projection VALUES(1588, 2010, 260, 4573, 5.7);
INSERT INTO RangeProj VALUES(0, 1589);
INSERT INTO Projection VALUES(1589, 2015, 238, 4704, 5.1);
INSERT INTO RangeProj VALUES(0, 1590);
INSERT INTO Projection VALUES(1590, 2020, 235, 4814, 4.9);
INSERT INTO RangeProj VALUES(0, 1591);
INSERT INTO Projection VALUES(1591, 2025, 227, 4911, 4.6);
INSERT INTO RangeProj VALUES(0, 1592);
INSERT INTO Projection VALUES(1592, 2010, 336, 4573, 7.3);
INSERT INTO RangeProj VALUES(0, 1593);
INSERT INTO Projection VALUES(1593, 2015, 288, 4704, 6.1);
INSERT INTO RangeProj VALUES(0, 1594);
INSERT INTO Projection VALUES(1594, 2020, 268, 4814, 5.6);
INSERT INTO RangeProj VALUES(0, 1595);
INSERT INTO Projection VALUES(1595, 2025, 266, 4911, 5.4);
INSERT INTO RangeProj VALUES(0, 1596);
INSERT INTO Projection VALUES(1596, 2010, 240, 4573, 5.2);
INSERT INTO RangeProj VALUES(0, 1597);
INSERT INTO Projection VALUES(1597, 2015, 245, 4704, 5.2);
INSERT INTO RangeProj VALUES(0, 1598);
INSERT INTO Projection VALUES(1598, 2020, 214, 4814, 4.4);
INSERT INTO RangeProj VALUES(0, 1599);
commit;
INSERT INTO Projection VALUES(1599, 2025, 208, 4911, 4.2);
INSERT INTO RangeProj VALUES(0, 1600);
INSERT INTO Projection VALUES(1600, 2010, 174, 4573, 3.8);
INSERT INTO RangeProj VALUES(0, 1601);
INSERT INTO Projection VALUES(1601, 2015, 163, 4704, 3.5);
INSERT INTO RangeProj VALUES(0, 1602);
INSERT INTO Projection VALUES(1602, 2020, 159, 4814, 3.3);
INSERT INTO RangeProj VALUES(0, 1603);
INSERT INTO Projection VALUES(1603, 2025, 146, 4911, 3.0);
INSERT INTO RangeProj VALUES(0, 1604);
INSERT INTO Projection VALUES(1604, 2010, 178, 4573, 3.9);
INSERT INTO RangeProj VALUES(0, 1605);
INSERT INTO Projection VALUES(1605, 2015, 184, 4704, 3.9);
INSERT INTO RangeProj VALUES(0, 1606);
INSERT INTO Projection VALUES(1606, 2020, 172, 4814, 3.6);
INSERT INTO RangeProj VALUES(0, 1607);
INSERT INTO Projection VALUES(1607, 2025, 170, 4911, 3.5);
INSERT INTO RangeProj VALUES(0, 1608);
INSERT INTO Projection VALUES(1608, 2010, 203, 4573, 4.4);
INSERT INTO RangeProj VALUES(0, 1609);
INSERT INTO Projection VALUES(1609, 2015, 201, 4704, 4.3);
INSERT INTO RangeProj VALUES(0, 1610);
INSERT INTO Projection VALUES(1610, 2020, 208, 4814, 4.3);
INSERT INTO RangeProj VALUES(0, 1611);
INSERT INTO Projection VALUES(1611, 2025, 197, 4911, 4.0);
INSERT INTO RangeProj VALUES(0, 1612);
INSERT INTO Projection VALUES(1612, 2010, 274, 4573, 6.0);
INSERT INTO RangeProj VALUES(0, 1613);
INSERT INTO Projection VALUES(1613, 2015, 218, 4704, 4.6);
INSERT INTO RangeProj VALUES(0, 1614);
INSERT INTO Projection VALUES(1614, 2020, 221, 4814, 4.6);
INSERT INTO RangeProj VALUES(0, 1615);
INSERT INTO Projection VALUES(1615, 2025, 227, 4911, 4.6);
INSERT INTO RangeProj VALUES(0, 1616);
INSERT INTO Projection VALUES(1616, 2010, 341, 4573, 7.5);
INSERT INTO RangeProj VALUES(0, 1617);
INSERT INTO Projection VALUES(1617, 2015, 335, 4704, 7.1);
INSERT INTO RangeProj VALUES(0, 1618);
INSERT INTO Projection VALUES(1618, 2020, 279, 4814, 5.8);
INSERT INTO RangeProj VALUES(0, 1619);
INSERT INTO Projection VALUES(1619, 2025, 286, 4911, 5.8);
INSERT INTO RangeProj VALUES(0, 1620);
INSERT INTO Projection VALUES(1620, 2010, 422, 4573, 9.2);
INSERT INTO RangeProj VALUES(0, 1621);
INSERT INTO Projection VALUES(1621, 2015, 401, 4704, 8.5);
INSERT INTO RangeProj VALUES(0, 1622);
INSERT INTO Projection VALUES(1622, 2020, 391, 4814, 8.1);
INSERT INTO RangeProj VALUES(0, 1623);
INSERT INTO Projection VALUES(1623, 2025, 333, 4911, 6.8);
INSERT INTO RangeProj VALUES(0, 1624);
INSERT INTO Projection VALUES(1624, 2010, 415, 4573, 9.1);
INSERT INTO RangeProj VALUES(0, 1625);
INSERT INTO Projection VALUES(1625, 2015, 455, 4704, 9.7);
INSERT INTO RangeProj VALUES(0, 1626);
INSERT INTO Projection VALUES(1626, 2020, 434, 4814, 9.0);
INSERT INTO RangeProj VALUES(0, 1627);
INSERT INTO Projection VALUES(1627, 2025, 417, 4911, 8.5);
INSERT INTO RangeProj VALUES(0, 1628);
INSERT INTO Projection VALUES(1628, 2010, 397, 4573, 8.7);
INSERT INTO RangeProj VALUES(0, 1629);
INSERT INTO Projection VALUES(1629, 2015, 420, 4704, 8.9);
INSERT INTO RangeProj VALUES(0, 1630);
INSERT INTO Projection VALUES(1630, 2020, 458, 4814, 9.5);
INSERT INTO RangeProj VALUES(0, 1631);
INSERT INTO Projection VALUES(1631, 2025, 433, 4911, 8.8);
INSERT INTO RangeProj VALUES(0, 1632);
INSERT INTO Projection VALUES(1632, 2010, 383, 4573, 8.4);
INSERT INTO RangeProj VALUES(0, 1633);
INSERT INTO Projection VALUES(1633, 2015, 417, 4704, 8.9);
INSERT INTO RangeProj VALUES(0, 1634);
INSERT INTO Projection VALUES(1634, 2020, 446, 4814, 9.3);
INSERT INTO RangeProj VALUES(0, 1635);
INSERT INTO Projection VALUES(1635, 2025, 475, 4911, 9.7);
INSERT INTO RangeProj VALUES(0, 1636);
INSERT INTO Projection VALUES(1636, 2010, 255, 4573, 5.6);
INSERT INTO RangeProj VALUES(0, 1637);
INSERT INTO Projection VALUES(1637, 2015, 355, 4704, 7.5);
INSERT INTO RangeProj VALUES(0, 1638);
INSERT INTO Projection VALUES(1638, 2020, 386, 4814, 8.0);
INSERT INTO RangeProj VALUES(0, 1639);
INSERT INTO Projection VALUES(1639, 2025, 411, 4911, 8.4);
INSERT INTO RangeProj VALUES(0, 1640);
INSERT INTO Projection VALUES(1640, 2010, 162, 4573, 3.5);
INSERT INTO RangeProj VALUES(0, 1641);
INSERT INTO Projection VALUES(1641, 2015, 226, 4704, 4.8);
INSERT INTO RangeProj VALUES(0, 1642);
INSERT INTO Projection VALUES(1642, 2020, 324, 4814, 6.7);
INSERT INTO RangeProj VALUES(0, 1643);
INSERT INTO Projection VALUES(1643, 2025, 354, 4911, 7.2);
INSERT INTO RangeProj VALUES(0, 1644);
INSERT INTO Projection VALUES(1644, 2010, 100, 4573, 2.2);
INSERT INTO RangeProj VALUES(0, 1645);
INSERT INTO Projection VALUES(1645, 2015, 124, 4704, 2.6);
INSERT INTO RangeProj VALUES(0, 1646);
INSERT INTO Projection VALUES(1646, 2020, 177, 4814, 3.7);
INSERT INTO RangeProj VALUES(0, 1647);
INSERT INTO Projection VALUES(1647, 2025, 261, 4911, 5.3);
INSERT INTO RangeProj VALUES(0, 1648);
INSERT INTO Projection VALUES(1648, 2010, 96, 4573, 2.1);
INSERT INTO RangeProj VALUES(0, 1649);
INSERT INTO Projection VALUES(1649, 2015, 79, 4704, 1.7);
commit;
INSERT INTO RangeProj VALUES(0, 1650);
INSERT INTO Projection VALUES(1650, 2020, 93, 4814, 1.9);
INSERT INTO RangeProj VALUES(0, 1651);
INSERT INTO Projection VALUES(1651, 2025, 134, 4911, 2.7);
INSERT INTO RangeProj VALUES(0, 1652);
INSERT INTO Projection VALUES(1652, 2010, 111, 4573, 2.4);
INSERT INTO RangeProj VALUES(0, 1653);
INSERT INTO Projection VALUES(1653, 2015, 135, 4704, 2.9);
INSERT INTO RangeProj VALUES(0, 1654);
INSERT INTO Projection VALUES(1654, 2020, 135, 4814, 2.8);
INSERT INTO RangeProj VALUES(0, 1655);
INSERT INTO Projection VALUES(1655, 2025, 154, 4911, 3.1);
INSERT INTO SubRange VALUES(42750, 0);
INSERT INTO SubRange VALUES(42750, 1);
INSERT INTO SubRange VALUES(42750, 2);
INSERT INTO SubRange VALUES(42750, 3);
INSERT INTO SubRange VALUES(42750, 4);
INSERT INTO SubRange VALUES(42750, 5);
INSERT INTO SubRange VALUES(42750, 6);
INSERT INTO SubRange VALUES(42750, 7);
INSERT INTO SubRange VALUES(42750, 8);
INSERT INTO SubRange VALUES(42750, 9);
INSERT INTO SubRange VALUES(42750, 10);
INSERT INTO SubRange VALUES(42750, 11);
INSERT INTO SubRange VALUES(42750, 12);
INSERT INTO SubRange VALUES(42750, 13);
INSERT INTO SubRange VALUES(42750, 14);
INSERT INTO SubRange VALUES(42750, 15);
INSERT INTO SubRange VALUES(42750, 16);
INSERT INTO SubRange VALUES(42750, 17);
INSERT INTO Suburb VALUES(43080, 'Karoonda East Murray');
INSERT INTO RangeProj VALUES(0, 1656);
INSERT INTO Projection VALUES(1656, 2010, 64, 1158, 5.5);
INSERT INTO RangeProj VALUES(0, 1657);
INSERT INTO Projection VALUES(1657, 2015, 60, 1112, 5.4);
INSERT INTO RangeProj VALUES(0, 1658);
INSERT INTO Projection VALUES(1658, 2020, 58, 1058, 5.5);
INSERT INTO RangeProj VALUES(0, 1659);
INSERT INTO Projection VALUES(1659, 2025, 54, 1005, 5.4);
INSERT INTO RangeProj VALUES(0, 1660);
INSERT INTO Projection VALUES(1660, 2010, 75, 1158, 6.5);
INSERT INTO RangeProj VALUES(0, 1661);
INSERT INTO Projection VALUES(1661, 2015, 73, 1112, 6.6);
INSERT INTO RangeProj VALUES(0, 1662);
INSERT INTO Projection VALUES(1662, 2020, 64, 1058, 6.0);
INSERT INTO RangeProj VALUES(0, 1663);
INSERT INTO Projection VALUES(1663, 2025, 60, 1005, 6.0);
INSERT INTO RangeProj VALUES(0, 1664);
INSERT INTO Projection VALUES(1664, 2010, 82, 1158, 7.1);
INSERT INTO RangeProj VALUES(0, 1665);
INSERT INTO Projection VALUES(1665, 2015, 78, 1112, 7.0);
INSERT INTO RangeProj VALUES(0, 1666);
INSERT INTO Projection VALUES(1666, 2020, 80, 1058, 7.6);
INSERT INTO RangeProj VALUES(0, 1667);
INSERT INTO Projection VALUES(1667, 2025, 71, 1005, 7.1);
INSERT INTO RangeProj VALUES(0, 1668);
INSERT INTO Projection VALUES(1668, 2010, 61, 1158, 5.3);
INSERT INTO RangeProj VALUES(0, 1669);
INSERT INTO Projection VALUES(1669, 2015, 49, 1112, 4.4);
INSERT INTO RangeProj VALUES(0, 1670);
INSERT INTO Projection VALUES(1670, 2020, 45, 1058, 4.3);
INSERT INTO RangeProj VALUES(0, 1671);
INSERT INTO Projection VALUES(1671, 2025, 45, 1005, 4.5);
INSERT INTO RangeProj VALUES(0, 1672);
INSERT INTO Projection VALUES(1672, 2010, 32, 1158, 2.8);
INSERT INTO RangeProj VALUES(0, 1673);
INSERT INTO Projection VALUES(1673, 2015, 33, 1112, 3.0);
INSERT INTO RangeProj VALUES(0, 1674);
INSERT INTO Projection VALUES(1674, 2020, 26, 1058, 2.5);
INSERT INTO RangeProj VALUES(0, 1675);
INSERT INTO Projection VALUES(1675, 2025, 21, 1005, 2.1);
INSERT INTO RangeProj VALUES(0, 1676);
INSERT INTO Projection VALUES(1676, 2010, 38, 1158, 3.3);
INSERT INTO RangeProj VALUES(0, 1677);
INSERT INTO Projection VALUES(1677, 2015, 37, 1112, 3.3);
INSERT INTO RangeProj VALUES(0, 1678);
INSERT INTO Projection VALUES(1678, 2020, 36, 1058, 3.4);
INSERT INTO RangeProj VALUES(0, 1679);
INSERT INTO Projection VALUES(1679, 2025, 32, 1005, 3.2);
INSERT INTO RangeProj VALUES(0, 1680);
INSERT INTO Projection VALUES(1680, 2010, 53, 1158, 4.6);
INSERT INTO RangeProj VALUES(0, 1681);
INSERT INTO Projection VALUES(1681, 2015, 40, 1112, 3.6);
INSERT INTO RangeProj VALUES(0, 1682);
INSERT INTO Projection VALUES(1682, 2020, 41, 1058, 3.9);
INSERT INTO RangeProj VALUES(0, 1683);
INSERT INTO Projection VALUES(1683, 2025, 41, 1005, 4.1);
INSERT INTO RangeProj VALUES(0, 1684);
INSERT INTO Projection VALUES(1684, 2010, 51, 1158, 4.4);
INSERT INTO RangeProj VALUES(0, 1685);
INSERT INTO Projection VALUES(1685, 2015, 49, 1112, 4.4);
INSERT INTO RangeProj VALUES(0, 1686);
INSERT INTO Projection VALUES(1686, 2020, 37, 1058, 3.5);
INSERT INTO RangeProj VALUES(0, 1687);
INSERT INTO Projection VALUES(1687, 2025, 37, 1005, 3.7);
INSERT INTO RangeProj VALUES(0, 1688);
INSERT INTO Projection VALUES(1688, 2010, 88, 1158, 7.6);
INSERT INTO RangeProj VALUES(0, 1689);
INSERT INTO Projection VALUES(1689, 2015, 56, 1112, 5.0);
INSERT INTO RangeProj VALUES(0, 1690);
INSERT INTO Projection VALUES(1690, 2020, 54, 1058, 5.1);
commit;
INSERT INTO RangeProj VALUES(0, 1691);
INSERT INTO Projection VALUES(1691, 2025, 39, 1005, 3.9);
INSERT INTO RangeProj VALUES(0, 1692);
INSERT INTO Projection VALUES(1692, 2010, 95, 1158, 8.2);
INSERT INTO RangeProj VALUES(0, 1693);
INSERT INTO Projection VALUES(1693, 2015, 91, 1112, 8.2);
INSERT INTO RangeProj VALUES(0, 1694);
INSERT INTO Projection VALUES(1694, 2020, 62, 1058, 5.9);
INSERT INTO RangeProj VALUES(0, 1695);
INSERT INTO Projection VALUES(1695, 2025, 57, 1005, 5.7);
INSERT INTO RangeProj VALUES(0, 1696);
INSERT INTO Projection VALUES(1696, 2010, 109, 1158, 9.4);
INSERT INTO RangeProj VALUES(0, 1697);
INSERT INTO Projection VALUES(1697, 2015, 104, 1112, 9.4);
INSERT INTO RangeProj VALUES(0, 1698);
INSERT INTO Projection VALUES(1698, 2020, 94, 1058, 8.9);
INSERT INTO RangeProj VALUES(0, 1699);
INSERT INTO Projection VALUES(1699, 2025, 73, 1005, 7.3);
INSERT INTO RangeProj VALUES(0, 1700);
INSERT INTO Projection VALUES(1700, 2010, 114, 1158, 9.8);
INSERT INTO RangeProj VALUES(0, 1701);
INSERT INTO Projection VALUES(1701, 2015, 115, 1112, 10.3);
INSERT INTO RangeProj VALUES(0, 1702);
INSERT INTO Projection VALUES(1702, 2020, 104, 1058, 9.8);
INSERT INTO RangeProj VALUES(0, 1703);
INSERT INTO Projection VALUES(1703, 2025, 96, 1005, 9.6);
INSERT INTO RangeProj VALUES(0, 1704);
INSERT INTO Projection VALUES(1704, 2010, 82, 1158, 7.1);
INSERT INTO RangeProj VALUES(0, 1705);
INSERT INTO Projection VALUES(1705, 2015, 98, 1112, 8.8);
INSERT INTO RangeProj VALUES(0, 1706);
INSERT INTO Projection VALUES(1706, 2020, 99, 1058, 9.4);
INSERT INTO RangeProj VALUES(0, 1707);
INSERT INTO Projection VALUES(1707, 2025, 90, 1005, 9.0);
INSERT INTO RangeProj VALUES(0, 1708);
INSERT INTO Projection VALUES(1708, 2010, 51, 1158, 4.4);
INSERT INTO RangeProj VALUES(0, 1709);
INSERT INTO Projection VALUES(1709, 2015, 69, 1112, 6.2);
INSERT INTO RangeProj VALUES(0, 1710);
INSERT INTO Projection VALUES(1710, 2020, 81, 1058, 7.7);
INSERT INTO RangeProj VALUES(0, 1711);
INSERT INTO Projection VALUES(1711, 2025, 83, 1005, 8.3);
INSERT INTO RangeProj VALUES(0, 1712);
INSERT INTO Projection VALUES(1712, 2010, 41, 1158, 3.5);
INSERT INTO RangeProj VALUES(0, 1713);
INSERT INTO Projection VALUES(1713, 2015, 45, 1112, 4.0);
INSERT INTO RangeProj VALUES(0, 1714);
INSERT INTO Projection VALUES(1714, 2020, 58, 1058, 5.5);
INSERT INTO RangeProj VALUES(0, 1715);
INSERT INTO Projection VALUES(1715, 2025, 67, 1005, 6.7);
INSERT INTO RangeProj VALUES(0, 1716);
INSERT INTO Projection VALUES(1716, 2010, 48, 1158, 4.1);
INSERT INTO RangeProj VALUES(0, 1717);
INSERT INTO Projection VALUES(1717, 2015, 38, 1112, 3.4);
INSERT INTO RangeProj VALUES(0, 1718);
INSERT INTO Projection VALUES(1718, 2020, 42, 1058, 4.0);
INSERT INTO RangeProj VALUES(0, 1719);
INSERT INTO Projection VALUES(1719, 2025, 59, 1005, 5.9);
INSERT INTO RangeProj VALUES(0, 1720);
INSERT INTO Projection VALUES(1720, 2010, 37, 1158, 3.2);
INSERT INTO RangeProj VALUES(0, 1721);
INSERT INTO Projection VALUES(1721, 2015, 34, 1112, 3.1);
INSERT INTO RangeProj VALUES(0, 1722);
INSERT INTO Projection VALUES(1722, 2020, 33, 1058, 3.1);
INSERT INTO RangeProj VALUES(0, 1723);
INSERT INTO Projection VALUES(1723, 2025, 35, 1005, 3.5);
INSERT INTO RangeProj VALUES(0, 1724);
INSERT INTO Projection VALUES(1724, 2010, 37, 1158, 3.2);
INSERT INTO RangeProj VALUES(0, 1725);
INSERT INTO Projection VALUES(1725, 2015, 43, 1112, 3.9);
INSERT INTO RangeProj VALUES(0, 1726);
INSERT INTO Projection VALUES(1726, 2020, 44, 1058, 4.2);
INSERT INTO RangeProj VALUES(0, 1727);
INSERT INTO Projection VALUES(1727, 2025, 45, 1005, 4.5);
INSERT INTO SubRange VALUES(43080, 0);
INSERT INTO SubRange VALUES(43080, 1);
INSERT INTO SubRange VALUES(43080, 2);
INSERT INTO SubRange VALUES(43080, 3);
INSERT INTO SubRange VALUES(43080, 4);
INSERT INTO SubRange VALUES(43080, 5);
INSERT INTO SubRange VALUES(43080, 6);
INSERT INTO SubRange VALUES(43080, 7);
INSERT INTO SubRange VALUES(43080, 8);
INSERT INTO SubRange VALUES(43080, 9);
INSERT INTO SubRange VALUES(43080, 10);
INSERT INTO SubRange VALUES(43080, 11);
INSERT INTO SubRange VALUES(43080, 12);
INSERT INTO SubRange VALUES(43080, 13);
INSERT INTO SubRange VALUES(43080, 14);
INSERT INTO SubRange VALUES(43080, 15);
INSERT INTO SubRange VALUES(43080, 16);
INSERT INTO SubRange VALUES(43080, 17);
INSERT INTO Suburb VALUES(43220, 'Kimba');
INSERT INTO RangeProj VALUES(0, 1728);
INSERT INTO Projection VALUES(1728, 2010, 67, 1128, 5.9);
INSERT INTO RangeProj VALUES(0, 1729);
INSERT INTO Projection VALUES(1729, 2015, 68, 1101, 6.2);
INSERT INTO RangeProj VALUES(0, 1730);
INSERT INTO Projection VALUES(1730, 2020, 63, 1071, 5.9);
INSERT INTO RangeProj VALUES(0, 1731);
INSERT INTO Projection VALUES(1731, 2025, 59, 1035, 5.7);
commit;
INSERT INTO RangeProj VALUES(0, 1732);
INSERT INTO Projection VALUES(1732, 2010, 59, 1128, 5.2);
INSERT INTO RangeProj VALUES(0, 1733);
INSERT INTO Projection VALUES(1733, 2015, 55, 1101, 5.0);
INSERT INTO RangeProj VALUES(0, 1734);
INSERT INTO Projection VALUES(1734, 2020, 57, 1071, 5.3);
INSERT INTO RangeProj VALUES(0, 1735);
INSERT INTO Projection VALUES(1735, 2025, 52, 1035, 5.0);
INSERT INTO RangeProj VALUES(0, 1736);
INSERT INTO Projection VALUES(1736, 2010, 78, 1128, 6.9);
INSERT INTO RangeProj VALUES(0, 1737);
INSERT INTO Projection VALUES(1737, 2015, 62, 1101, 5.6);
INSERT INTO RangeProj VALUES(0, 1738);
INSERT INTO Projection VALUES(1738, 2020, 60, 1071, 5.6);
INSERT INTO RangeProj VALUES(0, 1739);
INSERT INTO Projection VALUES(1739, 2025, 61, 1035, 5.9);
INSERT INTO RangeProj VALUES(0, 1740);
INSERT INTO Projection VALUES(1740, 2010, 56, 1128, 5.0);
INSERT INTO RangeProj VALUES(0, 1741);
INSERT INTO Projection VALUES(1741, 2015, 51, 1101, 4.6);
INSERT INTO RangeProj VALUES(0, 1742);
INSERT INTO Projection VALUES(1742, 2020, 37, 1071, 3.5);
INSERT INTO RangeProj VALUES(0, 1743);
INSERT INTO Projection VALUES(1743, 2025, 37, 1035, 3.6);
INSERT INTO RangeProj VALUES(0, 1744);
INSERT INTO Projection VALUES(1744, 2010, 59, 1128, 5.2);
INSERT INTO RangeProj VALUES(0, 1745);
INSERT INTO Projection VALUES(1745, 2015, 61, 1101, 5.5);
INSERT INTO RangeProj VALUES(0, 1746);
INSERT INTO Projection VALUES(1746, 2020, 51, 1071, 4.8);
INSERT INTO RangeProj VALUES(0, 1747);
INSERT INTO Projection VALUES(1747, 2025, 40, 1035, 3.9);
INSERT INTO RangeProj VALUES(0, 1748);
INSERT INTO Projection VALUES(1748, 2010, 73, 1128, 6.5);
INSERT INTO RangeProj VALUES(0, 1749);
INSERT INTO Projection VALUES(1749, 2015, 72, 1101, 6.5);
INSERT INTO RangeProj VALUES(0, 1750);
INSERT INTO Projection VALUES(1750, 2020, 70, 1071, 6.5);
INSERT INTO RangeProj VALUES(0, 1751);
INSERT INTO Projection VALUES(1751, 2025, 57, 1035, 5.5);
INSERT INTO RangeProj VALUES(0, 1752);
INSERT INTO Projection VALUES(1752, 2010, 55, 1128, 4.9);
INSERT INTO RangeProj VALUES(0, 1753);
INSERT INTO Projection VALUES(1753, 2015, 66, 1101, 6.0);
INSERT INTO RangeProj VALUES(0, 1754);
INSERT INTO Projection VALUES(1754, 2020, 66, 1071, 6.2);
INSERT INTO RangeProj VALUES(0, 1755);
INSERT INTO Projection VALUES(1755, 2025, 63, 1035, 6.1);
INSERT INTO RangeProj VALUES(0, 1756);
INSERT INTO Projection VALUES(1756, 2010, 53, 1128, 4.7);
INSERT INTO RangeProj VALUES(0, 1757);
INSERT INTO Projection VALUES(1757, 2015, 48, 1101, 4.4);
INSERT INTO RangeProj VALUES(0, 1758);
INSERT INTO Projection VALUES(1758, 2020, 53, 1071, 4.9);
INSERT INTO RangeProj VALUES(0, 1759);
INSERT INTO Projection VALUES(1759, 2025, 54, 1035, 5.2);
INSERT INTO RangeProj VALUES(0, 1760);
INSERT INTO Projection VALUES(1760, 2010, 78, 1128, 6.9);
INSERT INTO RangeProj VALUES(0, 1761);
INSERT INTO Projection VALUES(1761, 2015, 55, 1101, 5.0);
INSERT INTO RangeProj VALUES(0, 1762);
INSERT INTO Projection VALUES(1762, 2020, 52, 1071, 4.9);
INSERT INTO RangeProj VALUES(0, 1763);
INSERT INTO Projection VALUES(1763, 2025, 54, 1035, 5.2);
INSERT INTO RangeProj VALUES(0, 1764);
INSERT INTO Projection VALUES(1764, 2010, 88, 1128, 7.8);
INSERT INTO RangeProj VALUES(0, 1765);
INSERT INTO Projection VALUES(1765, 2015, 76, 1101, 6.9);
INSERT INTO RangeProj VALUES(0, 1766);
INSERT INTO Projection VALUES(1766, 2020, 60, 1071, 5.6);
INSERT INTO RangeProj VALUES(0, 1767);
INSERT INTO Projection VALUES(1767, 2025, 59, 1035, 5.7);
INSERT INTO RangeProj VALUES(0, 1768);
INSERT INTO Projection VALUES(1768, 2010, 81, 1128, 7.2);
INSERT INTO RangeProj VALUES(0, 1769);
INSERT INTO Projection VALUES(1769, 2015, 80, 1101, 7.3);
INSERT INTO RangeProj VALUES(0, 1770);
INSERT INTO Projection VALUES(1770, 2020, 73, 1071, 6.8);
INSERT INTO RangeProj VALUES(0, 1771);
INSERT INTO Projection VALUES(1771, 2025, 61, 1035, 5.9);
INSERT INTO RangeProj VALUES(0, 1772);
INSERT INTO Projection VALUES(1772, 2010, 87, 1128, 7.7);
INSERT INTO RangeProj VALUES(0, 1773);
INSERT INTO Projection VALUES(1773, 2015, 75, 1101, 6.8);
INSERT INTO RangeProj VALUES(0, 1774);
INSERT INTO Projection VALUES(1774, 2020, 75, 1071, 7.0);
INSERT INTO RangeProj VALUES(0, 1775);
INSERT INTO Projection VALUES(1775, 2025, 71, 1035, 6.9);
INSERT INTO RangeProj VALUES(0, 1776);
INSERT INTO Projection VALUES(1776, 2010, 71, 1128, 6.3);
INSERT INTO RangeProj VALUES(0, 1777);
INSERT INTO Projection VALUES(1777, 2015, 92, 1101, 8.4);
INSERT INTO RangeProj VALUES(0, 1778);
INSERT INTO Projection VALUES(1778, 2020, 81, 1071, 7.6);
INSERT INTO RangeProj VALUES(0, 1779);
INSERT INTO Projection VALUES(1779, 2025, 82, 1035, 7.9);
INSERT INTO RangeProj VALUES(0, 1780);
INSERT INTO Projection VALUES(1780, 2010, 56, 1128, 5.0);
INSERT INTO RangeProj VALUES(0, 1781);
INSERT INTO Projection VALUES(1781, 2015, 67, 1101, 6.1);
INSERT INTO RangeProj VALUES(0, 1782);
commit;
INSERT INTO Projection VALUES(1782, 2020, 82, 1071, 7.7);
INSERT INTO RangeProj VALUES(0, 1783);
INSERT INTO Projection VALUES(1783, 2025, 69, 1035, 6.7);
INSERT INTO RangeProj VALUES(0, 1784);
INSERT INTO Projection VALUES(1784, 2010, 51, 1128, 4.5);
INSERT INTO RangeProj VALUES(0, 1785);
INSERT INTO Projection VALUES(1785, 2015, 52, 1101, 4.7);
INSERT INTO RangeProj VALUES(0, 1786);
INSERT INTO Projection VALUES(1786, 2020, 66, 1071, 6.2);
INSERT INTO RangeProj VALUES(0, 1787);
INSERT INTO Projection VALUES(1787, 2025, 74, 1035, 7.1);
INSERT INTO RangeProj VALUES(0, 1788);
INSERT INTO Projection VALUES(1788, 2010, 50, 1128, 4.4);
INSERT INTO RangeProj VALUES(0, 1789);
INSERT INTO Projection VALUES(1789, 2015, 42, 1101, 3.8);
INSERT INTO RangeProj VALUES(0, 1790);
INSERT INTO Projection VALUES(1790, 2020, 49, 1071, 4.6);
INSERT INTO RangeProj VALUES(0, 1791);
INSERT INTO Projection VALUES(1791, 2025, 60, 1035, 5.8);
INSERT INTO RangeProj VALUES(0, 1792);
INSERT INTO Projection VALUES(1792, 2010, 36, 1128, 3.2);
INSERT INTO RangeProj VALUES(0, 1793);
INSERT INTO Projection VALUES(1793, 2015, 41, 1101, 3.7);
INSERT INTO RangeProj VALUES(0, 1794);
INSERT INTO Projection VALUES(1794, 2020, 34, 1071, 3.2);
INSERT INTO RangeProj VALUES(0, 1795);
INSERT INTO Projection VALUES(1795, 2025, 41, 1035, 4.0);
INSERT INTO RangeProj VALUES(0, 1796);
INSERT INTO Projection VALUES(1796, 2010, 30, 1128, 2.7);
INSERT INTO RangeProj VALUES(0, 1797);
INSERT INTO Projection VALUES(1797, 2015, 38, 1101, 3.5);
INSERT INTO RangeProj VALUES(0, 1798);
INSERT INTO Projection VALUES(1798, 2020, 42, 1071, 3.9);
INSERT INTO RangeProj VALUES(0, 1799);
INSERT INTO Projection VALUES(1799, 2025, 41, 1035, 4.0);
INSERT INTO SubRange VALUES(43220, 0);
INSERT INTO SubRange VALUES(43220, 1);
INSERT INTO SubRange VALUES(43220, 2);
INSERT INTO SubRange VALUES(43220, 3);
INSERT INTO SubRange VALUES(43220, 4);
INSERT INTO SubRange VALUES(43220, 5);
INSERT INTO SubRange VALUES(43220, 6);
INSERT INTO SubRange VALUES(43220, 7);
INSERT INTO SubRange VALUES(43220, 8);
INSERT INTO SubRange VALUES(43220, 9);
INSERT INTO SubRange VALUES(43220, 10);
INSERT INTO SubRange VALUES(43220, 11);
INSERT INTO SubRange VALUES(43220, 12);
INSERT INTO SubRange VALUES(43220, 13);
INSERT INTO SubRange VALUES(43220, 14);
INSERT INTO SubRange VALUES(43220, 15);
INSERT INTO SubRange VALUES(43220, 16);
INSERT INTO SubRange VALUES(43220, 17);
INSERT INTO Suburb VALUES(43360, 'Kingston');
INSERT INTO RangeProj VALUES(0, 1800);
INSERT INTO Projection VALUES(1800, 2010, 110, 2485, 4.4);
INSERT INTO RangeProj VALUES(0, 1801);
INSERT INTO Projection VALUES(1801, 2015, 116, 2560, 4.5);
INSERT INTO RangeProj VALUES(0, 1802);
INSERT INTO Projection VALUES(1802, 2020, 109, 2618, 4.2);
INSERT INTO RangeProj VALUES(0, 1803);
INSERT INTO Projection VALUES(1803, 2025, 106, 2663, 4.0);
INSERT INTO RangeProj VALUES(0, 1804);
INSERT INTO Projection VALUES(1804, 2010, 145, 2485, 5.8);
INSERT INTO RangeProj VALUES(0, 1805);
INSERT INTO Projection VALUES(1805, 2015, 140, 2560, 5.5);
INSERT INTO RangeProj VALUES(0, 1806);
INSERT INTO Projection VALUES(1806, 2020, 145, 2618, 5.5);
INSERT INTO RangeProj VALUES(0, 1807);
INSERT INTO Projection VALUES(1807, 2025, 133, 2663, 5.0);
INSERT INTO RangeProj VALUES(0, 1808);
INSERT INTO Projection VALUES(1808, 2010, 156, 2485, 6.3);
INSERT INTO RangeProj VALUES(0, 1809);
INSERT INTO Projection VALUES(1809, 2015, 149, 2560, 5.8);
INSERT INTO RangeProj VALUES(0, 1810);
INSERT INTO Projection VALUES(1810, 2020, 148, 2618, 5.7);
INSERT INTO RangeProj VALUES(0, 1811);
INSERT INTO Projection VALUES(1811, 2025, 151, 2663, 5.7);
INSERT INTO RangeProj VALUES(0, 1812);
INSERT INTO Projection VALUES(1812, 2010, 146, 2485, 5.9);
INSERT INTO RangeProj VALUES(0, 1813);
INSERT INTO Projection VALUES(1813, 2015, 123, 2560, 4.8);
INSERT INTO RangeProj VALUES(0, 1814);
INSERT INTO Projection VALUES(1814, 2020, 113, 2618, 4.3);
INSERT INTO RangeProj VALUES(0, 1815);
INSERT INTO Projection VALUES(1815, 2025, 114, 2663, 4.3);
INSERT INTO RangeProj VALUES(0, 1816);
INSERT INTO Projection VALUES(1816, 2010, 99, 2485, 4.0);
INSERT INTO RangeProj VALUES(0, 1817);
INSERT INTO Projection VALUES(1817, 2015, 88, 2560, 3.4);
INSERT INTO RangeProj VALUES(0, 1818);
INSERT INTO Projection VALUES(1818, 2020, 85, 2618, 3.2);
INSERT INTO RangeProj VALUES(0, 1819);
INSERT INTO Projection VALUES(1819, 2025, 73, 2663, 2.7);
INSERT INTO RangeProj VALUES(0, 1820);
INSERT INTO Projection VALUES(1820, 2010, 139, 2485, 5.6);
INSERT INTO RangeProj VALUES(0, 1821);
INSERT INTO Projection VALUES(1821, 2015, 130, 2560, 5.1);
INSERT INTO RangeProj VALUES(0, 1822);
INSERT INTO Projection VALUES(1822, 2020, 122, 2618, 4.7);
INSERT INTO RangeProj VALUES(0, 1823);
commit;
INSERT INTO Projection VALUES(1823, 2025, 118, 2663, 4.4);
INSERT INTO RangeProj VALUES(0, 1824);
INSERT INTO Projection VALUES(1824, 2010, 126, 2485, 5.1);
INSERT INTO RangeProj VALUES(0, 1825);
INSERT INTO Projection VALUES(1825, 2015, 149, 2560, 5.8);
INSERT INTO RangeProj VALUES(0, 1826);
INSERT INTO Projection VALUES(1826, 2020, 142, 2618, 5.4);
INSERT INTO RangeProj VALUES(0, 1827);
INSERT INTO Projection VALUES(1827, 2025, 135, 2663, 5.1);
INSERT INTO RangeProj VALUES(0, 1828);
INSERT INTO Projection VALUES(1828, 2010, 120, 2485, 4.8);
INSERT INTO RangeProj VALUES(0, 1829);
INSERT INTO Projection VALUES(1829, 2015, 120, 2560, 4.7);
INSERT INTO RangeProj VALUES(0, 1830);
INSERT INTO Projection VALUES(1830, 2020, 129, 2618, 4.9);
INSERT INTO RangeProj VALUES(0, 1831);
INSERT INTO Projection VALUES(1831, 2025, 125, 2663, 4.7);
INSERT INTO RangeProj VALUES(0, 1832);
INSERT INTO Projection VALUES(1832, 2010, 147, 2485, 5.9);
INSERT INTO RangeProj VALUES(0, 1833);
INSERT INTO Projection VALUES(1833, 2015, 126, 2560, 4.9);
INSERT INTO RangeProj VALUES(0, 1834);
INSERT INTO Projection VALUES(1834, 2020, 122, 2618, 4.7);
INSERT INTO RangeProj VALUES(0, 1835);
INSERT INTO Projection VALUES(1835, 2025, 132, 2663, 5.0);
INSERT INTO RangeProj VALUES(0, 1836);
INSERT INTO Projection VALUES(1836, 2010, 182, 2485, 7.3);
INSERT INTO RangeProj VALUES(0, 1837);
INSERT INTO Projection VALUES(1837, 2015, 166, 2560, 6.5);
INSERT INTO RangeProj VALUES(0, 1838);
INSERT INTO Projection VALUES(1838, 2020, 153, 2618, 5.8);
INSERT INTO RangeProj VALUES(0, 1839);
INSERT INTO Projection VALUES(1839, 2025, 145, 2663, 5.4);
INSERT INTO RangeProj VALUES(0, 1840);
INSERT INTO Projection VALUES(1840, 2010, 194, 2485, 7.8);
INSERT INTO RangeProj VALUES(0, 1841);
INSERT INTO Projection VALUES(1841, 2015, 195, 2560, 7.6);
INSERT INTO RangeProj VALUES(0, 1842);
INSERT INTO Projection VALUES(1842, 2020, 181, 2618, 6.9);
INSERT INTO RangeProj VALUES(0, 1843);
INSERT INTO Projection VALUES(1843, 2025, 171, 2663, 6.4);
INSERT INTO RangeProj VALUES(0, 1844);
INSERT INTO Projection VALUES(1844, 2010, 209, 2485, 8.4);
INSERT INTO RangeProj VALUES(0, 1845);
INSERT INTO Projection VALUES(1845, 2015, 206, 2560, 8.0);
INSERT INTO RangeProj VALUES(0, 1846);
INSERT INTO Projection VALUES(1846, 2020, 205, 2618, 7.8);
INSERT INTO RangeProj VALUES(0, 1847);
INSERT INTO Projection VALUES(1847, 2025, 192, 2663, 7.2);
INSERT INTO RangeProj VALUES(0, 1848);
INSERT INTO Projection VALUES(1848, 2010, 201, 2485, 8.1);
INSERT INTO RangeProj VALUES(0, 1849);
INSERT INTO Projection VALUES(1849, 2015, 226, 2560, 8.8);
INSERT INTO RangeProj VALUES(0, 1850);
INSERT INTO Projection VALUES(1850, 2020, 226, 2618, 8.6);
INSERT INTO RangeProj VALUES(0, 1851);
INSERT INTO Projection VALUES(1851, 2025, 226, 2663, 8.5);
INSERT INTO RangeProj VALUES(0, 1852);
INSERT INTO Projection VALUES(1852, 2010, 160, 2485, 6.4);
INSERT INTO RangeProj VALUES(0, 1853);
INSERT INTO Projection VALUES(1853, 2015, 201, 2560, 7.9);
INSERT INTO RangeProj VALUES(0, 1854);
INSERT INTO Projection VALUES(1854, 2020, 228, 2618, 8.7);
INSERT INTO RangeProj VALUES(0, 1855);
INSERT INTO Projection VALUES(1855, 2025, 227, 2663, 8.5);
INSERT INTO RangeProj VALUES(0, 1856);
INSERT INTO Projection VALUES(1856, 2010, 123, 2485, 4.9);
INSERT INTO RangeProj VALUES(0, 1857);
INSERT INTO Projection VALUES(1857, 2015, 158, 2560, 6.2);
INSERT INTO RangeProj VALUES(0, 1858);
INSERT INTO Projection VALUES(1858, 2020, 198, 2618, 7.6);
INSERT INTO RangeProj VALUES(0, 1859);
INSERT INTO Projection VALUES(1859, 2025, 220, 2663, 8.3);
INSERT INTO RangeProj VALUES(0, 1860);
INSERT INTO Projection VALUES(1860, 2010, 108, 2485, 4.3);
INSERT INTO RangeProj VALUES(0, 1861);
INSERT INTO Projection VALUES(1861, 2015, 116, 2560, 4.5);
INSERT INTO RangeProj VALUES(0, 1862);
INSERT INTO Projection VALUES(1862, 2020, 146, 2618, 5.6);
INSERT INTO RangeProj VALUES(0, 1863);
INSERT INTO Projection VALUES(1863, 2025, 189, 2663, 7.1);
INSERT INTO RangeProj VALUES(0, 1864);
INSERT INTO Projection VALUES(1864, 2010, 70, 2485, 2.8);
INSERT INTO RangeProj VALUES(0, 1865);
INSERT INTO Projection VALUES(1865, 2015, 87, 2560, 3.4);
INSERT INTO RangeProj VALUES(0, 1866);
INSERT INTO Projection VALUES(1866, 2020, 89, 2618, 3.4);
INSERT INTO RangeProj VALUES(0, 1867);
INSERT INTO Projection VALUES(1867, 2025, 117, 2663, 4.4);
INSERT INTO RangeProj VALUES(0, 1868);
INSERT INTO Projection VALUES(1868, 2010, 50, 2485, 2.0);
INSERT INTO RangeProj VALUES(0, 1869);
INSERT INTO Projection VALUES(1869, 2015, 64, 2560, 2.5);
INSERT INTO RangeProj VALUES(0, 1870);
INSERT INTO Projection VALUES(1870, 2020, 77, 2618, 2.9);
INSERT INTO RangeProj VALUES(0, 1871);
INSERT INTO Projection VALUES(1871, 2025, 89, 2663, 3.3);
INSERT INTO SubRange VALUES(43360, 0);
INSERT INTO SubRange VALUES(43360, 1);
INSERT INTO SubRange VALUES(43360, 2);
INSERT INTO SubRange VALUES(43360, 3);
commit;
INSERT INTO SubRange VALUES(43360, 4);
INSERT INTO SubRange VALUES(43360, 5);
INSERT INTO SubRange VALUES(43360, 6);
INSERT INTO SubRange VALUES(43360, 7);
INSERT INTO SubRange VALUES(43360, 8);
INSERT INTO SubRange VALUES(43360, 9);
INSERT INTO SubRange VALUES(43360, 10);
INSERT INTO SubRange VALUES(43360, 11);
INSERT INTO SubRange VALUES(43360, 12);
INSERT INTO SubRange VALUES(43360, 13);
INSERT INTO SubRange VALUES(43360, 14);
INSERT INTO SubRange VALUES(43360, 15);
INSERT INTO SubRange VALUES(43360, 16);
INSERT INTO SubRange VALUES(43360, 17);
INSERT INTO Suburb VALUES(43570, 'Le Hunte');
INSERT INTO RangeProj VALUES(0, 1872);
INSERT INTO Projection VALUES(1872, 2010, 80, 1250, 6.4);
INSERT INTO RangeProj VALUES(0, 1873);
INSERT INTO Projection VALUES(1873, 2015, 71, 1198, 5.9);
INSERT INTO RangeProj VALUES(0, 1874);
INSERT INTO Projection VALUES(1874, 2020, 72, 1150, 6.3);
INSERT INTO RangeProj VALUES(0, 1875);
INSERT INTO Projection VALUES(1875, 2025, 68, 1102, 6.2);
INSERT INTO RangeProj VALUES(0, 1876);
INSERT INTO Projection VALUES(1876, 2010, 89, 1250, 7.1);
INSERT INTO RangeProj VALUES(0, 1877);
INSERT INTO Projection VALUES(1877, 2015, 75, 1198, 6.3);
INSERT INTO RangeProj VALUES(0, 1878);
INSERT INTO Projection VALUES(1878, 2020, 64, 1150, 5.6);
INSERT INTO RangeProj VALUES(0, 1879);
INSERT INTO Projection VALUES(1879, 2025, 65, 1102, 5.9);
INSERT INTO RangeProj VALUES(0, 1880);
INSERT INTO Projection VALUES(1880, 2010, 96, 1250, 7.7);
INSERT INTO RangeProj VALUES(0, 1881);
INSERT INTO Projection VALUES(1881, 2015, 86, 1198, 7.2);
INSERT INTO RangeProj VALUES(0, 1882);
INSERT INTO Projection VALUES(1882, 2020, 69, 1150, 6.0);
INSERT INTO RangeProj VALUES(0, 1883);
INSERT INTO Projection VALUES(1883, 2025, 60, 1102, 5.4);
INSERT INTO RangeProj VALUES(0, 1884);
INSERT INTO Projection VALUES(1884, 2010, 75, 1250, 6.0);
INSERT INTO RangeProj VALUES(0, 1885);
INSERT INTO Projection VALUES(1885, 2015, 67, 1198, 5.6);
INSERT INTO RangeProj VALUES(0, 1886);
INSERT INTO Projection VALUES(1886, 2020, 59, 1150, 5.1);
INSERT INTO RangeProj VALUES(0, 1887);
INSERT INTO Projection VALUES(1887, 2025, 51, 1102, 4.6);
INSERT INTO RangeProj VALUES(0, 1888);
INSERT INTO Projection VALUES(1888, 2010, 55, 1250, 4.4);
INSERT INTO RangeProj VALUES(0, 1889);
INSERT INTO Projection VALUES(1889, 2015, 53, 1198, 4.4);
INSERT INTO RangeProj VALUES(0, 1890);
INSERT INTO Projection VALUES(1890, 2020, 49, 1150, 4.3);
INSERT INTO RangeProj VALUES(0, 1891);
INSERT INTO Projection VALUES(1891, 2025, 48, 1102, 4.4);
INSERT INTO RangeProj VALUES(0, 1892);
INSERT INTO Projection VALUES(1892, 2010, 87, 1250, 7.0);
INSERT INTO RangeProj VALUES(0, 1893);
INSERT INTO Projection VALUES(1893, 2015, 82, 1198, 6.8);
INSERT INTO RangeProj VALUES(0, 1894);
INSERT INTO Projection VALUES(1894, 2020, 78, 1150, 6.8);
INSERT INTO RangeProj VALUES(0, 1895);
INSERT INTO Projection VALUES(1895, 2025, 70, 1102, 6.4);
INSERT INTO RangeProj VALUES(0, 1896);
INSERT INTO Projection VALUES(1896, 2010, 76, 1250, 6.1);
INSERT INTO RangeProj VALUES(0, 1897);
INSERT INTO Projection VALUES(1897, 2015, 78, 1198, 6.5);
INSERT INTO RangeProj VALUES(0, 1898);
INSERT INTO Projection VALUES(1898, 2020, 76, 1150, 6.6);
INSERT INTO RangeProj VALUES(0, 1899);
INSERT INTO Projection VALUES(1899, 2025, 70, 1102, 6.4);
INSERT INTO RangeProj VALUES(0, 1900);
INSERT INTO Projection VALUES(1900, 2010, 79, 1250, 6.3);
INSERT INTO RangeProj VALUES(0, 1901);
INSERT INTO Projection VALUES(1901, 2015, 77, 1198, 6.4);
INSERT INTO RangeProj VALUES(0, 1902);
INSERT INTO Projection VALUES(1902, 2020, 75, 1150, 6.5);
INSERT INTO RangeProj VALUES(0, 1903);
INSERT INTO Projection VALUES(1903, 2025, 73, 1102, 6.6);
INSERT INTO RangeProj VALUES(0, 1904);
INSERT INTO Projection VALUES(1904, 2010, 88, 1250, 7.0);
INSERT INTO RangeProj VALUES(0, 1905);
INSERT INTO Projection VALUES(1905, 2015, 75, 1198, 6.3);
INSERT INTO RangeProj VALUES(0, 1906);
INSERT INTO Projection VALUES(1906, 2020, 70, 1150, 6.1);
INSERT INTO RangeProj VALUES(0, 1907);
INSERT INTO Projection VALUES(1907, 2025, 69, 1102, 6.3);
INSERT INTO RangeProj VALUES(0, 1908);
INSERT INTO Projection VALUES(1908, 2010, 87, 1250, 7.0);
INSERT INTO RangeProj VALUES(0, 1909);
INSERT INTO Projection VALUES(1909, 2015, 82, 1198, 6.8);
INSERT INTO RangeProj VALUES(0, 1910);
INSERT INTO Projection VALUES(1910, 2020, 72, 1150, 6.3);
INSERT INTO RangeProj VALUES(0, 1911);
INSERT INTO Projection VALUES(1911, 2025, 62, 1102, 5.6);
INSERT INTO RangeProj VALUES(0, 1912);
INSERT INTO Projection VALUES(1912, 2010, 97, 1250, 7.8);
INSERT INTO RangeProj VALUES(0, 1913);
INSERT INTO Projection VALUES(1913, 2015, 85, 1198, 7.1);
INSERT INTO RangeProj VALUES(0, 1914);
INSERT INTO Projection VALUES(1914, 2020, 82, 1150, 7.1);
commit;
INSERT INTO RangeProj VALUES(0, 1915);
INSERT INTO Projection VALUES(1915, 2025, 71, 1102, 6.4);
INSERT INTO RangeProj VALUES(0, 1916);
INSERT INTO Projection VALUES(1916, 2010, 84, 1250, 6.7);
INSERT INTO RangeProj VALUES(0, 1917);
INSERT INTO Projection VALUES(1917, 2015, 78, 1198, 6.5);
INSERT INTO RangeProj VALUES(0, 1918);
INSERT INTO Projection VALUES(1918, 2020, 72, 1150, 6.3);
INSERT INTO RangeProj VALUES(0, 1919);
INSERT INTO Projection VALUES(1919, 2025, 69, 1102, 6.3);
INSERT INTO RangeProj VALUES(0, 1920);
INSERT INTO Projection VALUES(1920, 2010, 84, 1250, 6.7);
INSERT INTO RangeProj VALUES(0, 1921);
INSERT INTO Projection VALUES(1921, 2015, 95, 1198, 7.9);
INSERT INTO RangeProj VALUES(0, 1922);
INSERT INTO Projection VALUES(1922, 2020, 94, 1150, 8.2);
INSERT INTO RangeProj VALUES(0, 1923);
INSERT INTO Projection VALUES(1923, 2025, 81, 1102, 7.4);
INSERT INTO RangeProj VALUES(0, 1924);
INSERT INTO Projection VALUES(1924, 2010, 49, 1250, 3.9);
INSERT INTO RangeProj VALUES(0, 1925);
INSERT INTO Projection VALUES(1925, 2015, 86, 1198, 7.2);
INSERT INTO RangeProj VALUES(0, 1926);
INSERT INTO Projection VALUES(1926, 2020, 92, 1150, 8.0);
INSERT INTO RangeProj VALUES(0, 1927);
INSERT INTO Projection VALUES(1927, 2025, 93, 1102, 8.4);
INSERT INTO RangeProj VALUES(0, 1928);
INSERT INTO Projection VALUES(1928, 2010, 28, 1250, 2.2);
INSERT INTO RangeProj VALUES(0, 1929);
INSERT INTO Projection VALUES(1929, 2015, 33, 1198, 2.8);
INSERT INTO RangeProj VALUES(0, 1930);
INSERT INTO Projection VALUES(1930, 2020, 59, 1150, 5.1);
INSERT INTO RangeProj VALUES(0, 1931);
INSERT INTO Projection VALUES(1931, 2025, 67, 1102, 6.1);
INSERT INTO RangeProj VALUES(0, 1932);
INSERT INTO Projection VALUES(1932, 2010, 30, 1250, 2.4);
INSERT INTO RangeProj VALUES(0, 1933);
INSERT INTO Projection VALUES(1933, 2015, 24, 1198, 2.0);
INSERT INTO RangeProj VALUES(0, 1934);
INSERT INTO Projection VALUES(1934, 2020, 26, 1150, 2.3);
INSERT INTO RangeProj VALUES(0, 1935);
INSERT INTO Projection VALUES(1935, 2025, 48, 1102, 4.4);
INSERT INTO RangeProj VALUES(0, 1936);
INSERT INTO Projection VALUES(1936, 2010, 39, 1250, 3.1);
INSERT INTO RangeProj VALUES(0, 1937);
INSERT INTO Projection VALUES(1937, 2015, 19, 1198, 1.6);
INSERT INTO RangeProj VALUES(0, 1938);
INSERT INTO Projection VALUES(1938, 2020, 17, 1150, 1.5);
INSERT INTO RangeProj VALUES(0, 1939);
INSERT INTO Projection VALUES(1939, 2025, 19, 1102, 1.7);
INSERT INTO RangeProj VALUES(0, 1940);
INSERT INTO Projection VALUES(1940, 2010, 27, 1250, 2.2);
INSERT INTO RangeProj VALUES(0, 1941);
INSERT INTO Projection VALUES(1941, 2015, 32, 1198, 2.7);
INSERT INTO RangeProj VALUES(0, 1942);
INSERT INTO Projection VALUES(1942, 2020, 24, 1150, 2.1);
INSERT INTO RangeProj VALUES(0, 1943);
INSERT INTO Projection VALUES(1943, 2025, 18, 1102, 1.6);
INSERT INTO SubRange VALUES(43570, 0);
INSERT INTO SubRange VALUES(43570, 1);
INSERT INTO SubRange VALUES(43570, 2);
INSERT INTO SubRange VALUES(43570, 3);
INSERT INTO SubRange VALUES(43570, 4);
INSERT INTO SubRange VALUES(43570, 5);
INSERT INTO SubRange VALUES(43570, 6);
INSERT INTO SubRange VALUES(43570, 7);
INSERT INTO SubRange VALUES(43570, 8);
INSERT INTO SubRange VALUES(43570, 9);
INSERT INTO SubRange VALUES(43570, 10);
INSERT INTO SubRange VALUES(43570, 11);
INSERT INTO SubRange VALUES(43570, 12);
INSERT INTO SubRange VALUES(43570, 13);
INSERT INTO SubRange VALUES(43570, 14);
INSERT INTO SubRange VALUES(43570, 15);
INSERT INTO SubRange VALUES(43570, 16);
INSERT INTO SubRange VALUES(43570, 17);
INSERT INTO Suburb VALUES(43650, 'Light');
INSERT INTO RangeProj VALUES(0, 1944);
INSERT INTO Projection VALUES(1944, 2010, 992, 14196, 7.0);
INSERT INTO RangeProj VALUES(0, 1945);
INSERT INTO Projection VALUES(1945, 2015, 1126, 16179, 7.0);
INSERT INTO RangeProj VALUES(0, 1946);
INSERT INTO Projection VALUES(1946, 2020, 1264, 18231, 6.9);
INSERT INTO RangeProj VALUES(0, 1947);
INSERT INTO Projection VALUES(1947, 2025, 1372, 20328, 6.7);
INSERT INTO RangeProj VALUES(0, 1948);
INSERT INTO Projection VALUES(1948, 2010, 1131, 14196, 8.0);
INSERT INTO RangeProj VALUES(0, 1949);
INSERT INTO Projection VALUES(1949, 2015, 1252, 16179, 7.7);
INSERT INTO RangeProj VALUES(0, 1950);
INSERT INTO Projection VALUES(1950, 2020, 1401, 18231, 7.7);
INSERT INTO RangeProj VALUES(0, 1951);
INSERT INTO Projection VALUES(1951, 2025, 1551, 20328, 7.6);
INSERT INTO RangeProj VALUES(0, 1952);
INSERT INTO Projection VALUES(1952, 2010, 1093, 14196, 7.7);
INSERT INTO RangeProj VALUES(0, 1953);
INSERT INTO Projection VALUES(1953, 2015, 1223, 16179, 7.6);
INSERT INTO RangeProj VALUES(0, 1954);
INSERT INTO Projection VALUES(1954, 2020, 1361, 18231, 7.5);
INSERT INTO RangeProj VALUES(0, 1955);
INSERT INTO Projection VALUES(1955, 2025, 1508, 20328, 7.4);
commit;
INSERT INTO RangeProj VALUES(0, 1956);
INSERT INTO Projection VALUES(1956, 2010, 1025, 14196, 7.2);
INSERT INTO RangeProj VALUES(0, 1957);
INSERT INTO Projection VALUES(1957, 2015, 1075, 16179, 6.6);
INSERT INTO RangeProj VALUES(0, 1958);
INSERT INTO Projection VALUES(1958, 2020, 1183, 18231, 6.5);
INSERT INTO RangeProj VALUES(0, 1959);
INSERT INTO Projection VALUES(1959, 2025, 1313, 20328, 6.5);
INSERT INTO RangeProj VALUES(0, 1960);
INSERT INTO Projection VALUES(1960, 2010, 719, 14196, 5.1);
INSERT INTO RangeProj VALUES(0, 1961);
INSERT INTO Projection VALUES(1961, 2015, 775, 16179, 4.8);
INSERT INTO RangeProj VALUES(0, 1962);
INSERT INTO Projection VALUES(1962, 2020, 806, 18231, 4.4);
INSERT INTO RangeProj VALUES(0, 1963);
INSERT INTO Projection VALUES(1963, 2025, 850, 20328, 4.2);
INSERT INTO RangeProj VALUES(0, 1964);
INSERT INTO Projection VALUES(1964, 2010, 749, 14196, 5.3);
INSERT INTO RangeProj VALUES(0, 1965);
INSERT INTO Projection VALUES(1965, 2015, 899, 16179, 5.6);
INSERT INTO RangeProj VALUES(0, 1966);
INSERT INTO Projection VALUES(1966, 2020, 973, 18231, 5.3);
INSERT INTO RangeProj VALUES(0, 1967);
INSERT INTO Projection VALUES(1967, 2025, 1022, 20328, 5.0);
INSERT INTO RangeProj VALUES(0, 1968);
INSERT INTO Projection VALUES(1968, 2010, 893, 14196, 6.3);
INSERT INTO RangeProj VALUES(0, 1969);
INSERT INTO Projection VALUES(1969, 2015, 1092, 16179, 6.7);
INSERT INTO RangeProj VALUES(0, 1970);
INSERT INTO Projection VALUES(1970, 2020, 1262, 18231, 6.9);
INSERT INTO RangeProj VALUES(0, 1971);
INSERT INTO Projection VALUES(1971, 2025, 1359, 20328, 6.7);
INSERT INTO RangeProj VALUES(0, 1972);
INSERT INTO Projection VALUES(1972, 2010, 1074, 14196, 7.6);
INSERT INTO RangeProj VALUES(0, 1973);
INSERT INTO Projection VALUES(1973, 2015, 1103, 16179, 6.8);
INSERT INTO RangeProj VALUES(0, 1974);
INSERT INTO Projection VALUES(1974, 2020, 1311, 18231, 7.2);
INSERT INTO RangeProj VALUES(0, 1975);
INSERT INTO Projection VALUES(1975, 2025, 1491, 20328, 7.3);
INSERT INTO RangeProj VALUES(0, 1976);
INSERT INTO Projection VALUES(1976, 2010, 1174, 14196, 8.3);
INSERT INTO RangeProj VALUES(0, 1977);
INSERT INTO Projection VALUES(1977, 2015, 1297, 16179, 8.0);
INSERT INTO RangeProj VALUES(0, 1978);
INSERT INTO Projection VALUES(1978, 2020, 1329, 18231, 7.3);
INSERT INTO RangeProj VALUES(0, 1979);
INSERT INTO Projection VALUES(1979, 2025, 1555, 20328, 7.6);
INSERT INTO RangeProj VALUES(0, 1980);
INSERT INTO Projection VALUES(1980, 2010, 1197, 14196, 8.4);
INSERT INTO RangeProj VALUES(0, 1981);
INSERT INTO Projection VALUES(1981, 2015, 1292, 16179, 8.0);
INSERT INTO RangeProj VALUES(0, 1982);
INSERT INTO Projection VALUES(1982, 2020, 1416, 18231, 7.8);
INSERT INTO RangeProj VALUES(0, 1983);
INSERT INTO Projection VALUES(1983, 2025, 1450, 20328, 7.1);
INSERT INTO RangeProj VALUES(0, 1984);
INSERT INTO Projection VALUES(1984, 2010, 1079, 14196, 7.6);
INSERT INTO RangeProj VALUES(0, 1985);
INSERT INTO Projection VALUES(1985, 2015, 1222, 16179, 7.6);
INSERT INTO RangeProj VALUES(0, 1986);
INSERT INTO Projection VALUES(1986, 2020, 1311, 18231, 7.2);
INSERT INTO RangeProj VALUES(0, 1987);
INSERT INTO Projection VALUES(1987, 2025, 1432, 20328, 7.0);
INSERT INTO RangeProj VALUES(0, 1988);
INSERT INTO Projection VALUES(1988, 2010, 897, 14196, 6.3);
INSERT INTO RangeProj VALUES(0, 1989);
INSERT INTO Projection VALUES(1989, 2015, 1106, 16179, 6.8);
INSERT INTO RangeProj VALUES(0, 1990);
INSERT INTO Projection VALUES(1990, 2020, 1250, 18231, 6.9);
INSERT INTO RangeProj VALUES(0, 1991);
INSERT INTO Projection VALUES(1991, 2025, 1336, 20328, 6.6);
INSERT INTO RangeProj VALUES(0, 1992);
INSERT INTO Projection VALUES(1992, 2010, 703, 14196, 5.0);
INSERT INTO RangeProj VALUES(0, 1993);
INSERT INTO Projection VALUES(1993, 2015, 891, 16179, 5.5);
INSERT INTO RangeProj VALUES(0, 1994);
INSERT INTO Projection VALUES(1994, 2020, 1080, 18231, 5.9);
INSERT INTO RangeProj VALUES(0, 1995);
INSERT INTO Projection VALUES(1995, 2025, 1226, 20328, 6.0);
INSERT INTO RangeProj VALUES(0, 1996);
INSERT INTO Projection VALUES(1996, 2010, 497, 14196, 3.5);
INSERT INTO RangeProj VALUES(0, 1997);
INSERT INTO Projection VALUES(1997, 2015, 647, 16179, 4.0);
INSERT INTO RangeProj VALUES(0, 1998);
INSERT INTO Projection VALUES(1998, 2020, 809, 18231, 4.4);
INSERT INTO RangeProj VALUES(0, 1999);
INSERT INTO Projection VALUES(1999, 2025, 978, 20328, 4.8);
INSERT INTO RangeProj VALUES(0, 2000);
INSERT INTO Projection VALUES(2000, 2010, 379, 14196, 2.7);
INSERT INTO RangeProj VALUES(0, 2001);
INSERT INTO Projection VALUES(2001, 2015, 475, 16179, 2.9);
INSERT INTO RangeProj VALUES(0, 2002);
INSERT INTO Projection VALUES(2002, 2020, 613, 18231, 3.4);
INSERT INTO RangeProj VALUES(0, 2003);
INSERT INTO Projection VALUES(2003, 2025, 775, 20328, 3.8);
INSERT INTO RangeProj VALUES(0, 2004);
INSERT INTO Projection VALUES(2004, 2010, 242, 14196, 1.7);
INSERT INTO RangeProj VALUES(0, 2005);
INSERT INTO Projection VALUES(2005, 2015, 300, 16179, 1.9);
INSERT INTO RangeProj VALUES(0, 2006);
commit;
INSERT INTO Projection VALUES(2006, 2020, 376, 18231, 2.1);
INSERT INTO RangeProj VALUES(0, 2007);
INSERT INTO Projection VALUES(2007, 2025, 505, 20328, 2.5);
INSERT INTO RangeProj VALUES(0, 2008);
INSERT INTO Projection VALUES(2008, 2010, 199, 14196, 1.4);
INSERT INTO RangeProj VALUES(0, 2009);
INSERT INTO Projection VALUES(2009, 2015, 193, 16179, 1.2);
INSERT INTO RangeProj VALUES(0, 2010);
INSERT INTO Projection VALUES(2010, 2020, 252, 18231, 1.4);
INSERT INTO RangeProj VALUES(0, 2011);
INSERT INTO Projection VALUES(2011, 2025, 318, 20328, 1.6);
INSERT INTO RangeProj VALUES(0, 2012);
INSERT INTO Projection VALUES(2012, 2010, 153, 14196, 1.1);
INSERT INTO RangeProj VALUES(0, 2013);
INSERT INTO Projection VALUES(2013, 2015, 211, 16179, 1.3);
INSERT INTO RangeProj VALUES(0, 2014);
INSERT INTO Projection VALUES(2014, 2020, 234, 18231, 1.3);
INSERT INTO RangeProj VALUES(0, 2015);
INSERT INTO Projection VALUES(2015, 2025, 287, 20328, 1.4);
INSERT INTO SubRange VALUES(43650, 0);
INSERT INTO SubRange VALUES(43650, 1);
INSERT INTO SubRange VALUES(43650, 2);
INSERT INTO SubRange VALUES(43650, 3);
INSERT INTO SubRange VALUES(43650, 4);
INSERT INTO SubRange VALUES(43650, 5);
INSERT INTO SubRange VALUES(43650, 6);
INSERT INTO SubRange VALUES(43650, 7);
INSERT INTO SubRange VALUES(43650, 8);
INSERT INTO SubRange VALUES(43650, 9);
INSERT INTO SubRange VALUES(43650, 10);
INSERT INTO SubRange VALUES(43650, 11);
INSERT INTO SubRange VALUES(43650, 12);
INSERT INTO SubRange VALUES(43650, 13);
INSERT INTO SubRange VALUES(43650, 14);
INSERT INTO SubRange VALUES(43650, 15);
INSERT INTO SubRange VALUES(43650, 16);
INSERT INTO SubRange VALUES(43650, 17);
INSERT INTO Suburb VALUES(43710, 'Lower Eyre Peninsula');
INSERT INTO RangeProj VALUES(0, 2016);
INSERT INTO Projection VALUES(2016, 2010, 266, 4869, 5.5);
INSERT INTO RangeProj VALUES(0, 2017);
INSERT INTO Projection VALUES(2017, 2015, 286, 5270, 5.4);
INSERT INTO RangeProj VALUES(0, 2018);
INSERT INTO Projection VALUES(2018, 2020, 313, 5679, 5.5);
INSERT INTO RangeProj VALUES(0, 2019);
INSERT INTO Projection VALUES(2019, 2025, 319, 6070, 5.3);
INSERT INTO RangeProj VALUES(0, 2020);
INSERT INTO Projection VALUES(2020, 2010, 331, 4869, 6.8);
INSERT INTO RangeProj VALUES(0, 2021);
INSERT INTO Projection VALUES(2021, 2015, 327, 5270, 6.2);
INSERT INTO RangeProj VALUES(0, 2022);
INSERT INTO Projection VALUES(2022, 2020, 352, 5679, 6.2);
INSERT INTO RangeProj VALUES(0, 2023);
INSERT INTO Projection VALUES(2023, 2025, 376, 6070, 6.2);
INSERT INTO RangeProj VALUES(0, 2024);
INSERT INTO Projection VALUES(2024, 2010, 387, 4869, 7.9);
INSERT INTO RangeProj VALUES(0, 2025);
INSERT INTO Projection VALUES(2025, 2015, 387, 5270, 7.3);
INSERT INTO RangeProj VALUES(0, 2026);
INSERT INTO Projection VALUES(2026, 2020, 406, 5679, 7.1);
INSERT INTO RangeProj VALUES(0, 2027);
INSERT INTO Projection VALUES(2027, 2025, 429, 6070, 7.1);
INSERT INTO RangeProj VALUES(0, 2028);
INSERT INTO Projection VALUES(2028, 2010, 320, 4869, 6.6);
INSERT INTO RangeProj VALUES(0, 2029);
INSERT INTO Projection VALUES(2029, 2015, 304, 5270, 5.8);
INSERT INTO RangeProj VALUES(0, 2030);
INSERT INTO Projection VALUES(2030, 2020, 297, 5679, 5.2);
INSERT INTO RangeProj VALUES(0, 2031);
INSERT INTO Projection VALUES(2031, 2025, 325, 6070, 5.4);
INSERT INTO RangeProj VALUES(0, 2032);
INSERT INTO Projection VALUES(2032, 2010, 191, 4869, 3.9);
INSERT INTO RangeProj VALUES(0, 2033);
INSERT INTO Projection VALUES(2033, 2015, 196, 5270, 3.7);
INSERT INTO RangeProj VALUES(0, 2034);
INSERT INTO Projection VALUES(2034, 2020, 196, 5679, 3.5);
INSERT INTO RangeProj VALUES(0, 2035);
INSERT INTO Projection VALUES(2035, 2025, 188, 6070, 3.1);
INSERT INTO RangeProj VALUES(0, 2036);
INSERT INTO Projection VALUES(2036, 2010, 202, 4869, 4.1);
INSERT INTO RangeProj VALUES(0, 2037);
INSERT INTO Projection VALUES(2037, 2015, 232, 5270, 4.4);
INSERT INTO RangeProj VALUES(0, 2038);
INSERT INTO Projection VALUES(2038, 2020, 234, 5679, 4.1);
INSERT INTO RangeProj VALUES(0, 2039);
INSERT INTO Projection VALUES(2039, 2025, 236, 6070, 3.9);
INSERT INTO RangeProj VALUES(0, 2040);
INSERT INTO Projection VALUES(2040, 2010, 262, 4869, 5.4);
INSERT INTO RangeProj VALUES(0, 2041);
INSERT INTO Projection VALUES(2041, 2015, 311, 5270, 5.9);
INSERT INTO RangeProj VALUES(0, 2042);
INSERT INTO Projection VALUES(2042, 2020, 337, 5679, 5.9);
INSERT INTO RangeProj VALUES(0, 2043);
INSERT INTO Projection VALUES(2043, 2025, 347, 6070, 5.7);
INSERT INTO RangeProj VALUES(0, 2044);
INSERT INTO Projection VALUES(2044, 2010, 335, 4869, 6.9);
INSERT INTO RangeProj VALUES(0, 2045);
INSERT INTO Projection VALUES(2045, 2015, 319, 5270, 6.1);
INSERT INTO RangeProj VALUES(0, 2046);
INSERT INTO Projection VALUES(2046, 2020, 358, 5679, 6.3);
INSERT INTO RangeProj VALUES(0, 2047);
commit;
INSERT INTO Projection VALUES(2047, 2025, 379, 6070, 6.2);
INSERT INTO RangeProj VALUES(0, 2048);
INSERT INTO Projection VALUES(2048, 2010, 399, 4869, 8.2);
INSERT INTO RangeProj VALUES(0, 2049);
INSERT INTO Projection VALUES(2049, 2015, 395, 5270, 7.5);
INSERT INTO RangeProj VALUES(0, 2050);
INSERT INTO Projection VALUES(2050, 2020, 379, 5679, 6.7);
INSERT INTO RangeProj VALUES(0, 2051);
INSERT INTO Projection VALUES(2051, 2025, 416, 6070, 6.9);
INSERT INTO RangeProj VALUES(0, 2052);
INSERT INTO Projection VALUES(2052, 2010, 380, 4869, 7.8);
INSERT INTO RangeProj VALUES(0, 2053);
INSERT INTO Projection VALUES(2053, 2015, 406, 5270, 7.7);
INSERT INTO RangeProj VALUES(0, 2054);
INSERT INTO Projection VALUES(2054, 2020, 407, 5679, 7.2);
INSERT INTO RangeProj VALUES(0, 2055);
INSERT INTO Projection VALUES(2055, 2025, 395, 6070, 6.5);
INSERT INTO RangeProj VALUES(0, 2056);
INSERT INTO Projection VALUES(2056, 2010, 417, 4869, 8.6);
INSERT INTO RangeProj VALUES(0, 2057);
INSERT INTO Projection VALUES(2057, 2015, 428, 5270, 8.1);
INSERT INTO RangeProj VALUES(0, 2058);
INSERT INTO Projection VALUES(2058, 2020, 443, 5679, 7.8);
INSERT INTO RangeProj VALUES(0, 2059);
INSERT INTO Projection VALUES(2059, 2025, 456, 6070, 7.5);
INSERT INTO RangeProj VALUES(0, 2060);
INSERT INTO Projection VALUES(2060, 2010, 364, 4869, 7.5);
INSERT INTO RangeProj VALUES(0, 2061);
INSERT INTO Projection VALUES(2061, 2015, 453, 5270, 8.6);
INSERT INTO RangeProj VALUES(0, 2062);
INSERT INTO Projection VALUES(2062, 2020, 480, 5679, 8.5);
INSERT INTO RangeProj VALUES(0, 2063);
INSERT INTO Projection VALUES(2063, 2025, 488, 6070, 8.0);
INSERT INTO RangeProj VALUES(0, 2064);
INSERT INTO Projection VALUES(2064, 2010, 361, 4869, 7.4);
INSERT INTO RangeProj VALUES(0, 2065);
INSERT INTO Projection VALUES(2065, 2015, 407, 5270, 7.7);
INSERT INTO RangeProj VALUES(0, 2066);
INSERT INTO Projection VALUES(2066, 2020, 482, 5679, 8.5);
INSERT INTO RangeProj VALUES(0, 2067);
INSERT INTO Projection VALUES(2067, 2025, 511, 6070, 8.4);
INSERT INTO RangeProj VALUES(0, 2068);
INSERT INTO Projection VALUES(2068, 2010, 220, 4869, 4.5);
INSERT INTO RangeProj VALUES(0, 2069);
INSERT INTO Projection VALUES(2069, 2015, 323, 5270, 6.1);
INSERT INTO RangeProj VALUES(0, 2070);
INSERT INTO Projection VALUES(2070, 2020, 367, 5679, 6.5);
INSERT INTO RangeProj VALUES(0, 2071);
INSERT INTO Projection VALUES(2071, 2025, 435, 6070, 7.2);
INSERT INTO RangeProj VALUES(0, 2072);
INSERT INTO Projection VALUES(2072, 2010, 179, 4869, 3.7);
INSERT INTO RangeProj VALUES(0, 2073);
INSERT INTO Projection VALUES(2073, 2015, 189, 5270, 3.6);
INSERT INTO RangeProj VALUES(0, 2074);
INSERT INTO Projection VALUES(2074, 2020, 278, 5679, 4.9);
INSERT INTO RangeProj VALUES(0, 2075);
INSERT INTO Projection VALUES(2075, 2025, 318, 6070, 5.2);
INSERT INTO RangeProj VALUES(0, 2076);
INSERT INTO Projection VALUES(2076, 2010, 115, 4869, 2.4);
INSERT INTO RangeProj VALUES(0, 2077);
INSERT INTO Projection VALUES(2077, 2015, 152, 5270, 2.9);
INSERT INTO RangeProj VALUES(0, 2078);
INSERT INTO Projection VALUES(2078, 2020, 161, 5679, 2.8);
INSERT INTO RangeProj VALUES(0, 2079);
INSERT INTO Projection VALUES(2079, 2025, 245, 6070, 4.0);
INSERT INTO RangeProj VALUES(0, 2080);
INSERT INTO Projection VALUES(2080, 2010, 75, 4869, 1.5);
INSERT INTO RangeProj VALUES(0, 2081);
INSERT INTO Projection VALUES(2081, 2015, 74, 5270, 1.4);
INSERT INTO RangeProj VALUES(0, 2082);
INSERT INTO Projection VALUES(2082, 2020, 101, 5679, 1.8);
INSERT INTO RangeProj VALUES(0, 2083);
INSERT INTO Projection VALUES(2083, 2025, 110, 6070, 1.8);
INSERT INTO RangeProj VALUES(0, 2084);
INSERT INTO Projection VALUES(2084, 2010, 65, 4869, 1.3);
INSERT INTO RangeProj VALUES(0, 2085);
INSERT INTO Projection VALUES(2085, 2015, 81, 5270, 1.5);
INSERT INTO RangeProj VALUES(0, 2086);
INSERT INTO Projection VALUES(2086, 2020, 88, 5679, 1.5);
INSERT INTO RangeProj VALUES(0, 2087);
INSERT INTO Projection VALUES(2087, 2025, 97, 6070, 1.6);
INSERT INTO SubRange VALUES(43710, 0);
INSERT INTO SubRange VALUES(43710, 1);
INSERT INTO SubRange VALUES(43710, 2);
INSERT INTO SubRange VALUES(43710, 3);
INSERT INTO SubRange VALUES(43710, 4);
INSERT INTO SubRange VALUES(43710, 5);
INSERT INTO SubRange VALUES(43710, 6);
INSERT INTO SubRange VALUES(43710, 7);
INSERT INTO SubRange VALUES(43710, 8);
INSERT INTO SubRange VALUES(43710, 9);
INSERT INTO SubRange VALUES(43710, 10);
INSERT INTO SubRange VALUES(43710, 11);
INSERT INTO SubRange VALUES(43710, 12);
INSERT INTO SubRange VALUES(43710, 13);
INSERT INTO SubRange VALUES(43710, 14);
INSERT INTO SubRange VALUES(43710, 15);
INSERT INTO SubRange VALUES(43710, 16);
INSERT INTO SubRange VALUES(43710, 17);
INSERT INTO Suburb VALUES(43790, 'Loxton Waikerie');
INSERT INTO RangeProj VALUES(0, 2088);
commit;
INSERT INTO Projection VALUES(2088, 2010, 794, 12042, 6.6);
INSERT INTO RangeProj VALUES(0, 2089);
INSERT INTO Projection VALUES(2089, 2015, 769, 11951, 6.4);
INSERT INTO RangeProj VALUES(0, 2090);
INSERT INTO Projection VALUES(2090, 2020, 739, 11813, 6.3);
INSERT INTO RangeProj VALUES(0, 2091);
INSERT INTO Projection VALUES(2091, 2025, 677, 11606, 5.8);
INSERT INTO RangeProj VALUES(0, 2092);
INSERT INTO Projection VALUES(2092, 2010, 706, 12042, 5.9);
INSERT INTO RangeProj VALUES(0, 2093);
INSERT INTO Projection VALUES(2093, 2015, 747, 11951, 6.3);
INSERT INTO RangeProj VALUES(0, 2094);
INSERT INTO Projection VALUES(2094, 2020, 717, 11813, 6.1);
INSERT INTO RangeProj VALUES(0, 2095);
INSERT INTO Projection VALUES(2095, 2025, 679, 11606, 5.9);
INSERT INTO RangeProj VALUES(0, 2096);
INSERT INTO Projection VALUES(2096, 2010, 872, 12042, 7.2);
INSERT INTO RangeProj VALUES(0, 2097);
INSERT INTO Projection VALUES(2097, 2015, 749, 11951, 6.3);
INSERT INTO RangeProj VALUES(0, 2098);
INSERT INTO Projection VALUES(2098, 2020, 768, 11813, 6.5);
INSERT INTO RangeProj VALUES(0, 2099);
INSERT INTO Projection VALUES(2099, 2025, 737, 11606, 6.4);
INSERT INTO RangeProj VALUES(0, 2100);
INSERT INTO Projection VALUES(2100, 2010, 796, 12042, 6.6);
INSERT INTO RangeProj VALUES(0, 2101);
INSERT INTO Projection VALUES(2101, 2015, 739, 11951, 6.2);
INSERT INTO RangeProj VALUES(0, 2102);
INSERT INTO Projection VALUES(2102, 2020, 638, 11813, 5.4);
INSERT INTO RangeProj VALUES(0, 2103);
INSERT INTO Projection VALUES(2103, 2025, 650, 11606, 5.6);
INSERT INTO RangeProj VALUES(0, 2104);
INSERT INTO Projection VALUES(2104, 2010, 560, 12042, 4.7);
INSERT INTO RangeProj VALUES(0, 2105);
INSERT INTO Projection VALUES(2105, 2015, 538, 11951, 4.5);
INSERT INTO RangeProj VALUES(0, 2106);
INSERT INTO Projection VALUES(2106, 2020, 490, 11813, 4.1);
INSERT INTO RangeProj VALUES(0, 2107);
INSERT INTO Projection VALUES(2107, 2025, 440, 11606, 3.8);
INSERT INTO RangeProj VALUES(0, 2108);
INSERT INTO Projection VALUES(2108, 2010, 576, 12042, 4.8);
INSERT INTO RangeProj VALUES(0, 2109);
INSERT INTO Projection VALUES(2109, 2015, 561, 11951, 4.7);
INSERT INTO RangeProj VALUES(0, 2110);
INSERT INTO Projection VALUES(2110, 2020, 536, 11813, 4.5);
INSERT INTO RangeProj VALUES(0, 2111);
INSERT INTO Projection VALUES(2111, 2025, 492, 11606, 4.2);
INSERT INTO RangeProj VALUES(0, 2112);
INSERT INTO Projection VALUES(2112, 2010, 668, 12042, 5.5);
INSERT INTO RangeProj VALUES(0, 2113);
INSERT INTO Projection VALUES(2113, 2015, 658, 11951, 5.5);
INSERT INTO RangeProj VALUES(0, 2114);
INSERT INTO Projection VALUES(2114, 2020, 632, 11813, 5.4);
INSERT INTO RangeProj VALUES(0, 2115);
INSERT INTO Projection VALUES(2115, 2025, 595, 11606, 5.1);
INSERT INTO RangeProj VALUES(0, 2116);
INSERT INTO Projection VALUES(2116, 2010, 750, 12042, 6.2);
INSERT INTO RangeProj VALUES(0, 2117);
INSERT INTO Projection VALUES(2117, 2015, 674, 11951, 5.6);
INSERT INTO RangeProj VALUES(0, 2118);
INSERT INTO Projection VALUES(2118, 2020, 672, 11813, 5.7);
INSERT INTO RangeProj VALUES(0, 2119);
INSERT INTO Projection VALUES(2119, 2025, 644, 11606, 5.5);
INSERT INTO RangeProj VALUES(0, 2120);
INSERT INTO Projection VALUES(2120, 2010, 793, 12042, 6.6);
INSERT INTO RangeProj VALUES(0, 2121);
INSERT INTO Projection VALUES(2121, 2015, 748, 11951, 6.3);
INSERT INTO RangeProj VALUES(0, 2122);
INSERT INTO Projection VALUES(2122, 2020, 682, 11813, 5.8);
INSERT INTO RangeProj VALUES(0, 2123);
INSERT INTO Projection VALUES(2123, 2025, 689, 11606, 5.9);
INSERT INTO RangeProj VALUES(0, 2124);
INSERT INTO Projection VALUES(2124, 2010, 910, 12042, 7.6);
INSERT INTO RangeProj VALUES(0, 2125);
INSERT INTO Projection VALUES(2125, 2015, 797, 11951, 6.7);
INSERT INTO RangeProj VALUES(0, 2126);
INSERT INTO Projection VALUES(2126, 2020, 758, 11813, 6.4);
INSERT INTO RangeProj VALUES(0, 2127);
INSERT INTO Projection VALUES(2127, 2025, 691, 11606, 6.0);
INSERT INTO RangeProj VALUES(0, 2128);
INSERT INTO Projection VALUES(2128, 2010, 836, 12042, 6.9);
INSERT INTO RangeProj VALUES(0, 2129);
INSERT INTO Projection VALUES(2129, 2015, 869, 11951, 7.3);
INSERT INTO RangeProj VALUES(0, 2130);
INSERT INTO Projection VALUES(2130, 2020, 764, 11813, 6.5);
INSERT INTO RangeProj VALUES(0, 2131);
INSERT INTO Projection VALUES(2131, 2025, 725, 11606, 6.2);
INSERT INTO RangeProj VALUES(0, 2132);
INSERT INTO Projection VALUES(2132, 2010, 875, 12042, 7.3);
INSERT INTO RangeProj VALUES(0, 2133);
INSERT INTO Projection VALUES(2133, 2015, 852, 11951, 7.1);
INSERT INTO RangeProj VALUES(0, 2134);
INSERT INTO Projection VALUES(2134, 2020, 878, 11813, 7.4);
INSERT INTO RangeProj VALUES(0, 2135);
INSERT INTO Projection VALUES(2135, 2025, 774, 11606, 6.7);
INSERT INTO RangeProj VALUES(0, 2136);
INSERT INTO Projection VALUES(2136, 2010, 797, 12042, 6.6);
INSERT INTO RangeProj VALUES(0, 2137);
INSERT INTO Projection VALUES(2137, 2015, 833, 11951, 7.0);
INSERT INTO RangeProj VALUES(0, 2138);
INSERT INTO Projection VALUES(2138, 2020, 822, 11813, 7.0);
commit;
INSERT INTO RangeProj VALUES(0, 2139);
INSERT INTO Projection VALUES(2139, 2025, 842, 11606, 7.3);
INSERT INTO RangeProj VALUES(0, 2140);
INSERT INTO Projection VALUES(2140, 2010, 643, 12042, 5.3);
INSERT INTO RangeProj VALUES(0, 2141);
INSERT INTO Projection VALUES(2141, 2015, 747, 11951, 6.3);
INSERT INTO RangeProj VALUES(0, 2142);
INSERT INTO Projection VALUES(2142, 2020, 791, 11813, 6.7);
INSERT INTO RangeProj VALUES(0, 2143);
INSERT INTO Projection VALUES(2143, 2025, 787, 11606, 6.8);
INSERT INTO RangeProj VALUES(0, 2144);
INSERT INTO Projection VALUES(2144, 2010, 444, 12042, 3.7);
INSERT INTO RangeProj VALUES(0, 2145);
INSERT INTO Projection VALUES(2145, 2015, 600, 11951, 5.0);
INSERT INTO RangeProj VALUES(0, 2146);
INSERT INTO Projection VALUES(2146, 2020, 693, 11813, 5.9);
INSERT INTO RangeProj VALUES(0, 2147);
INSERT INTO Projection VALUES(2147, 2025, 735, 11606, 6.3);
INSERT INTO RangeProj VALUES(0, 2148);
INSERT INTO Projection VALUES(2148, 2010, 358, 12042, 3.0);
INSERT INTO RangeProj VALUES(0, 2149);
INSERT INTO Projection VALUES(2149, 2015, 383, 11951, 3.2);
INSERT INTO RangeProj VALUES(0, 2150);
INSERT INTO Projection VALUES(2150, 2020, 524, 11813, 4.4);
INSERT INTO RangeProj VALUES(0, 2151);
INSERT INTO Projection VALUES(2151, 2025, 615, 11606, 5.3);
INSERT INTO RangeProj VALUES(0, 2152);
INSERT INTO Projection VALUES(2152, 2010, 343, 12042, 2.8);
INSERT INTO RangeProj VALUES(0, 2153);
INSERT INTO Projection VALUES(2153, 2015, 305, 11951, 2.6);
INSERT INTO RangeProj VALUES(0, 2154);
INSERT INTO Projection VALUES(2154, 2020, 318, 11813, 2.7);
INSERT INTO RangeProj VALUES(0, 2155);
INSERT INTO Projection VALUES(2155, 2025, 429, 11606, 3.7);
INSERT INTO RangeProj VALUES(0, 2156);
INSERT INTO Projection VALUES(2156, 2010, 321, 12042, 2.7);
INSERT INTO RangeProj VALUES(0, 2157);
INSERT INTO Projection VALUES(2157, 2015, 382, 11951, 3.2);
INSERT INTO RangeProj VALUES(0, 2158);
INSERT INTO Projection VALUES(2158, 2020, 391, 11813, 3.3);
INSERT INTO RangeProj VALUES(0, 2159);
INSERT INTO Projection VALUES(2159, 2025, 405, 11606, 3.5);
INSERT INTO SubRange VALUES(43790, 0);
INSERT INTO SubRange VALUES(43790, 1);
INSERT INTO SubRange VALUES(43790, 2);
INSERT INTO SubRange VALUES(43790, 3);
INSERT INTO SubRange VALUES(43790, 4);
INSERT INTO SubRange VALUES(43790, 5);
INSERT INTO SubRange VALUES(43790, 6);
INSERT INTO SubRange VALUES(43790, 7);
INSERT INTO SubRange VALUES(43790, 8);
INSERT INTO SubRange VALUES(43790, 9);
INSERT INTO SubRange VALUES(43790, 10);
INSERT INTO SubRange VALUES(43790, 11);
INSERT INTO SubRange VALUES(43790, 12);
INSERT INTO SubRange VALUES(43790, 13);
INSERT INTO SubRange VALUES(43790, 14);
INSERT INTO SubRange VALUES(43790, 15);
INSERT INTO SubRange VALUES(43790, 16);
INSERT INTO SubRange VALUES(43790, 17);
INSERT INTO Suburb VALUES(43920, 'Mallala');
INSERT INTO RangeProj VALUES(0, 2160);
INSERT INTO Projection VALUES(2160, 2010, 526, 8727, 6.0);
INSERT INTO RangeProj VALUES(0, 2161);
INSERT INTO Projection VALUES(2161, 2015, 554, 9424, 5.9);
INSERT INTO RangeProj VALUES(0, 2162);
INSERT INTO Projection VALUES(2162, 2020, 591, 10123, 5.8);
INSERT INTO RangeProj VALUES(0, 2163);
INSERT INTO Projection VALUES(2163, 2025, 605, 10797, 5.6);
INSERT INTO RangeProj VALUES(0, 2164);
INSERT INTO Projection VALUES(2164, 2010, 573, 8727, 6.6);
INSERT INTO RangeProj VALUES(0, 2165);
INSERT INTO Projection VALUES(2165, 2015, 629, 9424, 6.7);
INSERT INTO RangeProj VALUES(0, 2166);
INSERT INTO Projection VALUES(2166, 2020, 651, 10123, 6.4);
INSERT INTO RangeProj VALUES(0, 2167);
INSERT INTO Projection VALUES(2167, 2025, 692, 10797, 6.4);
INSERT INTO RangeProj VALUES(0, 2168);
INSERT INTO Projection VALUES(2168, 2010, 720, 8727, 8.3);
INSERT INTO RangeProj VALUES(0, 2169);
INSERT INTO Projection VALUES(2169, 2015, 684, 9424, 7.3);
INSERT INTO RangeProj VALUES(0, 2170);
INSERT INTO Projection VALUES(2170, 2020, 746, 10123, 7.4);
INSERT INTO RangeProj VALUES(0, 2171);
INSERT INTO Projection VALUES(2171, 2025, 770, 10797, 7.1);
INSERT INTO RangeProj VALUES(0, 2172);
INSERT INTO Projection VALUES(2172, 2010, 663, 8727, 7.6);
INSERT INTO RangeProj VALUES(0, 2173);
INSERT INTO Projection VALUES(2173, 2015, 641, 9424, 6.8);
INSERT INTO RangeProj VALUES(0, 2174);
INSERT INTO Projection VALUES(2174, 2020, 613, 10123, 6.1);
INSERT INTO RangeProj VALUES(0, 2175);
INSERT INTO Projection VALUES(2175, 2025, 668, 10797, 6.2);
INSERT INTO RangeProj VALUES(0, 2176);
INSERT INTO Projection VALUES(2176, 2010, 444, 8727, 5.1);
INSERT INTO RangeProj VALUES(0, 2177);
INSERT INTO Projection VALUES(2177, 2015, 458, 9424, 4.9);
INSERT INTO RangeProj VALUES(0, 2178);
INSERT INTO Projection VALUES(2178, 2020, 442, 10123, 4.4);
INSERT INTO RangeProj VALUES(0, 2179);
INSERT INTO Projection VALUES(2179, 2025, 420, 10797, 3.9);
commit;
INSERT INTO RangeProj VALUES(0, 2180);
INSERT INTO Projection VALUES(2180, 2010, 431, 8727, 4.9);
INSERT INTO RangeProj VALUES(0, 2181);
INSERT INTO Projection VALUES(2181, 2015, 475, 9424, 5.0);
INSERT INTO RangeProj VALUES(0, 2182);
INSERT INTO Projection VALUES(2182, 2020, 488, 10123, 4.8);
INSERT INTO RangeProj VALUES(0, 2183);
INSERT INTO Projection VALUES(2183, 2025, 486, 10797, 4.5);
INSERT INTO RangeProj VALUES(0, 2184);
INSERT INTO Projection VALUES(2184, 2010, 518, 8727, 5.9);
INSERT INTO RangeProj VALUES(0, 2185);
INSERT INTO Projection VALUES(2185, 2015, 601, 9424, 6.4);
INSERT INTO RangeProj VALUES(0, 2186);
INSERT INTO Projection VALUES(2186, 2020, 639, 10123, 6.3);
INSERT INTO RangeProj VALUES(0, 2187);
INSERT INTO Projection VALUES(2187, 2025, 660, 10797, 6.1);
INSERT INTO RangeProj VALUES(0, 2188);
INSERT INTO Projection VALUES(2188, 2010, 661, 8727, 7.6);
INSERT INTO RangeProj VALUES(0, 2189);
INSERT INTO Projection VALUES(2189, 2015, 636, 9424, 6.7);
INSERT INTO RangeProj VALUES(0, 2190);
INSERT INTO Projection VALUES(2190, 2020, 727, 10123, 7.2);
INSERT INTO RangeProj VALUES(0, 2191);
INSERT INTO Projection VALUES(2191, 2025, 771, 10797, 7.1);
INSERT INTO RangeProj VALUES(0, 2192);
INSERT INTO Projection VALUES(2192, 2010, 736, 8727, 8.4);
INSERT INTO RangeProj VALUES(0, 2193);
INSERT INTO Projection VALUES(2193, 2015, 706, 9424, 7.5);
INSERT INTO RangeProj VALUES(0, 2194);
INSERT INTO Projection VALUES(2194, 2020, 682, 10123, 6.7);
INSERT INTO RangeProj VALUES(0, 2195);
INSERT INTO Projection VALUES(2195, 2025, 773, 10797, 7.2);
INSERT INTO RangeProj VALUES(0, 2196);
INSERT INTO Projection VALUES(2196, 2010, 774, 8727, 8.9);
INSERT INTO RangeProj VALUES(0, 2197);
INSERT INTO Projection VALUES(2197, 2015, 780, 9424, 8.3);
INSERT INTO RangeProj VALUES(0, 2198);
INSERT INTO Projection VALUES(2198, 2020, 771, 10123, 7.6);
INSERT INTO RangeProj VALUES(0, 2199);
INSERT INTO Projection VALUES(2199, 2025, 747, 10797, 6.9);
INSERT INTO RangeProj VALUES(0, 2200);
INSERT INTO Projection VALUES(2200, 2010, 698, 8727, 8.0);
INSERT INTO RangeProj VALUES(0, 2201);
INSERT INTO Projection VALUES(2201, 2015, 799, 9424, 8.5);
INSERT INTO RangeProj VALUES(0, 2202);
INSERT INTO Projection VALUES(2202, 2020, 803, 10123, 7.9);
INSERT INTO RangeProj VALUES(0, 2203);
INSERT INTO Projection VALUES(2203, 2025, 796, 10797, 7.4);
INSERT INTO RangeProj VALUES(0, 2204);
INSERT INTO Projection VALUES(2204, 2010, 599, 8727, 6.9);
INSERT INTO RangeProj VALUES(0, 2205);
INSERT INTO Projection VALUES(2205, 2015, 765, 9424, 8.1);
INSERT INTO RangeProj VALUES(0, 2206);
INSERT INTO Projection VALUES(2206, 2020, 864, 10123, 8.5);
INSERT INTO RangeProj VALUES(0, 2207);
INSERT INTO Projection VALUES(2207, 2025, 865, 10797, 8.0);
INSERT INTO RangeProj VALUES(0, 2208);
INSERT INTO Projection VALUES(2208, 2010, 514, 8727, 5.9);
INSERT INTO RangeProj VALUES(0, 2209);
INSERT INTO Projection VALUES(2209, 2015, 581, 9424, 6.2);
INSERT INTO RangeProj VALUES(0, 2210);
INSERT INTO Projection VALUES(2210, 2020, 745, 10123, 7.4);
INSERT INTO RangeProj VALUES(0, 2211);
INSERT INTO Projection VALUES(2211, 2025, 838, 10797, 7.8);
INSERT INTO RangeProj VALUES(0, 2212);
INSERT INTO Projection VALUES(2212, 2010, 345, 8727, 4.0);
INSERT INTO RangeProj VALUES(0, 2213);
INSERT INTO Projection VALUES(2213, 2015, 462, 9424, 4.9);
INSERT INTO RangeProj VALUES(0, 2214);
INSERT INTO Projection VALUES(2214, 2020, 514, 10123, 5.1);
INSERT INTO RangeProj VALUES(0, 2215);
INSERT INTO Projection VALUES(2215, 2025, 666, 10797, 6.2);
INSERT INTO RangeProj VALUES(0, 2216);
INSERT INTO Projection VALUES(2216, 2010, 198, 8727, 2.3);
INSERT INTO RangeProj VALUES(0, 2217);
INSERT INTO Projection VALUES(2217, 2015, 262, 9424, 2.8);
INSERT INTO RangeProj VALUES(0, 2218);
INSERT INTO Projection VALUES(2218, 2020, 360, 10123, 3.6);
INSERT INTO RangeProj VALUES(0, 2219);
INSERT INTO Projection VALUES(2219, 2025, 406, 10797, 3.8);
INSERT INTO RangeProj VALUES(0, 2220);
INSERT INTO Projection VALUES(2220, 2010, 152, 8727, 1.7);
INSERT INTO RangeProj VALUES(0, 2221);
INSERT INTO Projection VALUES(2221, 2015, 174, 9424, 1.8);
INSERT INTO RangeProj VALUES(0, 2222);
INSERT INTO Projection VALUES(2222, 2020, 229, 10123, 2.3);
INSERT INTO RangeProj VALUES(0, 2223);
INSERT INTO Projection VALUES(2223, 2025, 312, 10797, 2.9);
INSERT INTO RangeProj VALUES(0, 2224);
INSERT INTO Projection VALUES(2224, 2010, 87, 8727, 1.0);
INSERT INTO RangeProj VALUES(0, 2225);
INSERT INTO Projection VALUES(2225, 2015, 114, 9424, 1.2);
INSERT INTO RangeProj VALUES(0, 2226);
INSERT INTO Projection VALUES(2226, 2020, 128, 10123, 1.3);
INSERT INTO RangeProj VALUES(0, 2227);
INSERT INTO Projection VALUES(2227, 2025, 171, 10797, 1.6);
INSERT INTO RangeProj VALUES(0, 2228);
INSERT INTO Projection VALUES(2228, 2010, 88, 8727, 1.0);
INSERT INTO RangeProj VALUES(0, 2229);
INSERT INTO Projection VALUES(2229, 2015, 103, 9424, 1.1);
INSERT INTO RangeProj VALUES(0, 2230);
commit;
INSERT INTO Projection VALUES(2230, 2020, 130, 10123, 1.3);
INSERT INTO RangeProj VALUES(0, 2231);
INSERT INTO Projection VALUES(2231, 2025, 151, 10797, 1.4);
INSERT INTO SubRange VALUES(43920, 0);
INSERT INTO SubRange VALUES(43920, 1);
INSERT INTO SubRange VALUES(43920, 2);
INSERT INTO SubRange VALUES(43920, 3);
INSERT INTO SubRange VALUES(43920, 4);
INSERT INTO SubRange VALUES(43920, 5);
INSERT INTO SubRange VALUES(43920, 6);
INSERT INTO SubRange VALUES(43920, 7);
INSERT INTO SubRange VALUES(43920, 8);
INSERT INTO SubRange VALUES(43920, 9);
INSERT INTO SubRange VALUES(43920, 10);
INSERT INTO SubRange VALUES(43920, 11);
INSERT INTO SubRange VALUES(43920, 12);
INSERT INTO SubRange VALUES(43920, 13);
INSERT INTO SubRange VALUES(43920, 14);
INSERT INTO SubRange VALUES(43920, 15);
INSERT INTO SubRange VALUES(43920, 16);
INSERT INTO SubRange VALUES(43920, 17);
INSERT INTO Suburb VALUES(44060, 'Marion');
INSERT INTO RangeProj VALUES(0, 2232);
INSERT INTO Projection VALUES(2232, 2010, 4827, 84430, 5.7);
INSERT INTO RangeProj VALUES(0, 2233);
INSERT INTO Projection VALUES(2233, 2015, 5148, 88189, 5.8);
INSERT INTO RangeProj VALUES(0, 2234);
INSERT INTO Projection VALUES(2234, 2020, 5334, 92138, 5.8);
INSERT INTO RangeProj VALUES(0, 2235);
INSERT INTO Projection VALUES(2235, 2025, 5431, 96160, 5.6);
INSERT INTO RangeProj VALUES(0, 2236);
INSERT INTO Projection VALUES(2236, 2010, 4413, 84430, 5.2);
INSERT INTO RangeProj VALUES(0, 2237);
INSERT INTO Projection VALUES(2237, 2015, 4924, 88189, 5.6);
INSERT INTO RangeProj VALUES(0, 2238);
INSERT INTO Projection VALUES(2238, 2020, 5210, 92138, 5.7);
INSERT INTO RangeProj VALUES(0, 2239);
INSERT INTO Projection VALUES(2239, 2025, 5402, 96160, 5.6);
INSERT INTO RangeProj VALUES(0, 2240);
INSERT INTO Projection VALUES(2240, 2010, 4569, 84430, 5.4);
INSERT INTO RangeProj VALUES(0, 2241);
INSERT INTO Projection VALUES(2241, 2015, 4612, 88189, 5.2);
INSERT INTO RangeProj VALUES(0, 2242);
INSERT INTO Projection VALUES(2242, 2020, 5066, 92138, 5.5);
INSERT INTO RangeProj VALUES(0, 2243);
INSERT INTO Projection VALUES(2243, 2025, 5343, 96160, 5.6);
INSERT INTO RangeProj VALUES(0, 2244);
INSERT INTO Projection VALUES(2244, 2010, 5397, 84430, 6.4);
INSERT INTO RangeProj VALUES(0, 2245);
INSERT INTO Projection VALUES(2245, 2015, 5304, 88189, 6.0);
INSERT INTO RangeProj VALUES(0, 2246);
INSERT INTO Projection VALUES(2246, 2020, 5309, 92138, 5.8);
INSERT INTO RangeProj VALUES(0, 2247);
INSERT INTO Projection VALUES(2247, 2025, 5748, 96160, 6.0);
INSERT INTO RangeProj VALUES(0, 2248);
INSERT INTO Projection VALUES(2248, 2010, 6022, 84430, 7.1);
INSERT INTO RangeProj VALUES(0, 2249);
INSERT INTO Projection VALUES(2249, 2015, 6109, 88189, 6.9);
INSERT INTO RangeProj VALUES(0, 2250);
INSERT INTO Projection VALUES(2250, 2020, 6031, 92138, 6.5);
INSERT INTO RangeProj VALUES(0, 2251);
INSERT INTO Projection VALUES(2251, 2025, 5988, 96160, 6.2);
INSERT INTO RangeProj VALUES(0, 2252);
INSERT INTO Projection VALUES(2252, 2010, 6204, 84430, 7.3);
INSERT INTO RangeProj VALUES(0, 2253);
INSERT INTO Projection VALUES(2253, 2015, 6360, 88189, 7.2);
INSERT INTO RangeProj VALUES(0, 2254);
INSERT INTO Projection VALUES(2254, 2020, 6534, 92138, 7.1);
INSERT INTO RangeProj VALUES(0, 2255);
INSERT INTO Projection VALUES(2255, 2025, 6455, 96160, 6.7);
INSERT INTO RangeProj VALUES(0, 2256);
INSERT INTO Projection VALUES(2256, 2010, 5724, 84430, 6.8);
INSERT INTO RangeProj VALUES(0, 2257);
INSERT INTO Projection VALUES(2257, 2015, 6539, 88189, 7.4);
INSERT INTO RangeProj VALUES(0, 2258);
INSERT INTO Projection VALUES(2258, 2020, 6714, 92138, 7.3);
INSERT INTO RangeProj VALUES(0, 2259);
INSERT INTO Projection VALUES(2259, 2025, 6910, 96160, 7.2);
INSERT INTO RangeProj VALUES(0, 2260);
INSERT INTO Projection VALUES(2260, 2010, 5779, 84430, 6.8);
INSERT INTO RangeProj VALUES(0, 2261);
INSERT INTO Projection VALUES(2261, 2015, 5838, 88189, 6.6);
INSERT INTO RangeProj VALUES(0, 2262);
INSERT INTO Projection VALUES(2262, 2020, 6612, 92138, 7.2);
INSERT INTO RangeProj VALUES(0, 2263);
INSERT INTO Projection VALUES(2263, 2025, 6815, 96160, 7.1);
INSERT INTO RangeProj VALUES(0, 2264);
INSERT INTO Projection VALUES(2264, 2010, 5552, 84430, 6.6);
INSERT INTO RangeProj VALUES(0, 2265);
INSERT INTO Projection VALUES(2265, 2015, 5858, 88189, 6.6);
INSERT INTO RangeProj VALUES(0, 2266);
INSERT INTO Projection VALUES(2266, 2020, 5832, 92138, 6.3);
INSERT INTO RangeProj VALUES(0, 2267);
INSERT INTO Projection VALUES(2267, 2025, 6598, 96160, 6.9);
INSERT INTO RangeProj VALUES(0, 2268);
INSERT INTO Projection VALUES(2268, 2010, 5737, 84430, 6.8);
INSERT INTO RangeProj VALUES(0, 2269);
INSERT INTO Projection VALUES(2269, 2015, 5397, 88189, 6.1);
INSERT INTO RangeProj VALUES(0, 2270);
INSERT INTO Projection VALUES(2270, 2020, 5661, 92138, 6.1);
INSERT INTO RangeProj VALUES(0, 2271);
commit;
INSERT INTO Projection VALUES(2271, 2025, 5607, 96160, 5.8);
INSERT INTO RangeProj VALUES(0, 2272);
INSERT INTO Projection VALUES(2272, 2010, 6051, 84430, 7.2);
INSERT INTO RangeProj VALUES(0, 2273);
INSERT INTO Projection VALUES(2273, 2015, 5685, 88189, 6.4);
INSERT INTO RangeProj VALUES(0, 2274);
INSERT INTO Projection VALUES(2274, 2020, 5416, 92138, 5.9);
INSERT INTO RangeProj VALUES(0, 2275);
INSERT INTO Projection VALUES(2275, 2025, 5663, 96160, 5.9);
INSERT INTO RangeProj VALUES(0, 2276);
INSERT INTO Projection VALUES(2276, 2010, 5410, 84430, 6.4);
INSERT INTO RangeProj VALUES(0, 2277);
INSERT INTO Projection VALUES(2277, 2015, 5807, 88189, 6.6);
INSERT INTO RangeProj VALUES(0, 2278);
INSERT INTO Projection VALUES(2278, 2020, 5601, 92138, 6.1);
INSERT INTO RangeProj VALUES(0, 2279);
INSERT INTO Projection VALUES(2279, 2025, 5376, 96160, 5.6);
INSERT INTO RangeProj VALUES(0, 2280);
INSERT INTO Projection VALUES(2280, 2010, 4664, 84430, 5.5);
INSERT INTO RangeProj VALUES(0, 2281);
INSERT INTO Projection VALUES(2281, 2015, 5179, 88189, 5.9);
INSERT INTO RangeProj VALUES(0, 2282);
INSERT INTO Projection VALUES(2282, 2020, 5551, 92138, 6.0);
INSERT INTO RangeProj VALUES(0, 2283);
INSERT INTO Projection VALUES(2283, 2025, 5442, 96160, 5.7);
INSERT INTO RangeProj VALUES(0, 2284);
INSERT INTO Projection VALUES(2284, 2010, 3567, 84430, 4.2);
INSERT INTO RangeProj VALUES(0, 2285);
INSERT INTO Projection VALUES(2285, 2015, 4545, 88189, 5.2);
INSERT INTO RangeProj VALUES(0, 2286);
INSERT INTO Projection VALUES(2286, 2020, 4998, 92138, 5.4);
INSERT INTO RangeProj VALUES(0, 2287);
INSERT INTO Projection VALUES(2287, 2025, 5367, 96160, 5.6);
INSERT INTO RangeProj VALUES(0, 2288);
INSERT INTO Projection VALUES(2288, 2010, 2936, 84430, 3.5);
INSERT INTO RangeProj VALUES(0, 2289);
INSERT INTO Projection VALUES(2289, 2015, 3301, 88189, 3.7);
INSERT INTO RangeProj VALUES(0, 2290);
INSERT INTO Projection VALUES(2290, 2020, 4241, 92138, 4.6);
INSERT INTO RangeProj VALUES(0, 2291);
INSERT INTO Projection VALUES(2291, 2025, 4639, 96160, 4.8);
INSERT INTO RangeProj VALUES(0, 2292);
INSERT INTO Projection VALUES(2292, 2010, 2597, 84430, 3.1);
INSERT INTO RangeProj VALUES(0, 2293);
INSERT INTO Projection VALUES(2293, 2015, 2583, 88189, 2.9);
INSERT INTO RangeProj VALUES(0, 2294);
INSERT INTO Projection VALUES(2294, 2020, 2959, 92138, 3.2);
INSERT INTO RangeProj VALUES(0, 2295);
INSERT INTO Projection VALUES(2295, 2025, 3856, 96160, 4.0);
INSERT INTO RangeProj VALUES(0, 2296);
INSERT INTO Projection VALUES(2296, 2010, 2665, 84430, 3.2);
INSERT INTO RangeProj VALUES(0, 2297);
INSERT INTO Projection VALUES(2297, 2015, 2145, 88189, 2.4);
INSERT INTO RangeProj VALUES(0, 2298);
INSERT INTO Projection VALUES(2298, 2020, 2234, 92138, 2.4);
INSERT INTO RangeProj VALUES(0, 2299);
INSERT INTO Projection VALUES(2299, 2025, 2587, 96160, 2.7);
INSERT INTO RangeProj VALUES(0, 2300);
INSERT INTO Projection VALUES(2300, 2010, 2316, 84430, 2.7);
INSERT INTO RangeProj VALUES(0, 2301);
INSERT INTO Projection VALUES(2301, 2015, 2855, 88189, 3.2);
INSERT INTO RangeProj VALUES(0, 2302);
INSERT INTO Projection VALUES(2302, 2020, 2835, 92138, 3.1);
INSERT INTO RangeProj VALUES(0, 2303);
INSERT INTO Projection VALUES(2303, 2025, 2933, 96160, 3.1);
INSERT INTO SubRange VALUES(44060, 0);
INSERT INTO SubRange VALUES(44060, 1);
INSERT INTO SubRange VALUES(44060, 2);
INSERT INTO SubRange VALUES(44060, 3);
INSERT INTO SubRange VALUES(44060, 4);
INSERT INTO SubRange VALUES(44060, 5);
INSERT INTO SubRange VALUES(44060, 6);
INSERT INTO SubRange VALUES(44060, 7);
INSERT INTO SubRange VALUES(44060, 8);
INSERT INTO SubRange VALUES(44060, 9);
INSERT INTO SubRange VALUES(44060, 10);
INSERT INTO SubRange VALUES(44060, 11);
INSERT INTO SubRange VALUES(44060, 12);
INSERT INTO SubRange VALUES(44060, 13);
INSERT INTO SubRange VALUES(44060, 14);
INSERT INTO SubRange VALUES(44060, 15);
INSERT INTO SubRange VALUES(44060, 16);
INSERT INTO SubRange VALUES(44060, 17);
INSERT INTO Suburb VALUES(44210, 'Mid Murray');
INSERT INTO RangeProj VALUES(0, 2304);
INSERT INTO Projection VALUES(2304, 2010, 385, 8487, 4.5);
INSERT INTO RangeProj VALUES(0, 2305);
INSERT INTO Projection VALUES(2305, 2015, 367, 8478, 4.3);
INSERT INTO RangeProj VALUES(0, 2306);
INSERT INTO Projection VALUES(2306, 2020, 343, 8416, 4.1);
INSERT INTO RangeProj VALUES(0, 2307);
INSERT INTO Projection VALUES(2307, 2025, 318, 8291, 3.8);
INSERT INTO RangeProj VALUES(0, 2308);
INSERT INTO Projection VALUES(2308, 2010, 422, 8487, 5.0);
INSERT INTO RangeProj VALUES(0, 2309);
INSERT INTO Projection VALUES(2309, 2015, 408, 8478, 4.8);
INSERT INTO RangeProj VALUES(0, 2310);
INSERT INTO Projection VALUES(2310, 2020, 391, 8416, 4.6);
INSERT INTO RangeProj VALUES(0, 2311);
INSERT INTO Projection VALUES(2311, 2025, 368, 8291, 4.4);
INSERT INTO RangeProj VALUES(0, 2312);
commit;
INSERT INTO Projection VALUES(2312, 2010, 495, 8487, 5.8);
INSERT INTO RangeProj VALUES(0, 2313);
INSERT INTO Projection VALUES(2313, 2015, 437, 8478, 5.2);
INSERT INTO RangeProj VALUES(0, 2314);
INSERT INTO Projection VALUES(2314, 2020, 427, 8416, 5.1);
INSERT INTO RangeProj VALUES(0, 2315);
INSERT INTO Projection VALUES(2315, 2025, 405, 8291, 4.9);
INSERT INTO RangeProj VALUES(0, 2316);
INSERT INTO Projection VALUES(2316, 2010, 411, 8487, 4.8);
INSERT INTO RangeProj VALUES(0, 2317);
INSERT INTO Projection VALUES(2317, 2015, 359, 8478, 4.2);
INSERT INTO RangeProj VALUES(0, 2318);
INSERT INTO Projection VALUES(2318, 2020, 313, 8416, 3.7);
INSERT INTO RangeProj VALUES(0, 2319);
INSERT INTO Projection VALUES(2319, 2025, 310, 8291, 3.7);
INSERT INTO RangeProj VALUES(0, 2320);
INSERT INTO Projection VALUES(2320, 2010, 296, 8487, 3.5);
INSERT INTO RangeProj VALUES(0, 2321);
INSERT INTO Projection VALUES(2321, 2015, 265, 8478, 3.1);
INSERT INTO RangeProj VALUES(0, 2322);
INSERT INTO Projection VALUES(2322, 2020, 228, 8416, 2.7);
INSERT INTO RangeProj VALUES(0, 2323);
INSERT INTO Projection VALUES(2323, 2025, 197, 8291, 2.4);
INSERT INTO RangeProj VALUES(0, 2324);
INSERT INTO Projection VALUES(2324, 2010, 345, 8487, 4.1);
INSERT INTO RangeProj VALUES(0, 2325);
INSERT INTO Projection VALUES(2325, 2015, 313, 8478, 3.7);
INSERT INTO RangeProj VALUES(0, 2326);
INSERT INTO Projection VALUES(2326, 2020, 283, 8416, 3.4);
INSERT INTO RangeProj VALUES(0, 2327);
INSERT INTO Projection VALUES(2327, 2025, 252, 8291, 3.0);
INSERT INTO RangeProj VALUES(0, 2328);
INSERT INTO Projection VALUES(2328, 2010, 341, 8487, 4.0);
INSERT INTO RangeProj VALUES(0, 2329);
INSERT INTO Projection VALUES(2329, 2015, 357, 8478, 4.2);
INSERT INTO RangeProj VALUES(0, 2330);
INSERT INTO Projection VALUES(2330, 2020, 329, 8416, 3.9);
INSERT INTO RangeProj VALUES(0, 2331);
INSERT INTO Projection VALUES(2331, 2025, 297, 8291, 3.6);
INSERT INTO RangeProj VALUES(0, 2332);
INSERT INTO Projection VALUES(2332, 2010, 481, 8487, 5.7);
INSERT INTO RangeProj VALUES(0, 2333);
INSERT INTO Projection VALUES(2333, 2015, 368, 8478, 4.3);
INSERT INTO RangeProj VALUES(0, 2334);
INSERT INTO Projection VALUES(2334, 2020, 383, 8416, 4.6);
INSERT INTO RangeProj VALUES(0, 2335);
INSERT INTO Projection VALUES(2335, 2025, 358, 8291, 4.3);
INSERT INTO RangeProj VALUES(0, 2336);
INSERT INTO Projection VALUES(2336, 2010, 663, 8487, 7.8);
INSERT INTO RangeProj VALUES(0, 2337);
INSERT INTO Projection VALUES(2337, 2015, 559, 8478, 6.6);
INSERT INTO RangeProj VALUES(0, 2338);
INSERT INTO Projection VALUES(2338, 2020, 453, 8416, 5.4);
INSERT INTO RangeProj VALUES(0, 2339);
INSERT INTO Projection VALUES(2339, 2025, 467, 8291, 5.6);
INSERT INTO RangeProj VALUES(0, 2340);
INSERT INTO Projection VALUES(2340, 2010, 665, 8487, 7.8);
INSERT INTO RangeProj VALUES(0, 2341);
INSERT INTO Projection VALUES(2341, 2015, 687, 8478, 8.1);
INSERT INTO RangeProj VALUES(0, 2342);
INSERT INTO Projection VALUES(2342, 2020, 591, 8416, 7.0);
INSERT INTO RangeProj VALUES(0, 2343);
INSERT INTO Projection VALUES(2343, 2025, 497, 8291, 6.0);
INSERT INTO RangeProj VALUES(0, 2344);
INSERT INTO Projection VALUES(2344, 2010, 744, 8487, 8.8);
INSERT INTO RangeProj VALUES(0, 2345);
INSERT INTO Projection VALUES(2345, 2015, 737, 8478, 8.7);
INSERT INTO RangeProj VALUES(0, 2346);
INSERT INTO Projection VALUES(2346, 2020, 743, 8416, 8.8);
INSERT INTO RangeProj VALUES(0, 2347);
INSERT INTO Projection VALUES(2347, 2025, 655, 8291, 7.9);
INSERT INTO RangeProj VALUES(0, 2348);
INSERT INTO Projection VALUES(2348, 2010, 779, 8487, 9.2);
INSERT INTO RangeProj VALUES(0, 2349);
INSERT INTO Projection VALUES(2349, 2015, 791, 8478, 9.3);
INSERT INTO RangeProj VALUES(0, 2350);
INSERT INTO Projection VALUES(2350, 2020, 781, 8416, 9.3);
INSERT INTO RangeProj VALUES(0, 2351);
INSERT INTO Projection VALUES(2351, 2025, 772, 8291, 9.3);
INSERT INTO RangeProj VALUES(0, 2352);
INSERT INTO Projection VALUES(2352, 2010, 787, 8487, 9.3);
INSERT INTO RangeProj VALUES(0, 2353);
INSERT INTO Projection VALUES(2353, 2015, 785, 8478, 9.3);
INSERT INTO RangeProj VALUES(0, 2354);
INSERT INTO Projection VALUES(2354, 2020, 798, 8416, 9.5);
INSERT INTO RangeProj VALUES(0, 2355);
INSERT INTO Projection VALUES(2355, 2025, 788, 8291, 9.5);
INSERT INTO RangeProj VALUES(0, 2356);
INSERT INTO Projection VALUES(2356, 2010, 590, 8487, 7.0);
INSERT INTO RangeProj VALUES(0, 2357);
INSERT INTO Projection VALUES(2357, 2015, 759, 8478, 9.0);
INSERT INTO RangeProj VALUES(0, 2358);
INSERT INTO Projection VALUES(2358, 2020, 765, 8416, 9.1);
INSERT INTO RangeProj VALUES(0, 2359);
INSERT INTO Projection VALUES(2359, 2025, 769, 8291, 9.3);
INSERT INTO RangeProj VALUES(0, 2360);
INSERT INTO Projection VALUES(2360, 2010, 455, 8487, 5.4);
INSERT INTO RangeProj VALUES(0, 2361);
INSERT INTO Projection VALUES(2361, 2015, 529, 8478, 6.2);
INSERT INTO RangeProj VALUES(0, 2362);
INSERT INTO Projection VALUES(2362, 2020, 678, 8416, 8.1);
commit;
INSERT INTO RangeProj VALUES(0, 2363);
INSERT INTO Projection VALUES(2363, 2025, 689, 8291, 8.3);
INSERT INTO RangeProj VALUES(0, 2364);
INSERT INTO Projection VALUES(2364, 2010, 281, 8487, 3.3);
INSERT INTO RangeProj VALUES(0, 2365);
INSERT INTO Projection VALUES(2365, 2015, 376, 8478, 4.4);
INSERT INTO RangeProj VALUES(0, 2366);
INSERT INTO Projection VALUES(2366, 2020, 446, 8416, 5.3);
INSERT INTO RangeProj VALUES(0, 2367);
INSERT INTO Projection VALUES(2367, 2025, 581, 8291, 7.0);
INSERT INTO RangeProj VALUES(0, 2368);
INSERT INTO Projection VALUES(2368, 2010, 193, 8487, 2.3);
INSERT INTO RangeProj VALUES(0, 2369);
INSERT INTO Projection VALUES(2369, 2015, 202, 8478, 2.4);
INSERT INTO RangeProj VALUES(0, 2370);
INSERT INTO Projection VALUES(2370, 2020, 273, 8416, 3.2);
INSERT INTO RangeProj VALUES(0, 2371);
INSERT INTO Projection VALUES(2371, 2025, 330, 8291, 4.0);
INSERT INTO RangeProj VALUES(0, 2372);
INSERT INTO Projection VALUES(2372, 2010, 154, 8487, 1.8);
INSERT INTO RangeProj VALUES(0, 2373);
INSERT INTO Projection VALUES(2373, 2015, 179, 8478, 2.1);
INSERT INTO RangeProj VALUES(0, 2374);
INSERT INTO Projection VALUES(2374, 2020, 191, 8416, 2.3);
INSERT INTO RangeProj VALUES(0, 2375);
INSERT INTO Projection VALUES(2375, 2025, 238, 8291, 2.9);
INSERT INTO SubRange VALUES(44210, 0);
INSERT INTO SubRange VALUES(44210, 1);
INSERT INTO SubRange VALUES(44210, 2);
INSERT INTO SubRange VALUES(44210, 3);
INSERT INTO SubRange VALUES(44210, 4);
INSERT INTO SubRange VALUES(44210, 5);
INSERT INTO SubRange VALUES(44210, 6);
INSERT INTO SubRange VALUES(44210, 7);
INSERT INTO SubRange VALUES(44210, 8);
INSERT INTO SubRange VALUES(44210, 9);
INSERT INTO SubRange VALUES(44210, 10);
INSERT INTO SubRange VALUES(44210, 11);
INSERT INTO SubRange VALUES(44210, 12);
INSERT INTO SubRange VALUES(44210, 13);
INSERT INTO SubRange VALUES(44210, 14);
INSERT INTO SubRange VALUES(44210, 15);
INSERT INTO SubRange VALUES(44210, 16);
INSERT INTO SubRange VALUES(44210, 17);
INSERT INTO Suburb VALUES(44340, 'Mitcham');
INSERT INTO RangeProj VALUES(0, 2376);
INSERT INTO Projection VALUES(2376, 2010, 3695, 65973, 5.6);
INSERT INTO RangeProj VALUES(0, 2377);
INSERT INTO Projection VALUES(2377, 2015, 3802, 68314, 5.6);
INSERT INTO RangeProj VALUES(0, 2378);
INSERT INTO Projection VALUES(2378, 2020, 3914, 70723, 5.5);
INSERT INTO RangeProj VALUES(0, 2379);
INSERT INTO Projection VALUES(2379, 2025, 3968, 73064, 5.4);
INSERT INTO RangeProj VALUES(0, 2380);
INSERT INTO Projection VALUES(2380, 2010, 3612, 65973, 5.5);
INSERT INTO RangeProj VALUES(0, 2381);
INSERT INTO Projection VALUES(2381, 2015, 3968, 68314, 5.8);
INSERT INTO RangeProj VALUES(0, 2382);
INSERT INTO Projection VALUES(2382, 2020, 4074, 70723, 5.8);
INSERT INTO RangeProj VALUES(0, 2383);
INSERT INTO Projection VALUES(2383, 2025, 4179, 73064, 5.7);
INSERT INTO RangeProj VALUES(0, 2384);
INSERT INTO Projection VALUES(2384, 2010, 3933, 65973, 6.0);
INSERT INTO RangeProj VALUES(0, 2385);
INSERT INTO Projection VALUES(2385, 2015, 3906, 68314, 5.7);
INSERT INTO RangeProj VALUES(0, 2386);
INSERT INTO Projection VALUES(2386, 2020, 4227, 70723, 6.0);
INSERT INTO RangeProj VALUES(0, 2387);
INSERT INTO Projection VALUES(2387, 2025, 4341, 73064, 5.9);
INSERT INTO RangeProj VALUES(0, 2388);
INSERT INTO Projection VALUES(2388, 2010, 4498, 65973, 6.8);
INSERT INTO RangeProj VALUES(0, 2389);
INSERT INTO Projection VALUES(2389, 2015, 4486, 68314, 6.6);
INSERT INTO RangeProj VALUES(0, 2390);
INSERT INTO Projection VALUES(2390, 2020, 4417, 70723, 6.2);
INSERT INTO RangeProj VALUES(0, 2391);
INSERT INTO Projection VALUES(2391, 2025, 4717, 73064, 6.5);
INSERT INTO RangeProj VALUES(0, 2392);
INSERT INTO Projection VALUES(2392, 2010, 4538, 65973, 6.9);
INSERT INTO RangeProj VALUES(0, 2393);
INSERT INTO Projection VALUES(2393, 2015, 4563, 68314, 6.7);
INSERT INTO RangeProj VALUES(0, 2394);
INSERT INTO Projection VALUES(2394, 2020, 4487, 70723, 6.3);
INSERT INTO RangeProj VALUES(0, 2395);
INSERT INTO Projection VALUES(2395, 2025, 4380, 73064, 6.0);
INSERT INTO RangeProj VALUES(0, 2396);
INSERT INTO Projection VALUES(2396, 2010, 3785, 65973, 5.7);
INSERT INTO RangeProj VALUES(0, 2397);
INSERT INTO Projection VALUES(2397, 2015, 3747, 68314, 5.5);
INSERT INTO RangeProj VALUES(0, 2398);
INSERT INTO Projection VALUES(2398, 2020, 3796, 70723, 5.4);
INSERT INTO RangeProj VALUES(0, 2399);
INSERT INTO Projection VALUES(2399, 2025, 3697, 73064, 5.1);
INSERT INTO RangeProj VALUES(0, 2400);
INSERT INTO Projection VALUES(2400, 2010, 3833, 65973, 5.8);
INSERT INTO RangeProj VALUES(0, 2401);
INSERT INTO Projection VALUES(2401, 2015, 4302, 68314, 6.3);
INSERT INTO RangeProj VALUES(0, 2402);
INSERT INTO Projection VALUES(2402, 2020, 4330, 70723, 6.1);
INSERT INTO RangeProj VALUES(0, 2403);
INSERT INTO Projection VALUES(2403, 2025, 4392, 73064, 6.0);
commit;
INSERT INTO RangeProj VALUES(0, 2404);
INSERT INTO Projection VALUES(2404, 2010, 4387, 65973, 6.6);
INSERT INTO RangeProj VALUES(0, 2405);
INSERT INTO Projection VALUES(2405, 2015, 4295, 68314, 6.3);
INSERT INTO RangeProj VALUES(0, 2406);
INSERT INTO Projection VALUES(2406, 2020, 4778, 70723, 6.8);
INSERT INTO RangeProj VALUES(0, 2407);
INSERT INTO Projection VALUES(2407, 2025, 4837, 73064, 6.6);
INSERT INTO RangeProj VALUES(0, 2408);
INSERT INTO Projection VALUES(2408, 2010, 4553, 65973, 6.9);
INSERT INTO RangeProj VALUES(0, 2409);
INSERT INTO Projection VALUES(2409, 2015, 4678, 68314, 6.8);
INSERT INTO RangeProj VALUES(0, 2410);
INSERT INTO Projection VALUES(2410, 2020, 4549, 70723, 6.4);
INSERT INTO RangeProj VALUES(0, 2411);
INSERT INTO Projection VALUES(2411, 2025, 5058, 73064, 6.9);
INSERT INTO RangeProj VALUES(0, 2412);
INSERT INTO Projection VALUES(2412, 2010, 4681, 65973, 7.1);
INSERT INTO RangeProj VALUES(0, 2413);
INSERT INTO Projection VALUES(2413, 2015, 4615, 68314, 6.8);
INSERT INTO RangeProj VALUES(0, 2414);
INSERT INTO Projection VALUES(2414, 2020, 4711, 70723, 6.7);
INSERT INTO RangeProj VALUES(0, 2415);
INSERT INTO Projection VALUES(2415, 2025, 4584, 73064, 6.3);
INSERT INTO RangeProj VALUES(0, 2416);
INSERT INTO Projection VALUES(2416, 2010, 4494, 65973, 6.8);
INSERT INTO RangeProj VALUES(0, 2417);
INSERT INTO Projection VALUES(2417, 2015, 4454, 68314, 6.5);
INSERT INTO RangeProj VALUES(0, 2418);
INSERT INTO Projection VALUES(2418, 2020, 4355, 70723, 6.2);
INSERT INTO RangeProj VALUES(0, 2419);
INSERT INTO Projection VALUES(2419, 2025, 4441, 73064, 6.1);
INSERT INTO RangeProj VALUES(0, 2420);
INSERT INTO Projection VALUES(2420, 2010, 4335, 65973, 6.6);
INSERT INTO RangeProj VALUES(0, 2421);
INSERT INTO Projection VALUES(2421, 2015, 4268, 68314, 6.2);
INSERT INTO RangeProj VALUES(0, 2422);
INSERT INTO Projection VALUES(2422, 2020, 4257, 70723, 6.0);
INSERT INTO RangeProj VALUES(0, 2423);
INSERT INTO Projection VALUES(2423, 2025, 4161, 73064, 5.7);
INSERT INTO RangeProj VALUES(0, 2424);
INSERT INTO Projection VALUES(2424, 2010, 4109, 65973, 6.2);
INSERT INTO RangeProj VALUES(0, 2425);
INSERT INTO Projection VALUES(2425, 2015, 4071, 68314, 6.0);
INSERT INTO RangeProj VALUES(0, 2426);
INSERT INTO Projection VALUES(2426, 2020, 4055, 70723, 5.7);
INSERT INTO RangeProj VALUES(0, 2427);
INSERT INTO Projection VALUES(2427, 2025, 4051, 73064, 5.5);
INSERT INTO RangeProj VALUES(0, 2428);
INSERT INTO Projection VALUES(2428, 2010, 3078, 65973, 4.7);
INSERT INTO RangeProj VALUES(0, 2429);
INSERT INTO Projection VALUES(2429, 2015, 3909, 68314, 5.7);
INSERT INTO RangeProj VALUES(0, 2430);
INSERT INTO Projection VALUES(2430, 2020, 3918, 70723, 5.5);
INSERT INTO RangeProj VALUES(0, 2431);
INSERT INTO Projection VALUES(2431, 2025, 3926, 73064, 5.4);
INSERT INTO RangeProj VALUES(0, 2432);
INSERT INTO Projection VALUES(2432, 2010, 2467, 65973, 3.7);
INSERT INTO RangeProj VALUES(0, 2433);
INSERT INTO Projection VALUES(2433, 2015, 2932, 68314, 4.3);
INSERT INTO RangeProj VALUES(0, 2434);
INSERT INTO Projection VALUES(2434, 2020, 3772, 70723, 5.3);
INSERT INTO RangeProj VALUES(0, 2435);
INSERT INTO Projection VALUES(2435, 2025, 3810, 73064, 5.2);
INSERT INTO RangeProj VALUES(0, 2436);
INSERT INTO Projection VALUES(2436, 2010, 2034, 65973, 3.1);
INSERT INTO RangeProj VALUES(0, 2437);
INSERT INTO Projection VALUES(2437, 2015, 2317, 68314, 3.4);
INSERT INTO RangeProj VALUES(0, 2438);
INSERT INTO Projection VALUES(2438, 2020, 2784, 70723, 3.9);
INSERT INTO RangeProj VALUES(0, 2439);
INSERT INTO Projection VALUES(2439, 2025, 3583, 73064, 4.9);
INSERT INTO RangeProj VALUES(0, 2440);
INSERT INTO Projection VALUES(2440, 2010, 1846, 65973, 2.8);
INSERT INTO RangeProj VALUES(0, 2441);
INSERT INTO Projection VALUES(2441, 2015, 1711, 68314, 2.5);
INSERT INTO RangeProj VALUES(0, 2442);
INSERT INTO Projection VALUES(2442, 2020, 1973, 70723, 2.8);
INSERT INTO RangeProj VALUES(0, 2443);
INSERT INTO Projection VALUES(2443, 2025, 2391, 73064, 3.3);
INSERT INTO RangeProj VALUES(0, 2444);
INSERT INTO Projection VALUES(2444, 2010, 2095, 65973, 3.2);
INSERT INTO RangeProj VALUES(0, 2445);
INSERT INTO Projection VALUES(2445, 2015, 2290, 68314, 3.4);
INSERT INTO RangeProj VALUES(0, 2446);
INSERT INTO Projection VALUES(2446, 2020, 2326, 70723, 3.3);
INSERT INTO RangeProj VALUES(0, 2447);
INSERT INTO Projection VALUES(2447, 2025, 2548, 73064, 3.5);
INSERT INTO SubRange VALUES(44340, 0);
INSERT INTO SubRange VALUES(44340, 1);
INSERT INTO SubRange VALUES(44340, 2);
INSERT INTO SubRange VALUES(44340, 3);
INSERT INTO SubRange VALUES(44340, 4);
INSERT INTO SubRange VALUES(44340, 5);
INSERT INTO SubRange VALUES(44340, 6);
INSERT INTO SubRange VALUES(44340, 7);
INSERT INTO SubRange VALUES(44340, 8);
INSERT INTO SubRange VALUES(44340, 9);
INSERT INTO SubRange VALUES(44340, 10);
INSERT INTO SubRange VALUES(44340, 11);
INSERT INTO SubRange VALUES(44340, 12);
commit;
INSERT INTO SubRange VALUES(44340, 13);
INSERT INTO SubRange VALUES(44340, 14);
INSERT INTO SubRange VALUES(44340, 15);
INSERT INTO SubRange VALUES(44340, 16);
INSERT INTO SubRange VALUES(44340, 17);
INSERT INTO Suburb VALUES(44550, 'Mount Barker');
INSERT INTO RangeProj VALUES(0, 2448);
INSERT INTO Projection VALUES(2448, 2010, 2032, 30344, 6.7);
INSERT INTO RangeProj VALUES(0, 2449);
INSERT INTO Projection VALUES(2449, 2015, 2239, 33794, 6.6);
INSERT INTO RangeProj VALUES(0, 2450);
INSERT INTO Projection VALUES(2450, 2020, 2435, 37240, 6.5);
INSERT INTO RangeProj VALUES(0, 2451);
INSERT INTO Projection VALUES(2451, 2025, 2594, 40644, 6.4);
INSERT INTO RangeProj VALUES(0, 2452);
INSERT INTO Projection VALUES(2452, 2010, 2127, 30344, 7.0);
INSERT INTO RangeProj VALUES(0, 2453);
INSERT INTO Projection VALUES(2453, 2015, 2334, 33794, 6.9);
INSERT INTO RangeProj VALUES(0, 2454);
INSERT INTO Projection VALUES(2454, 2020, 2545, 37240, 6.8);
INSERT INTO RangeProj VALUES(0, 2455);
INSERT INTO Projection VALUES(2455, 2025, 2728, 40644, 6.7);
INSERT INTO RangeProj VALUES(0, 2456);
INSERT INTO Projection VALUES(2456, 2010, 2307, 30344, 7.6);
INSERT INTO RangeProj VALUES(0, 2457);
INSERT INTO Projection VALUES(2457, 2015, 2328, 33794, 6.9);
INSERT INTO RangeProj VALUES(0, 2458);
INSERT INTO Projection VALUES(2458, 2020, 2557, 37240, 6.9);
INSERT INTO RangeProj VALUES(0, 2459);
INSERT INTO Projection VALUES(2459, 2025, 2775, 40644, 6.8);
INSERT INTO RangeProj VALUES(0, 2460);
INSERT INTO Projection VALUES(2460, 2010, 2140, 30344, 7.1);
INSERT INTO RangeProj VALUES(0, 2461);
INSERT INTO Projection VALUES(2461, 2015, 2283, 33794, 6.8);
INSERT INTO RangeProj VALUES(0, 2462);
INSERT INTO Projection VALUES(2462, 2020, 2301, 37240, 6.2);
INSERT INTO RangeProj VALUES(0, 2463);
INSERT INTO Projection VALUES(2463, 2025, 2523, 40644, 6.2);
INSERT INTO RangeProj VALUES(0, 2464);
INSERT INTO Projection VALUES(2464, 2010, 1889, 30344, 6.2);
INSERT INTO RangeProj VALUES(0, 2465);
INSERT INTO Projection VALUES(2465, 2015, 2006, 33794, 5.9);
INSERT INTO RangeProj VALUES(0, 2466);
INSERT INTO Projection VALUES(2466, 2020, 2094, 37240, 5.6);
INSERT INTO RangeProj VALUES(0, 2467);
INSERT INTO Projection VALUES(2467, 2025, 2118, 40644, 5.2);
INSERT INTO RangeProj VALUES(0, 2468);
INSERT INTO Projection VALUES(2468, 2010, 1825, 30344, 6.0);
INSERT INTO RangeProj VALUES(0, 2469);
INSERT INTO Projection VALUES(2469, 2015, 2163, 33794, 6.4);
INSERT INTO RangeProj VALUES(0, 2470);
INSERT INTO Projection VALUES(2470, 2020, 2305, 37240, 6.2);
INSERT INTO RangeProj VALUES(0, 2471);
INSERT INTO Projection VALUES(2471, 2025, 2375, 40644, 5.8);
INSERT INTO RangeProj VALUES(0, 2472);
INSERT INTO Projection VALUES(2472, 2010, 1904, 30344, 6.3);
INSERT INTO RangeProj VALUES(0, 2473);
INSERT INTO Projection VALUES(2473, 2015, 2283, 33794, 6.8);
INSERT INTO RangeProj VALUES(0, 2474);
INSERT INTO Projection VALUES(2474, 2020, 2593, 37240, 7.0);
INSERT INTO RangeProj VALUES(0, 2475);
INSERT INTO Projection VALUES(2475, 2025, 2756, 40644, 6.8);
INSERT INTO RangeProj VALUES(0, 2476);
INSERT INTO Projection VALUES(2476, 2010, 2184, 30344, 7.2);
INSERT INTO RangeProj VALUES(0, 2477);
INSERT INTO Projection VALUES(2477, 2015, 2126, 33794, 6.3);
INSERT INTO RangeProj VALUES(0, 2478);
INSERT INTO Projection VALUES(2478, 2020, 2509, 37240, 6.7);
INSERT INTO RangeProj VALUES(0, 2479);
INSERT INTO Projection VALUES(2479, 2025, 2784, 40644, 6.8);
INSERT INTO RangeProj VALUES(0, 2480);
INSERT INTO Projection VALUES(2480, 2010, 2433, 30344, 8.0);
INSERT INTO RangeProj VALUES(0, 2481);
INSERT INTO Projection VALUES(2481, 2015, 2472, 33794, 7.3);
INSERT INTO RangeProj VALUES(0, 2482);
INSERT INTO Projection VALUES(2482, 2020, 2436, 37240, 6.5);
INSERT INTO RangeProj VALUES(0, 2483);
INSERT INTO Projection VALUES(2483, 2025, 2816, 40644, 6.9);
INSERT INTO RangeProj VALUES(0, 2484);
INSERT INTO Projection VALUES(2484, 2010, 2294, 30344, 7.6);
INSERT INTO RangeProj VALUES(0, 2485);
INSERT INTO Projection VALUES(2485, 2015, 2535, 33794, 7.5);
INSERT INTO RangeProj VALUES(0, 2486);
INSERT INTO Projection VALUES(2486, 2020, 2610, 37240, 7.0);
INSERT INTO RangeProj VALUES(0, 2487);
INSERT INTO Projection VALUES(2487, 2025, 2592, 40644, 6.4);
INSERT INTO RangeProj VALUES(0, 2488);
INSERT INTO Projection VALUES(2488, 2010, 2115, 30344, 7.0);
INSERT INTO RangeProj VALUES(0, 2489);
INSERT INTO Projection VALUES(2489, 2015, 2326, 33794, 6.9);
INSERT INTO RangeProj VALUES(0, 2490);
INSERT INTO Projection VALUES(2490, 2020, 2528, 37240, 6.8);
INSERT INTO RangeProj VALUES(0, 2491);
INSERT INTO Projection VALUES(2491, 2025, 2610, 40644, 6.4);
INSERT INTO RangeProj VALUES(0, 2492);
INSERT INTO Projection VALUES(2492, 2010, 1891, 30344, 6.2);
INSERT INTO RangeProj VALUES(0, 2493);
INSERT INTO Projection VALUES(2493, 2015, 2113, 33794, 6.3);
INSERT INTO RangeProj VALUES(0, 2494);
INSERT INTO Projection VALUES(2494, 2020, 2326, 37240, 6.2);
INSERT INTO RangeProj VALUES(0, 2495);
commit;
INSERT INTO Projection VALUES(2495, 2025, 2497, 40644, 6.1);
INSERT INTO RangeProj VALUES(0, 2496);
INSERT INTO Projection VALUES(2496, 2010, 1711, 30344, 5.6);
INSERT INTO RangeProj VALUES(0, 2497);
INSERT INTO Projection VALUES(2497, 2015, 1907, 33794, 5.6);
INSERT INTO RangeProj VALUES(0, 2498);
INSERT INTO Projection VALUES(2498, 2020, 2130, 37240, 5.7);
INSERT INTO RangeProj VALUES(0, 2499);
INSERT INTO Projection VALUES(2499, 2025, 2349, 40644, 5.8);
INSERT INTO RangeProj VALUES(0, 2500);
INSERT INTO Projection VALUES(2500, 2010, 1119, 30344, 3.7);
INSERT INTO RangeProj VALUES(0, 2501);
INSERT INTO Projection VALUES(2501, 2015, 1644, 33794, 4.9);
INSERT INTO RangeProj VALUES(0, 2502);
INSERT INTO Projection VALUES(2502, 2020, 1847, 37240, 5.0);
INSERT INTO RangeProj VALUES(0, 2503);
INSERT INTO Projection VALUES(2503, 2025, 2075, 40644, 5.1);
INSERT INTO RangeProj VALUES(0, 2504);
INSERT INTO Projection VALUES(2504, 2010, 773, 30344, 2.5);
INSERT INTO RangeProj VALUES(0, 2505);
INSERT INTO Projection VALUES(2505, 2015, 1083, 33794, 3.2);
INSERT INTO RangeProj VALUES(0, 2506);
INSERT INTO Projection VALUES(2506, 2020, 1560, 37240, 4.2);
INSERT INTO RangeProj VALUES(0, 2507);
INSERT INTO Projection VALUES(2507, 2025, 1762, 40644, 4.3);
INSERT INTO RangeProj VALUES(0, 2508);
INSERT INTO Projection VALUES(2508, 2010, 608, 30344, 2.0);
INSERT INTO RangeProj VALUES(0, 2509);
INSERT INTO Projection VALUES(2509, 2015, 704, 33794, 2.1);
INSERT INTO RangeProj VALUES(0, 2510);
INSERT INTO Projection VALUES(2510, 2020, 977, 37240, 2.6);
INSERT INTO RangeProj VALUES(0, 2511);
INSERT INTO Projection VALUES(2511, 2025, 1399, 40644, 3.4);
INSERT INTO RangeProj VALUES(0, 2512);
INSERT INTO Projection VALUES(2512, 2010, 552, 30344, 1.8);
INSERT INTO RangeProj VALUES(0, 2513);
INSERT INTO Projection VALUES(2513, 2015, 614, 33794, 1.8);
INSERT INTO RangeProj VALUES(0, 2514);
INSERT INTO Projection VALUES(2514, 2020, 715, 37240, 1.9);
INSERT INTO RangeProj VALUES(0, 2515);
INSERT INTO Projection VALUES(2515, 2025, 971, 40644, 2.4);
INSERT INTO RangeProj VALUES(0, 2516);
INSERT INTO Projection VALUES(2516, 2010, 440, 30344, 1.5);
INSERT INTO RangeProj VALUES(0, 2517);
INSERT INTO Projection VALUES(2517, 2015, 634, 33794, 1.9);
INSERT INTO RangeProj VALUES(0, 2518);
INSERT INTO Projection VALUES(2518, 2020, 772, 37240, 2.1);
INSERT INTO RangeProj VALUES(0, 2519);
INSERT INTO Projection VALUES(2519, 2025, 920, 40644, 2.3);
INSERT INTO SubRange VALUES(44550, 0);
INSERT INTO SubRange VALUES(44550, 1);
INSERT INTO SubRange VALUES(44550, 2);
INSERT INTO SubRange VALUES(44550, 3);
INSERT INTO SubRange VALUES(44550, 4);
INSERT INTO SubRange VALUES(44550, 5);
INSERT INTO SubRange VALUES(44550, 6);
INSERT INTO SubRange VALUES(44550, 7);
INSERT INTO SubRange VALUES(44550, 8);
INSERT INTO SubRange VALUES(44550, 9);
INSERT INTO SubRange VALUES(44550, 10);
INSERT INTO SubRange VALUES(44550, 11);
INSERT INTO SubRange VALUES(44550, 12);
INSERT INTO SubRange VALUES(44550, 13);
INSERT INTO SubRange VALUES(44550, 14);
INSERT INTO SubRange VALUES(44550, 15);
INSERT INTO SubRange VALUES(44550, 16);
INSERT INTO SubRange VALUES(44550, 17);
INSERT INTO Suburb VALUES(44620, 'Mount Gambier');
INSERT INTO RangeProj VALUES(0, 2520);
INSERT INTO Projection VALUES(2520, 2010, 1677, 25239, 6.6);
INSERT INTO RangeProj VALUES(0, 2521);
INSERT INTO Projection VALUES(2521, 2015, 1714, 26245, 6.5);
INSERT INTO RangeProj VALUES(0, 2522);
INSERT INTO Projection VALUES(2522, 2020, 1712, 27152, 6.3);
INSERT INTO RangeProj VALUES(0, 2523);
INSERT INTO Projection VALUES(2523, 2025, 1695, 27946, 6.1);
INSERT INTO RangeProj VALUES(0, 2524);
INSERT INTO Projection VALUES(2524, 2010, 1660, 25239, 6.6);
INSERT INTO RangeProj VALUES(0, 2525);
INSERT INTO Projection VALUES(2525, 2015, 1648, 26245, 6.3);
INSERT INTO RangeProj VALUES(0, 2526);
INSERT INTO Projection VALUES(2526, 2020, 1684, 27152, 6.2);
INSERT INTO RangeProj VALUES(0, 2527);
INSERT INTO Projection VALUES(2527, 2025, 1694, 27946, 6.1);
INSERT INTO RangeProj VALUES(0, 2528);
INSERT INTO Projection VALUES(2528, 2010, 1616, 25239, 6.4);
INSERT INTO RangeProj VALUES(0, 2529);
INSERT INTO Projection VALUES(2529, 2015, 1611, 26245, 6.1);
INSERT INTO RangeProj VALUES(0, 2530);
INSERT INTO Projection VALUES(2530, 2020, 1622, 27152, 6.0);
INSERT INTO RangeProj VALUES(0, 2531);
INSERT INTO Projection VALUES(2531, 2025, 1657, 27946, 5.9);
INSERT INTO RangeProj VALUES(0, 2532);
INSERT INTO Projection VALUES(2532, 2010, 1706, 25239, 6.8);
INSERT INTO RangeProj VALUES(0, 2533);
INSERT INTO Projection VALUES(2533, 2015, 1607, 26245, 6.1);
INSERT INTO RangeProj VALUES(0, 2534);
INSERT INTO Projection VALUES(2534, 2020, 1578, 27152, 5.8);
INSERT INTO RangeProj VALUES(0, 2535);
INSERT INTO Projection VALUES(2535, 2025, 1611, 27946, 5.8);
INSERT INTO RangeProj VALUES(0, 2536);
commit;
INSERT INTO Projection VALUES(2536, 2010, 1734, 25239, 6.9);
INSERT INTO RangeProj VALUES(0, 2537);
INSERT INTO Projection VALUES(2537, 2015, 1717, 26245, 6.5);
INSERT INTO RangeProj VALUES(0, 2538);
INSERT INTO Projection VALUES(2538, 2020, 1643, 27152, 6.1);
INSERT INTO RangeProj VALUES(0, 2539);
INSERT INTO Projection VALUES(2539, 2025, 1588, 27946, 5.7);
INSERT INTO RangeProj VALUES(0, 2540);
INSERT INTO Projection VALUES(2540, 2010, 1823, 25239, 7.2);
INSERT INTO RangeProj VALUES(0, 2541);
INSERT INTO Projection VALUES(2541, 2015, 1905, 26245, 7.3);
INSERT INTO RangeProj VALUES(0, 2542);
INSERT INTO Projection VALUES(2542, 2020, 1890, 27152, 7.0);
INSERT INTO RangeProj VALUES(0, 2543);
INSERT INTO Projection VALUES(2543, 2025, 1824, 27946, 6.5);
INSERT INTO RangeProj VALUES(0, 2544);
INSERT INTO Projection VALUES(2544, 2010, 1471, 25239, 5.8);
INSERT INTO RangeProj VALUES(0, 2545);
INSERT INTO Projection VALUES(2545, 2015, 1673, 26245, 6.4);
INSERT INTO RangeProj VALUES(0, 2546);
INSERT INTO Projection VALUES(2546, 2020, 1746, 27152, 6.4);
INSERT INTO RangeProj VALUES(0, 2547);
INSERT INTO Projection VALUES(2547, 2025, 1731, 27946, 6.2);
INSERT INTO RangeProj VALUES(0, 2548);
INSERT INTO Projection VALUES(2548, 2010, 1658, 25239, 6.6);
INSERT INTO RangeProj VALUES(0, 2549);
INSERT INTO Projection VALUES(2549, 2015, 1450, 26245, 5.5);
INSERT INTO RangeProj VALUES(0, 2550);
INSERT INTO Projection VALUES(2550, 2020, 1627, 27152, 6.0);
INSERT INTO RangeProj VALUES(0, 2551);
INSERT INTO Projection VALUES(2551, 2025, 1683, 27946, 6.0);
INSERT INTO RangeProj VALUES(0, 2552);
INSERT INTO Projection VALUES(2552, 2010, 1732, 25239, 6.9);
INSERT INTO RangeProj VALUES(0, 2553);
INSERT INTO Projection VALUES(2553, 2015, 1704, 26245, 6.5);
INSERT INTO RangeProj VALUES(0, 2554);
INSERT INTO Projection VALUES(2554, 2020, 1533, 27152, 5.6);
INSERT INTO RangeProj VALUES(0, 2555);
INSERT INTO Projection VALUES(2555, 2025, 1691, 27946, 6.1);
INSERT INTO RangeProj VALUES(0, 2556);
INSERT INTO Projection VALUES(2556, 2010, 1819, 25239, 7.2);
INSERT INTO RangeProj VALUES(0, 2557);
INSERT INTO Projection VALUES(2557, 2015, 1785, 26245, 6.8);
INSERT INTO RangeProj VALUES(0, 2558);
INSERT INTO Projection VALUES(2558, 2020, 1763, 27152, 6.5);
INSERT INTO RangeProj VALUES(0, 2559);
INSERT INTO Projection VALUES(2559, 2025, 1598, 27946, 5.7);
INSERT INTO RangeProj VALUES(0, 2560);
INSERT INTO Projection VALUES(2560, 2010, 1713, 25239, 6.8);
INSERT INTO RangeProj VALUES(0, 2561);
INSERT INTO Projection VALUES(2561, 2015, 1803, 26245, 6.9);
INSERT INTO RangeProj VALUES(0, 2562);
INSERT INTO Projection VALUES(2562, 2020, 1767, 27152, 6.5);
INSERT INTO RangeProj VALUES(0, 2563);
INSERT INTO Projection VALUES(2563, 2025, 1753, 27946, 6.3);
INSERT INTO RangeProj VALUES(0, 2564);
INSERT INTO Projection VALUES(2564, 2010, 1495, 25239, 5.9);
INSERT INTO RangeProj VALUES(0, 2565);
INSERT INTO Projection VALUES(2565, 2015, 1627, 26245, 6.2);
INSERT INTO RangeProj VALUES(0, 2566);
INSERT INTO Projection VALUES(2566, 2020, 1713, 27152, 6.3);
INSERT INTO RangeProj VALUES(0, 2567);
INSERT INTO Projection VALUES(2567, 2025, 1674, 27946, 6.0);
INSERT INTO RangeProj VALUES(0, 2568);
INSERT INTO Projection VALUES(2568, 2010, 1350, 25239, 5.3);
INSERT INTO RangeProj VALUES(0, 2569);
INSERT INTO Projection VALUES(2569, 2015, 1480, 26245, 5.6);
INSERT INTO RangeProj VALUES(0, 2570);
INSERT INTO Projection VALUES(2570, 2020, 1600, 27152, 5.9);
INSERT INTO RangeProj VALUES(0, 2571);
INSERT INTO Projection VALUES(2571, 2025, 1695, 27946, 6.1);
INSERT INTO RangeProj VALUES(0, 2572);
INSERT INTO Projection VALUES(2572, 2010, 1035, 25239, 4.1);
INSERT INTO RangeProj VALUES(0, 2573);
INSERT INTO Projection VALUES(2573, 2015, 1353, 26245, 5.2);
INSERT INTO RangeProj VALUES(0, 2574);
INSERT INTO Projection VALUES(2574, 2020, 1477, 27152, 5.4);
INSERT INTO RangeProj VALUES(0, 2575);
INSERT INTO Projection VALUES(2575, 2025, 1594, 27946, 5.7);
INSERT INTO RangeProj VALUES(0, 2576);
INSERT INTO Projection VALUES(2576, 2010, 870, 25239, 3.4);
INSERT INTO RangeProj VALUES(0, 2577);
INSERT INTO Projection VALUES(2577, 2015, 1025, 26245, 3.9);
INSERT INTO RangeProj VALUES(0, 2578);
INSERT INTO Projection VALUES(2578, 2020, 1327, 27152, 4.9);
INSERT INTO RangeProj VALUES(0, 2579);
INSERT INTO Projection VALUES(2579, 2025, 1452, 27946, 5.2);
INSERT INTO RangeProj VALUES(0, 2580);
INSERT INTO Projection VALUES(2580, 2010, 778, 25239, 3.1);
INSERT INTO RangeProj VALUES(0, 2581);
INSERT INTO Projection VALUES(2581, 2015, 853, 26245, 3.3);
INSERT INTO RangeProj VALUES(0, 2582);
INSERT INTO Projection VALUES(2582, 2020, 1006, 27152, 3.7);
INSERT INTO RangeProj VALUES(0, 2583);
INSERT INTO Projection VALUES(2583, 2025, 1295, 27946, 4.6);
INSERT INTO RangeProj VALUES(0, 2584);
INSERT INTO Projection VALUES(2584, 2010, 590, 25239, 2.3);
INSERT INTO RangeProj VALUES(0, 2585);
INSERT INTO Projection VALUES(2585, 2015, 670, 26245, 2.6);
INSERT INTO RangeProj VALUES(0, 2586);
INSERT INTO Projection VALUES(2586, 2020, 750, 27152, 2.8);
commit;
INSERT INTO RangeProj VALUES(0, 2587);
INSERT INTO Projection VALUES(2587, 2025, 884, 27946, 3.2);
INSERT INTO RangeProj VALUES(0, 2588);
INSERT INTO Projection VALUES(2588, 2010, 512, 25239, 2.0);
INSERT INTO RangeProj VALUES(0, 2589);
INSERT INTO Projection VALUES(2589, 2015, 620, 26245, 2.4);
INSERT INTO RangeProj VALUES(0, 2590);
INSERT INTO Projection VALUES(2590, 2020, 714, 27152, 2.6);
INSERT INTO RangeProj VALUES(0, 2591);
INSERT INTO Projection VALUES(2591, 2025, 827, 27946, 3.0);
INSERT INTO SubRange VALUES(44620, 0);
INSERT INTO SubRange VALUES(44620, 1);
INSERT INTO SubRange VALUES(44620, 2);
INSERT INTO SubRange VALUES(44620, 3);
INSERT INTO SubRange VALUES(44620, 4);
INSERT INTO SubRange VALUES(44620, 5);
INSERT INTO SubRange VALUES(44620, 6);
INSERT INTO SubRange VALUES(44620, 7);
INSERT INTO SubRange VALUES(44620, 8);
INSERT INTO SubRange VALUES(44620, 9);
INSERT INTO SubRange VALUES(44620, 10);
INSERT INTO SubRange VALUES(44620, 11);
INSERT INTO SubRange VALUES(44620, 12);
INSERT INTO SubRange VALUES(44620, 13);
INSERT INTO SubRange VALUES(44620, 14);
INSERT INTO SubRange VALUES(44620, 15);
INSERT INTO SubRange VALUES(44620, 16);
INSERT INTO SubRange VALUES(44620, 17);
INSERT INTO Suburb VALUES(44830, 'Mount Remarkable');
INSERT INTO RangeProj VALUES(0, 2592);
INSERT INTO Projection VALUES(2592, 2010, 174, 2920, 6.0);
INSERT INTO RangeProj VALUES(0, 2593);
INSERT INTO Projection VALUES(2593, 2015, 158, 2890, 5.5);
INSERT INTO RangeProj VALUES(0, 2594);
INSERT INTO Projection VALUES(2594, 2020, 151, 2848, 5.3);
INSERT INTO RangeProj VALUES(0, 2595);
INSERT INTO Projection VALUES(2595, 2025, 137, 2785, 4.9);
INSERT INTO RangeProj VALUES(0, 2596);
INSERT INTO Projection VALUES(2596, 2010, 147, 2920, 5.0);
INSERT INTO RangeProj VALUES(0, 2597);
INSERT INTO Projection VALUES(2597, 2015, 172, 2890, 6.0);
INSERT INTO RangeProj VALUES(0, 2598);
INSERT INTO Projection VALUES(2598, 2020, 159, 2848, 5.6);
INSERT INTO RangeProj VALUES(0, 2599);
INSERT INTO Projection VALUES(2599, 2025, 155, 2785, 5.6);
INSERT INTO RangeProj VALUES(0, 2600);
INSERT INTO Projection VALUES(2600, 2010, 204, 2920, 7.0);
INSERT INTO RangeProj VALUES(0, 2601);
INSERT INTO Projection VALUES(2601, 2015, 161, 2890, 5.6);
INSERT INTO RangeProj VALUES(0, 2602);
INSERT INTO Projection VALUES(2602, 2020, 176, 2848, 6.2);
INSERT INTO RangeProj VALUES(0, 2603);
INSERT INTO Projection VALUES(2603, 2025, 165, 2785, 5.9);
INSERT INTO RangeProj VALUES(0, 2604);
INSERT INTO Projection VALUES(2604, 2010, 157, 2920, 5.4);
INSERT INTO RangeProj VALUES(0, 2605);
INSERT INTO Projection VALUES(2605, 2015, 152, 2890, 5.3);
INSERT INTO RangeProj VALUES(0, 2606);
INSERT INTO Projection VALUES(2606, 2020, 122, 2848, 4.3);
INSERT INTO RangeProj VALUES(0, 2607);
INSERT INTO Projection VALUES(2607, 2025, 129, 2785, 4.6);
INSERT INTO RangeProj VALUES(0, 2608);
INSERT INTO Projection VALUES(2608, 2010, 73, 2920, 2.5);
INSERT INTO RangeProj VALUES(0, 2609);
INSERT INTO Projection VALUES(2609, 2015, 62, 2890, 2.1);
INSERT INTO RangeProj VALUES(0, 2610);
INSERT INTO Projection VALUES(2610, 2020, 56, 2848, 2.0);
INSERT INTO RangeProj VALUES(0, 2611);
INSERT INTO Projection VALUES(2611, 2025, 46, 2785, 1.7);
INSERT INTO RangeProj VALUES(0, 2612);
INSERT INTO Projection VALUES(2612, 2010, 108, 2920, 3.7);
INSERT INTO RangeProj VALUES(0, 2613);
INSERT INTO Projection VALUES(2613, 2015, 109, 2890, 3.8);
INSERT INTO RangeProj VALUES(0, 2614);
INSERT INTO Projection VALUES(2614, 2020, 97, 2848, 3.4);
INSERT INTO RangeProj VALUES(0, 2615);
INSERT INTO Projection VALUES(2615, 2025, 86, 2785, 3.1);
INSERT INTO RangeProj VALUES(0, 2616);
INSERT INTO Projection VALUES(2616, 2010, 118, 2920, 4.0);
INSERT INTO RangeProj VALUES(0, 2617);
INSERT INTO Projection VALUES(2617, 2015, 121, 2890, 4.2);
INSERT INTO RangeProj VALUES(0, 2618);
INSERT INTO Projection VALUES(2618, 2020, 118, 2848, 4.1);
INSERT INTO RangeProj VALUES(0, 2619);
INSERT INTO Projection VALUES(2619, 2025, 110, 2785, 3.9);
INSERT INTO RangeProj VALUES(0, 2620);
INSERT INTO Projection VALUES(2620, 2010, 121, 2920, 4.1);
INSERT INTO RangeProj VALUES(0, 2621);
INSERT INTO Projection VALUES(2621, 2015, 104, 2890, 3.6);
INSERT INTO RangeProj VALUES(0, 2622);
INSERT INTO Projection VALUES(2622, 2020, 109, 2848, 3.8);
INSERT INTO RangeProj VALUES(0, 2623);
INSERT INTO Projection VALUES(2623, 2025, 106, 2785, 3.8);
INSERT INTO RangeProj VALUES(0, 2624);
INSERT INTO Projection VALUES(2624, 2010, 194, 2920, 6.6);
INSERT INTO RangeProj VALUES(0, 2625);
INSERT INTO Projection VALUES(2625, 2015, 141, 2890, 4.9);
INSERT INTO RangeProj VALUES(0, 2626);
INSERT INTO Projection VALUES(2626, 2020, 125, 2848, 4.4);
INSERT INTO RangeProj VALUES(0, 2627);
INSERT INTO Projection VALUES(2627, 2025, 128, 2785, 4.6);
commit;
INSERT INTO RangeProj VALUES(0, 2628);
INSERT INTO Projection VALUES(2628, 2010, 264, 2920, 9.0);
INSERT INTO RangeProj VALUES(0, 2629);
INSERT INTO Projection VALUES(2629, 2015, 220, 2890, 7.6);
INSERT INTO RangeProj VALUES(0, 2630);
INSERT INTO Projection VALUES(2630, 2020, 175, 2848, 6.1);
INSERT INTO RangeProj VALUES(0, 2631);
INSERT INTO Projection VALUES(2631, 2025, 157, 2785, 5.6);
INSERT INTO RangeProj VALUES(0, 2632);
INSERT INTO Projection VALUES(2632, 2010, 259, 2920, 8.9);
INSERT INTO RangeProj VALUES(0, 2633);
INSERT INTO Projection VALUES(2633, 2015, 259, 2890, 9.0);
INSERT INTO RangeProj VALUES(0, 2634);
INSERT INTO Projection VALUES(2634, 2020, 220, 2848, 7.7);
INSERT INTO RangeProj VALUES(0, 2635);
INSERT INTO Projection VALUES(2635, 2025, 183, 2785, 6.6);
INSERT INTO RangeProj VALUES(0, 2636);
INSERT INTO Projection VALUES(2636, 2010, 296, 2920, 10.1);
INSERT INTO RangeProj VALUES(0, 2637);
INSERT INTO Projection VALUES(2637, 2015, 309, 2890, 10.7);
INSERT INTO RangeProj VALUES(0, 2638);
INSERT INTO Projection VALUES(2638, 2020, 304, 2848, 10.7);
INSERT INTO RangeProj VALUES(0, 2639);
INSERT INTO Projection VALUES(2639, 2025, 264, 2785, 9.5);
INSERT INTO RangeProj VALUES(0, 2640);
INSERT INTO Projection VALUES(2640, 2010, 222, 2920, 7.6);
INSERT INTO RangeProj VALUES(0, 2641);
INSERT INTO Projection VALUES(2641, 2015, 282, 2890, 9.8);
INSERT INTO RangeProj VALUES(0, 2642);
INSERT INTO Projection VALUES(2642, 2020, 290, 2848, 10.2);
INSERT INTO RangeProj VALUES(0, 2643);
INSERT INTO Projection VALUES(2643, 2025, 285, 2785, 10.2);
INSERT INTO RangeProj VALUES(0, 2644);
INSERT INTO Projection VALUES(2644, 2010, 188, 2920, 6.4);
INSERT INTO RangeProj VALUES(0, 2645);
INSERT INTO Projection VALUES(2645, 2015, 203, 2890, 7.0);
INSERT INTO RangeProj VALUES(0, 2646);
INSERT INTO Projection VALUES(2646, 2020, 253, 2848, 8.9);
INSERT INTO RangeProj VALUES(0, 2647);
INSERT INTO Projection VALUES(2647, 2025, 258, 2785, 9.3);
INSERT INTO RangeProj VALUES(0, 2648);
INSERT INTO Projection VALUES(2648, 2010, 126, 2920, 4.3);
INSERT INTO RangeProj VALUES(0, 2649);
INSERT INTO Projection VALUES(2649, 2015, 149, 2890, 5.2);
INSERT INTO RangeProj VALUES(0, 2650);
INSERT INTO Projection VALUES(2650, 2020, 168, 2848, 5.9);
INSERT INTO RangeProj VALUES(0, 2651);
INSERT INTO Projection VALUES(2651, 2025, 199, 2785, 7.1);
INSERT INTO RangeProj VALUES(0, 2652);
INSERT INTO Projection VALUES(2652, 2010, 114, 2920, 3.9);
INSERT INTO RangeProj VALUES(0, 2653);
INSERT INTO Projection VALUES(2653, 2015, 114, 2890, 3.9);
INSERT INTO RangeProj VALUES(0, 2654);
INSERT INTO Projection VALUES(2654, 2020, 135, 2848, 4.7);
INSERT INTO RangeProj VALUES(0, 2655);
INSERT INTO Projection VALUES(2655, 2025, 155, 2785, 5.6);
INSERT INTO RangeProj VALUES(0, 2656);
INSERT INTO Projection VALUES(2656, 2010, 86, 2920, 2.9);
INSERT INTO RangeProj VALUES(0, 2657);
INSERT INTO Projection VALUES(2657, 2015, 86, 2890, 3.0);
INSERT INTO RangeProj VALUES(0, 2658);
INSERT INTO Projection VALUES(2658, 2020, 95, 2848, 3.3);
INSERT INTO RangeProj VALUES(0, 2659);
INSERT INTO Projection VALUES(2659, 2025, 111, 2785, 4.0);
INSERT INTO RangeProj VALUES(0, 2660);
INSERT INTO Projection VALUES(2660, 2010, 69, 2920, 2.4);
INSERT INTO RangeProj VALUES(0, 2661);
INSERT INTO Projection VALUES(2661, 2015, 88, 2890, 3.0);
INSERT INTO RangeProj VALUES(0, 2662);
INSERT INTO Projection VALUES(2662, 2020, 95, 2848, 3.3);
INSERT INTO RangeProj VALUES(0, 2663);
INSERT INTO Projection VALUES(2663, 2025, 111, 2785, 4.0);
INSERT INTO SubRange VALUES(44830, 0);
INSERT INTO SubRange VALUES(44830, 1);
INSERT INTO SubRange VALUES(44830, 2);
INSERT INTO SubRange VALUES(44830, 3);
INSERT INTO SubRange VALUES(44830, 4);
INSERT INTO SubRange VALUES(44830, 5);
INSERT INTO SubRange VALUES(44830, 6);
INSERT INTO SubRange VALUES(44830, 7);
INSERT INTO SubRange VALUES(44830, 8);
INSERT INTO SubRange VALUES(44830, 9);
INSERT INTO SubRange VALUES(44830, 10);
INSERT INTO SubRange VALUES(44830, 11);
INSERT INTO SubRange VALUES(44830, 12);
INSERT INTO SubRange VALUES(44830, 13);
INSERT INTO SubRange VALUES(44830, 14);
INSERT INTO SubRange VALUES(44830, 15);
INSERT INTO SubRange VALUES(44830, 16);
INSERT INTO SubRange VALUES(44830, 17);
INSERT INTO Suburb VALUES(45040, 'Murray Bridge');
INSERT INTO RangeProj VALUES(0, 2664);
INSERT INTO Projection VALUES(2664, 2010, 1255, 19370, 6.5);
INSERT INTO RangeProj VALUES(0, 2665);
INSERT INTO Projection VALUES(2665, 2015, 1313, 20614, 6.4);
INSERT INTO RangeProj VALUES(0, 2666);
INSERT INTO Projection VALUES(2666, 2020, 1341, 21803, 6.2);
INSERT INTO RangeProj VALUES(0, 2667);
INSERT INTO Projection VALUES(2667, 2025, 1359, 22899, 5.9);
INSERT INTO RangeProj VALUES(0, 2668);
INSERT INTO Projection VALUES(2668, 2010, 1085, 19370, 5.6);
commit;
INSERT INTO RangeProj VALUES(0, 2669);
INSERT INTO Projection VALUES(2669, 2015, 1246, 20614, 6.0);
INSERT INTO RangeProj VALUES(0, 2670);
INSERT INTO Projection VALUES(2670, 2020, 1306, 21803, 6.0);
INSERT INTO RangeProj VALUES(0, 2671);
INSERT INTO Projection VALUES(2671, 2025, 1332, 22899, 5.8);
INSERT INTO RangeProj VALUES(0, 2672);
INSERT INTO Projection VALUES(2672, 2010, 1326, 19370, 6.8);
INSERT INTO RangeProj VALUES(0, 2673);
INSERT INTO Projection VALUES(2673, 2015, 1163, 20614, 5.6);
INSERT INTO RangeProj VALUES(0, 2674);
INSERT INTO Projection VALUES(2674, 2020, 1295, 21803, 5.9);
INSERT INTO RangeProj VALUES(0, 2675);
INSERT INTO Projection VALUES(2675, 2025, 1355, 22899, 5.9);
INSERT INTO RangeProj VALUES(0, 2676);
INSERT INTO Projection VALUES(2676, 2010, 1339, 19370, 6.9);
INSERT INTO RangeProj VALUES(0, 2677);
INSERT INTO Projection VALUES(2677, 2015, 1306, 20614, 6.3);
INSERT INTO RangeProj VALUES(0, 2678);
INSERT INTO Projection VALUES(2678, 2020, 1191, 21803, 5.5);
INSERT INTO RangeProj VALUES(0, 2679);
INSERT INTO Projection VALUES(2679, 2025, 1294, 22899, 5.7);
INSERT INTO RangeProj VALUES(0, 2680);
INSERT INTO Projection VALUES(2680, 2010, 1157, 19370, 6.0);
INSERT INTO RangeProj VALUES(0, 2681);
INSERT INTO Projection VALUES(2681, 2015, 1241, 20614, 6.0);
INSERT INTO RangeProj VALUES(0, 2682);
INSERT INTO Projection VALUES(2682, 2020, 1212, 21803, 5.6);
INSERT INTO RangeProj VALUES(0, 2683);
INSERT INTO Projection VALUES(2683, 2025, 1139, 22899, 5.0);
INSERT INTO RangeProj VALUES(0, 2684);
INSERT INTO Projection VALUES(2684, 2010, 1144, 19370, 5.9);
INSERT INTO RangeProj VALUES(0, 2685);
INSERT INTO Projection VALUES(2685, 2015, 1220, 20614, 5.9);
INSERT INTO RangeProj VALUES(0, 2686);
INSERT INTO Projection VALUES(2686, 2020, 1270, 21803, 5.8);
INSERT INTO RangeProj VALUES(0, 2687);
INSERT INTO Projection VALUES(2687, 2025, 1245, 22899, 5.4);
INSERT INTO RangeProj VALUES(0, 2688);
INSERT INTO Projection VALUES(2688, 2010, 1019, 19370, 5.3);
INSERT INTO RangeProj VALUES(0, 2689);
INSERT INTO Projection VALUES(2689, 2015, 1160, 20614, 5.6);
INSERT INTO RangeProj VALUES(0, 2690);
INSERT INTO Projection VALUES(2690, 2020, 1226, 21803, 5.6);
INSERT INTO RangeProj VALUES(0, 2691);
INSERT INTO Projection VALUES(2691, 2025, 1260, 22899, 5.5);
INSERT INTO RangeProj VALUES(0, 2692);
INSERT INTO Projection VALUES(2692, 2010, 1241, 19370, 6.4);
INSERT INTO RangeProj VALUES(0, 2693);
INSERT INTO Projection VALUES(2693, 2015, 1135, 20614, 5.5);
INSERT INTO RangeProj VALUES(0, 2694);
INSERT INTO Projection VALUES(2694, 2020, 1264, 21803, 5.8);
INSERT INTO RangeProj VALUES(0, 2695);
INSERT INTO Projection VALUES(2695, 2025, 1335, 22899, 5.8);
INSERT INTO RangeProj VALUES(0, 2696);
INSERT INTO Projection VALUES(2696, 2010, 1450, 19370, 7.5);
INSERT INTO RangeProj VALUES(0, 2697);
INSERT INTO Projection VALUES(2697, 2015, 1395, 20614, 6.8);
INSERT INTO RangeProj VALUES(0, 2698);
INSERT INTO Projection VALUES(2698, 2020, 1311, 21803, 6.0);
INSERT INTO RangeProj VALUES(0, 2699);
INSERT INTO Projection VALUES(2699, 2025, 1442, 22899, 6.3);
INSERT INTO RangeProj VALUES(0, 2700);
INSERT INTO Projection VALUES(2700, 2010, 1398, 19370, 7.2);
INSERT INTO RangeProj VALUES(0, 2701);
INSERT INTO Projection VALUES(2701, 2015, 1485, 20614, 7.2);
INSERT INTO RangeProj VALUES(0, 2702);
INSERT INTO Projection VALUES(2702, 2020, 1452, 21803, 6.7);
INSERT INTO RangeProj VALUES(0, 2703);
INSERT INTO Projection VALUES(2703, 2025, 1371, 22899, 6.0);
INSERT INTO RangeProj VALUES(0, 2704);
INSERT INTO Projection VALUES(2704, 2010, 1255, 19370, 6.5);
INSERT INTO RangeProj VALUES(0, 2705);
INSERT INTO Projection VALUES(2705, 2015, 1394, 20614, 6.8);
INSERT INTO RangeProj VALUES(0, 2706);
INSERT INTO Projection VALUES(2706, 2020, 1452, 21803, 6.7);
INSERT INTO RangeProj VALUES(0, 2707);
INSERT INTO Projection VALUES(2707, 2025, 1447, 22899, 6.3);
INSERT INTO RangeProj VALUES(0, 2708);
INSERT INTO Projection VALUES(2708, 2010, 1170, 19370, 6.0);
INSERT INTO RangeProj VALUES(0, 2709);
INSERT INTO Projection VALUES(2709, 2015, 1314, 20614, 6.4);
INSERT INTO RangeProj VALUES(0, 2710);
INSERT INTO Projection VALUES(2710, 2020, 1452, 21803, 6.7);
INSERT INTO RangeProj VALUES(0, 2711);
INSERT INTO Projection VALUES(2711, 2025, 1482, 22899, 6.5);
INSERT INTO RangeProj VALUES(0, 2712);
INSERT INTO Projection VALUES(2712, 2010, 1143, 19370, 5.9);
INSERT INTO RangeProj VALUES(0, 2713);
INSERT INTO Projection VALUES(2713, 2015, 1196, 20614, 5.8);
INSERT INTO RangeProj VALUES(0, 2714);
INSERT INTO Projection VALUES(2714, 2020, 1339, 21803, 6.1);
INSERT INTO RangeProj VALUES(0, 2715);
INSERT INTO Projection VALUES(2715, 2025, 1466, 22899, 6.4);
INSERT INTO RangeProj VALUES(0, 2716);
INSERT INTO Projection VALUES(2716, 2010, 1027, 19370, 5.3);
INSERT INTO RangeProj VALUES(0, 2717);
INSERT INTO Projection VALUES(2717, 2015, 1190, 20614, 5.8);
INSERT INTO RangeProj VALUES(0, 2718);
INSERT INTO Projection VALUES(2718, 2020, 1251, 21803, 5.7);
INSERT INTO RangeProj VALUES(0, 2719);
commit;
INSERT INTO Projection VALUES(2719, 2025, 1393, 22899, 6.1);
INSERT INTO RangeProj VALUES(0, 2720);
INSERT INTO Projection VALUES(2720, 2010, 815, 19370, 4.2);
INSERT INTO RangeProj VALUES(0, 2721);
INSERT INTO Projection VALUES(2721, 2015, 1023, 20614, 5.0);
INSERT INTO RangeProj VALUES(0, 2722);
INSERT INTO Projection VALUES(2722, 2020, 1214, 21803, 5.6);
INSERT INTO RangeProj VALUES(0, 2723);
INSERT INTO Projection VALUES(2723, 2025, 1265, 22899, 5.5);
INSERT INTO RangeProj VALUES(0, 2724);
INSERT INTO Projection VALUES(2724, 2010, 623, 19370, 3.2);
INSERT INTO RangeProj VALUES(0, 2725);
INSERT INTO Projection VALUES(2725, 2015, 765, 20614, 3.7);
INSERT INTO RangeProj VALUES(0, 2726);
INSERT INTO Projection VALUES(2726, 2020, 958, 21803, 4.4);
INSERT INTO RangeProj VALUES(0, 2727);
INSERT INTO Projection VALUES(2727, 2025, 1142, 22899, 5.0);
INSERT INTO RangeProj VALUES(0, 2728);
INSERT INTO Projection VALUES(2728, 2010, 481, 19370, 2.5);
INSERT INTO RangeProj VALUES(0, 2729);
INSERT INTO Projection VALUES(2729, 2015, 525, 20614, 2.5);
INSERT INTO RangeProj VALUES(0, 2730);
INSERT INTO Projection VALUES(2730, 2020, 645, 21803, 3.0);
INSERT INTO RangeProj VALUES(0, 2731);
INSERT INTO Projection VALUES(2731, 2025, 829, 22899, 3.6);
INSERT INTO RangeProj VALUES(0, 2732);
INSERT INTO Projection VALUES(2732, 2010, 442, 19370, 2.3);
INSERT INTO RangeProj VALUES(0, 2733);
INSERT INTO Projection VALUES(2733, 2015, 543, 20614, 2.6);
INSERT INTO RangeProj VALUES(0, 2734);
INSERT INTO Projection VALUES(2734, 2020, 624, 21803, 2.9);
INSERT INTO RangeProj VALUES(0, 2735);
INSERT INTO Projection VALUES(2735, 2025, 743, 22899, 3.2);
INSERT INTO SubRange VALUES(45040, 0);
INSERT INTO SubRange VALUES(45040, 1);
INSERT INTO SubRange VALUES(45040, 2);
INSERT INTO SubRange VALUES(45040, 3);
INSERT INTO SubRange VALUES(45040, 4);
INSERT INTO SubRange VALUES(45040, 5);
INSERT INTO SubRange VALUES(45040, 6);
INSERT INTO SubRange VALUES(45040, 7);
INSERT INTO SubRange VALUES(45040, 8);
INSERT INTO SubRange VALUES(45040, 9);
INSERT INTO SubRange VALUES(45040, 10);
INSERT INTO SubRange VALUES(45040, 11);
INSERT INTO SubRange VALUES(45040, 12);
INSERT INTO SubRange VALUES(45040, 13);
INSERT INTO SubRange VALUES(45040, 14);
INSERT INTO SubRange VALUES(45040, 15);
INSERT INTO SubRange VALUES(45040, 16);
INSERT INTO SubRange VALUES(45040, 17);
INSERT INTO Suburb VALUES(45090, 'Naracoorte and Lucindale');
INSERT INTO RangeProj VALUES(0, 2736);
INSERT INTO Projection VALUES(2736, 2010, 555, 8344, 6.7);
INSERT INTO RangeProj VALUES(0, 2737);
INSERT INTO Projection VALUES(2737, 2015, 532, 8440, 6.3);
INSERT INTO RangeProj VALUES(0, 2738);
INSERT INTO Projection VALUES(2738, 2020, 516, 8512, 6.1);
INSERT INTO RangeProj VALUES(0, 2739);
INSERT INTO Projection VALUES(2739, 2025, 502, 8551, 5.9);
INSERT INTO RangeProj VALUES(0, 2740);
INSERT INTO Projection VALUES(2740, 2010, 553, 8344, 6.6);
INSERT INTO RangeProj VALUES(0, 2741);
INSERT INTO Projection VALUES(2741, 2015, 603, 8440, 7.1);
INSERT INTO RangeProj VALUES(0, 2742);
INSERT INTO Projection VALUES(2742, 2020, 582, 8512, 6.8);
INSERT INTO RangeProj VALUES(0, 2743);
INSERT INTO Projection VALUES(2743, 2025, 566, 8551, 6.6);
INSERT INTO RangeProj VALUES(0, 2744);
INSERT INTO Projection VALUES(2744, 2010, 558, 8344, 6.7);
INSERT INTO RangeProj VALUES(0, 2745);
INSERT INTO Projection VALUES(2745, 2015, 535, 8440, 6.3);
INSERT INTO RangeProj VALUES(0, 2746);
INSERT INTO Projection VALUES(2746, 2020, 574, 8512, 6.7);
INSERT INTO RangeProj VALUES(0, 2747);
INSERT INTO Projection VALUES(2747, 2025, 557, 8551, 6.5);
INSERT INTO RangeProj VALUES(0, 2748);
INSERT INTO Projection VALUES(2748, 2010, 529, 8344, 6.3);
INSERT INTO RangeProj VALUES(0, 2749);
INSERT INTO Projection VALUES(2749, 2015, 492, 8440, 5.8);
INSERT INTO RangeProj VALUES(0, 2750);
INSERT INTO Projection VALUES(2750, 2020, 462, 8512, 5.4);
INSERT INTO RangeProj VALUES(0, 2751);
INSERT INTO Projection VALUES(2751, 2025, 493, 8551, 5.8);
INSERT INTO RangeProj VALUES(0, 2752);
INSERT INTO Projection VALUES(2752, 2010, 466, 8344, 5.6);
INSERT INTO RangeProj VALUES(0, 2753);
INSERT INTO Projection VALUES(2753, 2015, 460, 8440, 5.5);
INSERT INTO RangeProj VALUES(0, 2754);
INSERT INTO Projection VALUES(2754, 2020, 429, 8512, 5.0);
INSERT INTO RangeProj VALUES(0, 2755);
INSERT INTO Projection VALUES(2755, 2025, 401, 8551, 4.7);
INSERT INTO RangeProj VALUES(0, 2756);
INSERT INTO Projection VALUES(2756, 2010, 507, 8344, 6.1);
INSERT INTO RangeProj VALUES(0, 2757);
INSERT INTO Projection VALUES(2757, 2015, 499, 8440, 5.9);
INSERT INTO RangeProj VALUES(0, 2758);
INSERT INTO Projection VALUES(2758, 2020, 490, 8512, 5.8);
INSERT INTO RangeProj VALUES(0, 2759);
INSERT INTO Projection VALUES(2759, 2025, 461, 8551, 5.4);
INSERT INTO RangeProj VALUES(0, 2760);
commit;
INSERT INTO Projection VALUES(2760, 2010, 512, 8344, 6.1);
INSERT INTO RangeProj VALUES(0, 2761);
INSERT INTO Projection VALUES(2761, 2015, 517, 8440, 6.1);
INSERT INTO RangeProj VALUES(0, 2762);
INSERT INTO Projection VALUES(2762, 2020, 514, 8512, 6.0);
INSERT INTO RangeProj VALUES(0, 2763);
INSERT INTO Projection VALUES(2763, 2025, 499, 8551, 5.8);
INSERT INTO RangeProj VALUES(0, 2764);
INSERT INTO Projection VALUES(2764, 2010, 556, 8344, 6.7);
INSERT INTO RangeProj VALUES(0, 2765);
INSERT INTO Projection VALUES(2765, 2015, 509, 8440, 6.0);
INSERT INTO RangeProj VALUES(0, 2766);
INSERT INTO Projection VALUES(2766, 2020, 520, 8512, 6.1);
INSERT INTO RangeProj VALUES(0, 2767);
INSERT INTO Projection VALUES(2767, 2025, 524, 8551, 6.1);
INSERT INTO RangeProj VALUES(0, 2768);
INSERT INTO Projection VALUES(2768, 2010, 579, 8344, 6.9);
INSERT INTO RangeProj VALUES(0, 2769);
INSERT INTO Projection VALUES(2769, 2015, 581, 8440, 6.9);
INSERT INTO RangeProj VALUES(0, 2770);
INSERT INTO Projection VALUES(2770, 2020, 529, 8512, 6.2);
INSERT INTO RangeProj VALUES(0, 2771);
INSERT INTO Projection VALUES(2771, 2025, 546, 8551, 6.4);
INSERT INTO RangeProj VALUES(0, 2772);
INSERT INTO Projection VALUES(2772, 2010, 693, 8344, 8.3);
INSERT INTO RangeProj VALUES(0, 2773);
INSERT INTO Projection VALUES(2773, 2015, 615, 8440, 7.3);
INSERT INTO RangeProj VALUES(0, 2774);
INSERT INTO Projection VALUES(2774, 2020, 613, 8512, 7.2);
INSERT INTO RangeProj VALUES(0, 2775);
INSERT INTO Projection VALUES(2775, 2025, 565, 8551, 6.6);
INSERT INTO RangeProj VALUES(0, 2776);
INSERT INTO Projection VALUES(2776, 2010, 671, 8344, 8.0);
INSERT INTO RangeProj VALUES(0, 2777);
INSERT INTO Projection VALUES(2777, 2015, 685, 8440, 8.1);
INSERT INTO RangeProj VALUES(0, 2778);
INSERT INTO Projection VALUES(2778, 2020, 613, 8512, 7.2);
INSERT INTO RangeProj VALUES(0, 2779);
INSERT INTO Projection VALUES(2779, 2025, 612, 8551, 7.2);
INSERT INTO RangeProj VALUES(0, 2780);
INSERT INTO Projection VALUES(2780, 2010, 505, 8344, 6.1);
INSERT INTO RangeProj VALUES(0, 2781);
INSERT INTO Projection VALUES(2781, 2015, 599, 8440, 7.1);
INSERT INTO RangeProj VALUES(0, 2782);
INSERT INTO Projection VALUES(2782, 2020, 617, 8512, 7.2);
INSERT INTO RangeProj VALUES(0, 2783);
INSERT INTO Projection VALUES(2783, 2025, 559, 8551, 6.5);
INSERT INTO RangeProj VALUES(0, 2784);
INSERT INTO Projection VALUES(2784, 2010, 438, 8344, 5.2);
INSERT INTO RangeProj VALUES(0, 2785);
INSERT INTO Projection VALUES(2785, 2015, 442, 8440, 5.2);
INSERT INTO RangeProj VALUES(0, 2786);
INSERT INTO Projection VALUES(2786, 2020, 530, 8512, 6.2);
INSERT INTO RangeProj VALUES(0, 2787);
INSERT INTO Projection VALUES(2787, 2025, 546, 8551, 6.4);
INSERT INTO RangeProj VALUES(0, 2788);
INSERT INTO Projection VALUES(2788, 2010, 360, 8344, 4.3);
INSERT INTO RangeProj VALUES(0, 2789);
INSERT INTO Projection VALUES(2789, 2015, 406, 8440, 4.8);
INSERT INTO RangeProj VALUES(0, 2790);
INSERT INTO Projection VALUES(2790, 2020, 422, 8512, 5.0);
INSERT INTO RangeProj VALUES(0, 2791);
INSERT INTO Projection VALUES(2791, 2025, 498, 8551, 5.8);
INSERT INTO RangeProj VALUES(0, 2792);
INSERT INTO Projection VALUES(2792, 2010, 266, 8344, 3.2);
INSERT INTO RangeProj VALUES(0, 2793);
INSERT INTO Projection VALUES(2793, 2015, 337, 8440, 4.0);
INSERT INTO RangeProj VALUES(0, 2794);
INSERT INTO Projection VALUES(2794, 2020, 381, 8512, 4.5);
INSERT INTO RangeProj VALUES(0, 2795);
INSERT INTO Projection VALUES(2795, 2025, 398, 8551, 4.7);
INSERT INTO RangeProj VALUES(0, 2796);
INSERT INTO Projection VALUES(2796, 2010, 204, 8344, 2.4);
INSERT INTO RangeProj VALUES(0, 2797);
INSERT INTO Projection VALUES(2797, 2015, 221, 8440, 2.6);
INSERT INTO RangeProj VALUES(0, 2798);
INSERT INTO Projection VALUES(2798, 2020, 283, 8512, 3.3);
INSERT INTO RangeProj VALUES(0, 2799);
INSERT INTO Projection VALUES(2799, 2025, 330, 8551, 3.9);
INSERT INTO RangeProj VALUES(0, 2800);
INSERT INTO Projection VALUES(2800, 2010, 192, 8344, 2.3);
INSERT INTO RangeProj VALUES(0, 2801);
INSERT INTO Projection VALUES(2801, 2015, 168, 8440, 2.0);
INSERT INTO RangeProj VALUES(0, 2802);
INSERT INTO Projection VALUES(2802, 2020, 191, 8512, 2.2);
INSERT INTO RangeProj VALUES(0, 2803);
INSERT INTO Projection VALUES(2803, 2025, 231, 8551, 2.7);
INSERT INTO RangeProj VALUES(0, 2804);
INSERT INTO Projection VALUES(2804, 2010, 200, 8344, 2.4);
INSERT INTO RangeProj VALUES(0, 2805);
INSERT INTO Projection VALUES(2805, 2015, 239, 8440, 2.8);
INSERT INTO RangeProj VALUES(0, 2806);
INSERT INTO Projection VALUES(2806, 2020, 246, 8512, 2.9);
INSERT INTO RangeProj VALUES(0, 2807);
INSERT INTO Projection VALUES(2807, 2025, 263, 8551, 3.1);
INSERT INTO SubRange VALUES(45090, 0);
INSERT INTO SubRange VALUES(45090, 1);
INSERT INTO SubRange VALUES(45090, 2);
INSERT INTO SubRange VALUES(45090, 3);
INSERT INTO SubRange VALUES(45090, 4);
INSERT INTO SubRange VALUES(45090, 5);
commit;
INSERT INTO SubRange VALUES(45090, 6);
INSERT INTO SubRange VALUES(45090, 7);
INSERT INTO SubRange VALUES(45090, 8);
INSERT INTO SubRange VALUES(45090, 9);
INSERT INTO SubRange VALUES(45090, 10);
INSERT INTO SubRange VALUES(45090, 11);
INSERT INTO SubRange VALUES(45090, 12);
INSERT INTO SubRange VALUES(45090, 13);
INSERT INTO SubRange VALUES(45090, 14);
INSERT INTO SubRange VALUES(45090, 15);
INSERT INTO SubRange VALUES(45090, 16);
INSERT INTO SubRange VALUES(45090, 17);
INSERT INTO Suburb VALUES(45120, 'Northern Areas');
INSERT INTO RangeProj VALUES(0, 2808);
INSERT INTO Projection VALUES(2808, 2010, 283, 4956, 5.7);
INSERT INTO RangeProj VALUES(0, 2809);
INSERT INTO Projection VALUES(2809, 2015, 284, 5056, 5.6);
INSERT INTO RangeProj VALUES(0, 2810);
INSERT INTO Projection VALUES(2810, 2020, 282, 5147, 5.5);
INSERT INTO RangeProj VALUES(0, 2811);
INSERT INTO Projection VALUES(2811, 2025, 269, 5210, 5.2);
INSERT INTO RangeProj VALUES(0, 2812);
INSERT INTO Projection VALUES(2812, 2010, 313, 4956, 6.3);
INSERT INTO RangeProj VALUES(0, 2813);
INSERT INTO Projection VALUES(2813, 2015, 316, 5056, 6.3);
INSERT INTO RangeProj VALUES(0, 2814);
INSERT INTO Projection VALUES(2814, 2020, 316, 5147, 6.1);
INSERT INTO RangeProj VALUES(0, 2815);
INSERT INTO Projection VALUES(2815, 2025, 311, 5210, 6.0);
INSERT INTO RangeProj VALUES(0, 2816);
INSERT INTO Projection VALUES(2816, 2010, 373, 4956, 7.5);
INSERT INTO RangeProj VALUES(0, 2817);
INSERT INTO Projection VALUES(2817, 2015, 344, 5056, 6.8);
INSERT INTO RangeProj VALUES(0, 2818);
INSERT INTO Projection VALUES(2818, 2020, 347, 5147, 6.7);
INSERT INTO RangeProj VALUES(0, 2819);
INSERT INTO Projection VALUES(2819, 2025, 349, 5210, 6.7);
INSERT INTO RangeProj VALUES(0, 2820);
INSERT INTO Projection VALUES(2820, 2010, 305, 4956, 6.2);
INSERT INTO RangeProj VALUES(0, 2821);
INSERT INTO Projection VALUES(2821, 2015, 280, 5056, 5.5);
INSERT INTO RangeProj VALUES(0, 2822);
INSERT INTO Projection VALUES(2822, 2020, 253, 5147, 4.9);
INSERT INTO RangeProj VALUES(0, 2823);
INSERT INTO Projection VALUES(2823, 2025, 262, 5210, 5.0);
INSERT INTO RangeProj VALUES(0, 2824);
INSERT INTO Projection VALUES(2824, 2010, 202, 4956, 4.1);
INSERT INTO RangeProj VALUES(0, 2825);
INSERT INTO Projection VALUES(2825, 2015, 190, 5056, 3.8);
INSERT INTO RangeProj VALUES(0, 2826);
INSERT INTO Projection VALUES(2826, 2020, 173, 5147, 3.4);
INSERT INTO RangeProj VALUES(0, 2827);
INSERT INTO Projection VALUES(2827, 2025, 154, 5210, 3.0);
INSERT INTO RangeProj VALUES(0, 2828);
INSERT INTO Projection VALUES(2828, 2010, 223, 4956, 4.5);
INSERT INTO RangeProj VALUES(0, 2829);
INSERT INTO Projection VALUES(2829, 2015, 241, 5056, 4.8);
INSERT INTO RangeProj VALUES(0, 2830);
INSERT INTO Projection VALUES(2830, 2020, 229, 5147, 4.4);
INSERT INTO RangeProj VALUES(0, 2831);
INSERT INTO Projection VALUES(2831, 2025, 210, 5210, 4.0);
INSERT INTO RangeProj VALUES(0, 2832);
INSERT INTO Projection VALUES(2832, 2010, 226, 4956, 4.6);
INSERT INTO RangeProj VALUES(0, 2833);
INSERT INTO Projection VALUES(2833, 2015, 235, 5056, 4.6);
INSERT INTO RangeProj VALUES(0, 2834);
INSERT INTO Projection VALUES(2834, 2020, 244, 5147, 4.7);
INSERT INTO RangeProj VALUES(0, 2835);
INSERT INTO Projection VALUES(2835, 2025, 234, 5210, 4.5);
INSERT INTO RangeProj VALUES(0, 2836);
INSERT INTO Projection VALUES(2836, 2010, 249, 4956, 5.0);
INSERT INTO RangeProj VALUES(0, 2837);
INSERT INTO Projection VALUES(2837, 2015, 226, 5056, 4.5);
INSERT INTO RangeProj VALUES(0, 2838);
INSERT INTO Projection VALUES(2838, 2020, 232, 5147, 4.5);
INSERT INTO RangeProj VALUES(0, 2839);
INSERT INTO Projection VALUES(2839, 2025, 240, 5210, 4.6);
INSERT INTO RangeProj VALUES(0, 2840);
INSERT INTO Projection VALUES(2840, 2010, 315, 4956, 6.4);
INSERT INTO RangeProj VALUES(0, 2841);
INSERT INTO Projection VALUES(2841, 2015, 287, 5056, 5.7);
INSERT INTO RangeProj VALUES(0, 2842);
INSERT INTO Projection VALUES(2842, 2020, 258, 5147, 5.0);
INSERT INTO RangeProj VALUES(0, 2843);
INSERT INTO Projection VALUES(2843, 2025, 272, 5210, 5.2);
INSERT INTO RangeProj VALUES(0, 2844);
INSERT INTO Projection VALUES(2844, 2010, 396, 4956, 8.0);
INSERT INTO RangeProj VALUES(0, 2845);
INSERT INTO Projection VALUES(2845, 2015, 348, 5056, 6.9);
INSERT INTO RangeProj VALUES(0, 2846);
INSERT INTO Projection VALUES(2846, 2020, 326, 5147, 6.3);
INSERT INTO RangeProj VALUES(0, 2847);
INSERT INTO Projection VALUES(2847, 2025, 293, 5210, 5.6);
INSERT INTO RangeProj VALUES(0, 2848);
INSERT INTO Projection VALUES(2848, 2010, 380, 4956, 7.7);
INSERT INTO RangeProj VALUES(0, 2849);
INSERT INTO Projection VALUES(2849, 2015, 407, 5056, 8.0);
INSERT INTO RangeProj VALUES(0, 2850);
INSERT INTO Projection VALUES(2850, 2020, 365, 5147, 7.1);
INSERT INTO RangeProj VALUES(0, 2851);
INSERT INTO Projection VALUES(2851, 2025, 350, 5210, 6.7);
commit;
INSERT INTO RangeProj VALUES(0, 2852);
INSERT INTO Projection VALUES(2852, 2010, 367, 4956, 7.4);
INSERT INTO RangeProj VALUES(0, 2853);
INSERT INTO Projection VALUES(2853, 2015, 401, 5056, 7.9);
INSERT INTO RangeProj VALUES(0, 2854);
INSERT INTO Projection VALUES(2854, 2020, 424, 5147, 8.2);
INSERT INTO RangeProj VALUES(0, 2855);
INSERT INTO Projection VALUES(2855, 2025, 383, 5210, 7.4);
INSERT INTO RangeProj VALUES(0, 2856);
INSERT INTO Projection VALUES(2856, 2010, 360, 4956, 7.3);
INSERT INTO RangeProj VALUES(0, 2857);
INSERT INTO Projection VALUES(2857, 2015, 387, 5056, 7.7);
INSERT INTO RangeProj VALUES(0, 2858);
INSERT INTO Projection VALUES(2858, 2020, 426, 5147, 8.3);
INSERT INTO RangeProj VALUES(0, 2859);
INSERT INTO Projection VALUES(2859, 2025, 445, 5210, 8.5);
INSERT INTO RangeProj VALUES(0, 2860);
INSERT INTO Projection VALUES(2860, 2010, 263, 4956, 5.3);
INSERT INTO RangeProj VALUES(0, 2861);
INSERT INTO Projection VALUES(2861, 2015, 347, 5056, 6.9);
INSERT INTO RangeProj VALUES(0, 2862);
INSERT INTO Projection VALUES(2862, 2020, 376, 5147, 7.3);
INSERT INTO RangeProj VALUES(0, 2863);
INSERT INTO Projection VALUES(2863, 2025, 411, 5210, 7.9);
INSERT INTO RangeProj VALUES(0, 2864);
INSERT INTO Projection VALUES(2864, 2010, 225, 4956, 4.5);
INSERT INTO RangeProj VALUES(0, 2865);
INSERT INTO Projection VALUES(2865, 2015, 254, 5056, 5.0);
INSERT INTO RangeProj VALUES(0, 2866);
INSERT INTO Projection VALUES(2866, 2020, 331, 5147, 6.4);
INSERT INTO RangeProj VALUES(0, 2867);
INSERT INTO Projection VALUES(2867, 2025, 356, 5210, 6.8);
INSERT INTO RangeProj VALUES(0, 2868);
INSERT INTO Projection VALUES(2868, 2010, 162, 4956, 3.3);
INSERT INTO RangeProj VALUES(0, 2869);
INSERT INTO Projection VALUES(2869, 2015, 186, 5056, 3.7);
INSERT INTO RangeProj VALUES(0, 2870);
INSERT INTO Projection VALUES(2870, 2020, 208, 5147, 4.0);
INSERT INTO RangeProj VALUES(0, 2871);
INSERT INTO Projection VALUES(2871, 2025, 273, 5210, 5.2);
INSERT INTO RangeProj VALUES(0, 2872);
INSERT INTO Projection VALUES(2872, 2010, 145, 4956, 2.9);
INSERT INTO RangeProj VALUES(0, 2873);
INSERT INTO Projection VALUES(2873, 2015, 128, 5056, 2.5);
INSERT INTO RangeProj VALUES(0, 2874);
INSERT INTO Projection VALUES(2874, 2020, 155, 5147, 3.0);
INSERT INTO RangeProj VALUES(0, 2875);
INSERT INTO Projection VALUES(2875, 2025, 172, 5210, 3.3);
INSERT INTO RangeProj VALUES(0, 2876);
INSERT INTO Projection VALUES(2876, 2010, 169, 4956, 3.4);
INSERT INTO RangeProj VALUES(0, 2877);
INSERT INTO Projection VALUES(2877, 2015, 195, 5056, 3.9);
INSERT INTO RangeProj VALUES(0, 2878);
INSERT INTO Projection VALUES(2878, 2020, 202, 5147, 3.9);
INSERT INTO RangeProj VALUES(0, 2879);
INSERT INTO Projection VALUES(2879, 2025, 226, 5210, 4.3);
INSERT INTO SubRange VALUES(45120, 0);
INSERT INTO SubRange VALUES(45120, 1);
INSERT INTO SubRange VALUES(45120, 2);
INSERT INTO SubRange VALUES(45120, 3);
INSERT INTO SubRange VALUES(45120, 4);
INSERT INTO SubRange VALUES(45120, 5);
INSERT INTO SubRange VALUES(45120, 6);
INSERT INTO SubRange VALUES(45120, 7);
INSERT INTO SubRange VALUES(45120, 8);
INSERT INTO SubRange VALUES(45120, 9);
INSERT INTO SubRange VALUES(45120, 10);
INSERT INTO SubRange VALUES(45120, 11);
INSERT INTO SubRange VALUES(45120, 12);
INSERT INTO SubRange VALUES(45120, 13);
INSERT INTO SubRange VALUES(45120, 14);
INSERT INTO SubRange VALUES(45120, 15);
INSERT INTO SubRange VALUES(45120, 16);
INSERT INTO SubRange VALUES(45120, 17);
INSERT INTO Suburb VALUES(45290, 'Norwood Payneham St Peters');
INSERT INTO RangeProj VALUES(0, 2880);
INSERT INTO Projection VALUES(2880, 2010, 1762, 36516, 4.8);
INSERT INTO RangeProj VALUES(0, 2881);
INSERT INTO Projection VALUES(2881, 2015, 1844, 38000, 4.9);
INSERT INTO RangeProj VALUES(0, 2882);
INSERT INTO Projection VALUES(2882, 2020, 1886, 39530, 4.8);
INSERT INTO RangeProj VALUES(0, 2883);
INSERT INTO Projection VALUES(2883, 2025, 1918, 41058, 4.7);
INSERT INTO RangeProj VALUES(0, 2884);
INSERT INTO Projection VALUES(2884, 2010, 1593, 36516, 4.4);
INSERT INTO RangeProj VALUES(0, 2885);
INSERT INTO Projection VALUES(2885, 2015, 1739, 38000, 4.6);
INSERT INTO RangeProj VALUES(0, 2886);
INSERT INTO Projection VALUES(2886, 2020, 1818, 39530, 4.6);
INSERT INTO RangeProj VALUES(0, 2887);
INSERT INTO Projection VALUES(2887, 2025, 1858, 41058, 4.5);
INSERT INTO RangeProj VALUES(0, 2888);
INSERT INTO Projection VALUES(2888, 2010, 1645, 36516, 4.5);
INSERT INTO RangeProj VALUES(0, 2889);
INSERT INTO Projection VALUES(2889, 2015, 1683, 38000, 4.4);
INSERT INTO RangeProj VALUES(0, 2890);
INSERT INTO Projection VALUES(2890, 2020, 1824, 39530, 4.6);
INSERT INTO RangeProj VALUES(0, 2891);
INSERT INTO Projection VALUES(2891, 2025, 1889, 41058, 4.6);
INSERT INTO RangeProj VALUES(0, 2892);
INSERT INTO Projection VALUES(2892, 2010, 2184, 36516, 6.0);
commit;
INSERT INTO RangeProj VALUES(0, 2893);
INSERT INTO Projection VALUES(2893, 2015, 2202, 38000, 5.8);
INSERT INTO RangeProj VALUES(0, 2894);
INSERT INTO Projection VALUES(2894, 2020, 2206, 39530, 5.6);
INSERT INTO RangeProj VALUES(0, 2895);
INSERT INTO Projection VALUES(2895, 2025, 2357, 41058, 5.7);
INSERT INTO RangeProj VALUES(0, 2896);
INSERT INTO Projection VALUES(2896, 2010, 3191, 36516, 8.7);
INSERT INTO RangeProj VALUES(0, 2897);
INSERT INTO Projection VALUES(2897, 2015, 3275, 38000, 8.6);
INSERT INTO RangeProj VALUES(0, 2898);
INSERT INTO Projection VALUES(2898, 2020, 3251, 39530, 8.2);
INSERT INTO RangeProj VALUES(0, 2899);
INSERT INTO Projection VALUES(2899, 2025, 3212, 41058, 7.8);
INSERT INTO RangeProj VALUES(0, 2900);
INSERT INTO Projection VALUES(2900, 2010, 3257, 36516, 8.9);
INSERT INTO RangeProj VALUES(0, 2901);
INSERT INTO Projection VALUES(2901, 2015, 3281, 38000, 8.6);
INSERT INTO RangeProj VALUES(0, 2902);
INSERT INTO Projection VALUES(2902, 2020, 3367, 39530, 8.5);
INSERT INTO RangeProj VALUES(0, 2903);
INSERT INTO Projection VALUES(2903, 2025, 3311, 41058, 8.1);
INSERT INTO RangeProj VALUES(0, 2904);
INSERT INTO Projection VALUES(2904, 2010, 2674, 36516, 7.3);
INSERT INTO RangeProj VALUES(0, 2905);
INSERT INTO Projection VALUES(2905, 2015, 3017, 38000, 7.9);
INSERT INTO RangeProj VALUES(0, 2906);
INSERT INTO Projection VALUES(2906, 2020, 3070, 39530, 7.8);
INSERT INTO RangeProj VALUES(0, 2907);
INSERT INTO Projection VALUES(2907, 2025, 3152, 41058, 7.7);
INSERT INTO RangeProj VALUES(0, 2908);
INSERT INTO Projection VALUES(2908, 2010, 2481, 36516, 6.8);
INSERT INTO RangeProj VALUES(0, 2909);
INSERT INTO Projection VALUES(2909, 2015, 2398, 38000, 6.3);
INSERT INTO RangeProj VALUES(0, 2910);
INSERT INTO Projection VALUES(2910, 2020, 2709, 39530, 6.9);
INSERT INTO RangeProj VALUES(0, 2911);
INSERT INTO Projection VALUES(2911, 2025, 2771, 41058, 6.7);
INSERT INTO RangeProj VALUES(0, 2912);
INSERT INTO Projection VALUES(2912, 2010, 2434, 36516, 6.7);
INSERT INTO RangeProj VALUES(0, 2913);
INSERT INTO Projection VALUES(2913, 2015, 2421, 38000, 6.4);
INSERT INTO RangeProj VALUES(0, 2914);
INSERT INTO Projection VALUES(2914, 2020, 2343, 39530, 5.9);
INSERT INTO RangeProj VALUES(0, 2915);
INSERT INTO Projection VALUES(2915, 2025, 2641, 41058, 6.4);
INSERT INTO RangeProj VALUES(0, 2916);
INSERT INTO Projection VALUES(2916, 2010, 2467, 36516, 6.8);
INSERT INTO RangeProj VALUES(0, 2917);
INSERT INTO Projection VALUES(2917, 2015, 2358, 38000, 6.2);
INSERT INTO RangeProj VALUES(0, 2918);
INSERT INTO Projection VALUES(2918, 2020, 2378, 39530, 6.0);
INSERT INTO RangeProj VALUES(0, 2919);
INSERT INTO Projection VALUES(2919, 2025, 2307, 41058, 5.6);
INSERT INTO RangeProj VALUES(0, 2920);
INSERT INTO Projection VALUES(2920, 2010, 2301, 36516, 6.3);
INSERT INTO RangeProj VALUES(0, 2921);
INSERT INTO Projection VALUES(2921, 2015, 2517, 38000, 6.6);
INSERT INTO RangeProj VALUES(0, 2922);
INSERT INTO Projection VALUES(2922, 2020, 2425, 39530, 6.1);
INSERT INTO RangeProj VALUES(0, 2923);
INSERT INTO Projection VALUES(2923, 2025, 2464, 41058, 6.0);
INSERT INTO RangeProj VALUES(0, 2924);
INSERT INTO Projection VALUES(2924, 2010, 2098, 36516, 5.7);
INSERT INTO RangeProj VALUES(0, 2925);
INSERT INTO Projection VALUES(2925, 2015, 2207, 38000, 5.8);
INSERT INTO RangeProj VALUES(0, 2926);
INSERT INTO Projection VALUES(2926, 2020, 2380, 39530, 6.0);
INSERT INTO RangeProj VALUES(0, 2927);
INSERT INTO Projection VALUES(2927, 2025, 2302, 41058, 5.6);
INSERT INTO RangeProj VALUES(0, 2928);
INSERT INTO Projection VALUES(2928, 2010, 1841, 36516, 5.0);
INSERT INTO RangeProj VALUES(0, 2929);
INSERT INTO Projection VALUES(2929, 2015, 1967, 38000, 5.2);
INSERT INTO RangeProj VALUES(0, 2930);
INSERT INTO Projection VALUES(2930, 2020, 2097, 39530, 5.3);
INSERT INTO RangeProj VALUES(0, 2931);
INSERT INTO Projection VALUES(2931, 2025, 2237, 41058, 5.4);
INSERT INTO RangeProj VALUES(0, 2932);
INSERT INTO Projection VALUES(2932, 2010, 1483, 36516, 4.1);
INSERT INTO RangeProj VALUES(0, 2933);
INSERT INTO Projection VALUES(2933, 2015, 1804, 38000, 4.7);
INSERT INTO RangeProj VALUES(0, 2934);
INSERT INTO Projection VALUES(2934, 2020, 1936, 39530, 4.9);
INSERT INTO RangeProj VALUES(0, 2935);
INSERT INTO Projection VALUES(2935, 2025, 2071, 41058, 5.0);
INSERT INTO RangeProj VALUES(0, 2936);
INSERT INTO Projection VALUES(2936, 2010, 1378, 36516, 3.8);
INSERT INTO RangeProj VALUES(0, 2937);
INSERT INTO Projection VALUES(2937, 2015, 1477, 38000, 3.9);
INSERT INTO RangeProj VALUES(0, 2938);
INSERT INTO Projection VALUES(2938, 2020, 1812, 39530, 4.6);
INSERT INTO RangeProj VALUES(0, 2939);
INSERT INTO Projection VALUES(2939, 2025, 1942, 41058, 4.7);
INSERT INTO RangeProj VALUES(0, 2940);
INSERT INTO Projection VALUES(2940, 2010, 1258, 36516, 3.4);
INSERT INTO RangeProj VALUES(0, 2941);
INSERT INTO Projection VALUES(2941, 2015, 1318, 38000, 3.5);
INSERT INTO RangeProj VALUES(0, 2942);
INSERT INTO Projection VALUES(2942, 2020, 1452, 39530, 3.7);
INSERT INTO RangeProj VALUES(0, 2943);
commit;
INSERT INTO Projection VALUES(2943, 2025, 1802, 41058, 4.4);
INSERT INTO RangeProj VALUES(0, 2944);
INSERT INTO Projection VALUES(2944, 2010, 1166, 36516, 3.2);
INSERT INTO RangeProj VALUES(0, 2945);
INSERT INTO Projection VALUES(2945, 2015, 1119, 38000, 2.9);
INSERT INTO RangeProj VALUES(0, 2946);
INSERT INTO Projection VALUES(2946, 2020, 1200, 39530, 3.0);
INSERT INTO RangeProj VALUES(0, 2947);
INSERT INTO Projection VALUES(2947, 2025, 1359, 41058, 3.3);
INSERT INTO RangeProj VALUES(0, 2948);
INSERT INTO Projection VALUES(2948, 2010, 1303, 36516, 3.6);
INSERT INTO RangeProj VALUES(0, 2949);
INSERT INTO Projection VALUES(2949, 2015, 1373, 38000, 3.6);
INSERT INTO RangeProj VALUES(0, 2950);
INSERT INTO Projection VALUES(2950, 2020, 1376, 39530, 3.5);
INSERT INTO RangeProj VALUES(0, 2951);
INSERT INTO Projection VALUES(2951, 2025, 1465, 41058, 3.6);
INSERT INTO SubRange VALUES(45290, 0);
INSERT INTO SubRange VALUES(45290, 1);
INSERT INTO SubRange VALUES(45290, 2);
INSERT INTO SubRange VALUES(45290, 3);
INSERT INTO SubRange VALUES(45290, 4);
INSERT INTO SubRange VALUES(45290, 5);
INSERT INTO SubRange VALUES(45290, 6);
INSERT INTO SubRange VALUES(45290, 7);
INSERT INTO SubRange VALUES(45290, 8);
INSERT INTO SubRange VALUES(45290, 9);
INSERT INTO SubRange VALUES(45290, 10);
INSERT INTO SubRange VALUES(45290, 11);
INSERT INTO SubRange VALUES(45290, 12);
INSERT INTO SubRange VALUES(45290, 13);
INSERT INTO SubRange VALUES(45290, 14);
INSERT INTO SubRange VALUES(45290, 15);
INSERT INTO SubRange VALUES(45290, 16);
INSERT INTO SubRange VALUES(45290, 17);
INSERT INTO Suburb VALUES(45340, 'Onkaparinga');
INSERT INTO RangeProj VALUES(0, 2952);
INSERT INTO Projection VALUES(2952, 2010, 10141, 160851, 6.3);
INSERT INTO RangeProj VALUES(0, 2953);
INSERT INTO Projection VALUES(2953, 2015, 10589, 169181, 6.3);
INSERT INTO RangeProj VALUES(0, 2954);
INSERT INTO Projection VALUES(2954, 2020, 10840, 177182, 6.1);
INSERT INTO RangeProj VALUES(0, 2955);
INSERT INTO Projection VALUES(2955, 2025, 10930, 184653, 5.9);
INSERT INTO RangeProj VALUES(0, 2956);
INSERT INTO Projection VALUES(2956, 2010, 10053, 160851, 6.2);
INSERT INTO RangeProj VALUES(0, 2957);
INSERT INTO Projection VALUES(2957, 2015, 10914, 169181, 6.5);
INSERT INTO RangeProj VALUES(0, 2958);
INSERT INTO Projection VALUES(2958, 2020, 11381, 177182, 6.4);
INSERT INTO RangeProj VALUES(0, 2959);
INSERT INTO Projection VALUES(2959, 2025, 11680, 184653, 6.3);
INSERT INTO RangeProj VALUES(0, 2960);
INSERT INTO Projection VALUES(2960, 2010, 10736, 160851, 6.7);
INSERT INTO RangeProj VALUES(0, 2961);
INSERT INTO Projection VALUES(2961, 2015, 10479, 169181, 6.2);
INSERT INTO RangeProj VALUES(0, 2962);
INSERT INTO Projection VALUES(2962, 2020, 11374, 177182, 6.4);
INSERT INTO RangeProj VALUES(0, 2963);
INSERT INTO Projection VALUES(2963, 2025, 11837, 184653, 6.4);
INSERT INTO RangeProj VALUES(0, 2964);
INSERT INTO Projection VALUES(2964, 2010, 11430, 160851, 7.1);
INSERT INTO RangeProj VALUES(0, 2965);
INSERT INTO Projection VALUES(2965, 2015, 11068, 169181, 6.5);
INSERT INTO RangeProj VALUES(0, 2966);
INSERT INTO Projection VALUES(2966, 2020, 10824, 177182, 6.1);
INSERT INTO RangeProj VALUES(0, 2967);
INSERT INTO Projection VALUES(2967, 2025, 11635, 184653, 6.3);
INSERT INTO RangeProj VALUES(0, 2968);
INSERT INTO Projection VALUES(2968, 2010, 10515, 160851, 6.5);
INSERT INTO RangeProj VALUES(0, 2969);
INSERT INTO Projection VALUES(2969, 2015, 10639, 169181, 6.3);
INSERT INTO RangeProj VALUES(0, 2970);
INSERT INTO Projection VALUES(2970, 2020, 10292, 177182, 5.8);
INSERT INTO RangeProj VALUES(0, 2971);
INSERT INTO Projection VALUES(2971, 2025, 9984, 184653, 5.4);
INSERT INTO RangeProj VALUES(0, 2972);
INSERT INTO Projection VALUES(2972, 2010, 10422, 160851, 6.5);
INSERT INTO RangeProj VALUES(0, 2973);
INSERT INTO Projection VALUES(2973, 2015, 10506, 169181, 6.2);
INSERT INTO RangeProj VALUES(0, 2974);
INSERT INTO Projection VALUES(2974, 2020, 10628, 177182, 6.0);
INSERT INTO RangeProj VALUES(0, 2975);
INSERT INTO Projection VALUES(2975, 2025, 10321, 184653, 5.6);
INSERT INTO RangeProj VALUES(0, 2976);
INSERT INTO Projection VALUES(2976, 2010, 10034, 160851, 6.2);
INSERT INTO RangeProj VALUES(0, 2977);
INSERT INTO Projection VALUES(2977, 2015, 11377, 169181, 6.7);
INSERT INTO RangeProj VALUES(0, 2978);
INSERT INTO Projection VALUES(2978, 2020, 11526, 177182, 6.5);
INSERT INTO RangeProj VALUES(0, 2979);
INSERT INTO Projection VALUES(2979, 2025, 11704, 184653, 6.3);
INSERT INTO RangeProj VALUES(0, 2980);
INSERT INTO Projection VALUES(2980, 2010, 11131, 160851, 6.9);
INSERT INTO RangeProj VALUES(0, 2981);
INSERT INTO Projection VALUES(2981, 2015, 10944, 169181, 6.5);
INSERT INTO RangeProj VALUES(0, 2982);
INSERT INTO Projection VALUES(2982, 2020, 12315, 177182, 7.0);
INSERT INTO RangeProj VALUES(0, 2983);
INSERT INTO Projection VALUES(2983, 2025, 12542, 184653, 6.8);
INSERT INTO RangeProj VALUES(0, 2984);
commit;
INSERT INTO Projection VALUES(2984, 2010, 11077, 160851, 6.9);
INSERT INTO RangeProj VALUES(0, 2985);
INSERT INTO Projection VALUES(2985, 2015, 11536, 169181, 6.8);
INSERT INTO RangeProj VALUES(0, 2986);
INSERT INTO Projection VALUES(2986, 2020, 11304, 177182, 6.4);
INSERT INTO RangeProj VALUES(0, 2987);
INSERT INTO Projection VALUES(2987, 2025, 12656, 184653, 6.9);
INSERT INTO RangeProj VALUES(0, 2988);
INSERT INTO Projection VALUES(2988, 2010, 11439, 160851, 7.1);
INSERT INTO RangeProj VALUES(0, 2989);
INSERT INTO Projection VALUES(2989, 2015, 10925, 169181, 6.5);
INSERT INTO RangeProj VALUES(0, 2990);
INSERT INTO Projection VALUES(2990, 2020, 11267, 177182, 6.4);
INSERT INTO RangeProj VALUES(0, 2991);
INSERT INTO Projection VALUES(2991, 2025, 11008, 184653, 6.0);
INSERT INTO RangeProj VALUES(0, 2992);
INSERT INTO Projection VALUES(2992, 2010, 11169, 160851, 6.9);
INSERT INTO RangeProj VALUES(0, 2993);
INSERT INTO Projection VALUES(2993, 2015, 10981, 169181, 6.5);
INSERT INTO RangeProj VALUES(0, 2994);
INSERT INTO Projection VALUES(2994, 2020, 10566, 177182, 6.0);
INSERT INTO RangeProj VALUES(0, 2995);
INSERT INTO Projection VALUES(2995, 2025, 10860, 184653, 5.9);
INSERT INTO RangeProj VALUES(0, 2996);
INSERT INTO Projection VALUES(2996, 2010, 10943, 160851, 6.8);
INSERT INTO RangeProj VALUES(0, 2997);
INSERT INTO Projection VALUES(2997, 2015, 10968, 169181, 6.5);
INSERT INTO RangeProj VALUES(0, 2998);
INSERT INTO Projection VALUES(2998, 2020, 10915, 177182, 6.2);
INSERT INTO RangeProj VALUES(0, 2999);
INSERT INTO Projection VALUES(2999, 2025, 10564, 184653, 5.7);
INSERT INTO RangeProj VALUES(0, 3000);
INSERT INTO Projection VALUES(3000, 2010, 10037, 160851, 6.2);
INSERT INTO RangeProj VALUES(0, 3001);
INSERT INTO Projection VALUES(3001, 2015, 10475, 169181, 6.2);
INSERT INTO RangeProj VALUES(0, 3002);
INSERT INTO Projection VALUES(3002, 2020, 10668, 177182, 6.0);
INSERT INTO RangeProj VALUES(0, 3003);
INSERT INTO Projection VALUES(3003, 2025, 10701, 184653, 5.8);
INSERT INTO RangeProj VALUES(0, 3004);
INSERT INTO Projection VALUES(3004, 2010, 6869, 160851, 4.3);
INSERT INTO RangeProj VALUES(0, 3005);
INSERT INTO Projection VALUES(3005, 2015, 9548, 169181, 5.6);
INSERT INTO RangeProj VALUES(0, 3006);
INSERT INTO Projection VALUES(3006, 2020, 10025, 177182, 5.7);
INSERT INTO RangeProj VALUES(0, 3007);
INSERT INTO Projection VALUES(3007, 2025, 10334, 184653, 5.6);
INSERT INTO RangeProj VALUES(0, 3008);
INSERT INTO Projection VALUES(3008, 2010, 5082, 160851, 3.2);
INSERT INTO RangeProj VALUES(0, 3009);
INSERT INTO Projection VALUES(3009, 2015, 6608, 169181, 3.9);
INSERT INTO RangeProj VALUES(0, 3010);
INSERT INTO Projection VALUES(3010, 2020, 9093, 177182, 5.1);
INSERT INTO RangeProj VALUES(0, 3011);
INSERT INTO Projection VALUES(3011, 2025, 9616, 184653, 5.2);
INSERT INTO RangeProj VALUES(0, 3012);
INSERT INTO Projection VALUES(3012, 2010, 3849, 160851, 2.4);
INSERT INTO RangeProj VALUES(0, 3013);
INSERT INTO Projection VALUES(3013, 2015, 4702, 169181, 2.8);
INSERT INTO RangeProj VALUES(0, 3014);
INSERT INTO Projection VALUES(3014, 2020, 6022, 177182, 3.4);
INSERT INTO RangeProj VALUES(0, 3015);
INSERT INTO Projection VALUES(3015, 2025, 8273, 184653, 4.5);
INSERT INTO RangeProj VALUES(0, 3016);
INSERT INTO Projection VALUES(3016, 2010, 3125, 160851, 1.9);
INSERT INTO RangeProj VALUES(0, 3017);
INSERT INTO Projection VALUES(3017, 2015, 3267, 169181, 1.9);
INSERT INTO RangeProj VALUES(0, 3018);
INSERT INTO Projection VALUES(3018, 2020, 3975, 177182, 2.2);
INSERT INTO RangeProj VALUES(0, 3019);
INSERT INTO Projection VALUES(3019, 2025, 5083, 184653, 2.8);
INSERT INTO RangeProj VALUES(0, 3020);
INSERT INTO Projection VALUES(3020, 2010, 2799, 160851, 1.7);
INSERT INTO RangeProj VALUES(0, 3021);
INSERT INTO Projection VALUES(3021, 2015, 3655, 169181, 2.2);
INSERT INTO RangeProj VALUES(0, 3022);
INSERT INTO Projection VALUES(3022, 2020, 4167, 177182, 2.4);
INSERT INTO RangeProj VALUES(0, 3023);
INSERT INTO Projection VALUES(3023, 2025, 4925, 184653, 2.7);
INSERT INTO SubRange VALUES(45340, 0);
INSERT INTO SubRange VALUES(45340, 1);
INSERT INTO SubRange VALUES(45340, 2);
INSERT INTO SubRange VALUES(45340, 3);
INSERT INTO SubRange VALUES(45340, 4);
INSERT INTO SubRange VALUES(45340, 5);
INSERT INTO SubRange VALUES(45340, 6);
INSERT INTO SubRange VALUES(45340, 7);
INSERT INTO SubRange VALUES(45340, 8);
INSERT INTO SubRange VALUES(45340, 9);
INSERT INTO SubRange VALUES(45340, 10);
INSERT INTO SubRange VALUES(45340, 11);
INSERT INTO SubRange VALUES(45340, 12);
INSERT INTO SubRange VALUES(45340, 13);
INSERT INTO SubRange VALUES(45340, 14);
INSERT INTO SubRange VALUES(45340, 15);
INSERT INTO SubRange VALUES(45340, 16);
INSERT INTO SubRange VALUES(45340, 17);
INSERT INTO Suburb VALUES(45400, 'Orroroo/Carrieton');
INSERT INTO RangeProj VALUES(0, 3024);
INSERT INTO Projection VALUES(3024, 2010, 43, 930, 4.6);
INSERT INTO RangeProj VALUES(0, 3025);
commit;
INSERT INTO Projection VALUES(3025, 2015, 45, 899, 5.0);
INSERT INTO RangeProj VALUES(0, 3026);
INSERT INTO Projection VALUES(3026, 2020, 43, 863, 5.0);
INSERT INTO RangeProj VALUES(0, 3027);
INSERT INTO Projection VALUES(3027, 2025, 34, 821, 4.1);
INSERT INTO RangeProj VALUES(0, 3028);
INSERT INTO Projection VALUES(3028, 2010, 45, 930, 4.8);
INSERT INTO RangeProj VALUES(0, 3029);
INSERT INTO Projection VALUES(3029, 2015, 38, 899, 4.2);
INSERT INTO RangeProj VALUES(0, 3030);
INSERT INTO Projection VALUES(3030, 2020, 34, 863, 3.9);
INSERT INTO RangeProj VALUES(0, 3031);
INSERT INTO Projection VALUES(3031, 2025, 37, 821, 4.5);
INSERT INTO RangeProj VALUES(0, 3032);
INSERT INTO Projection VALUES(3032, 2010, 70, 930, 7.5);
INSERT INTO RangeProj VALUES(0, 3033);
INSERT INTO Projection VALUES(3033, 2015, 57, 899, 6.3);
INSERT INTO RangeProj VALUES(0, 3034);
INSERT INTO Projection VALUES(3034, 2020, 53, 863, 6.1);
INSERT INTO RangeProj VALUES(0, 3035);
INSERT INTO Projection VALUES(3035, 2025, 46, 821, 5.6);
INSERT INTO RangeProj VALUES(0, 3036);
INSERT INTO Projection VALUES(3036, 2010, 48, 930, 5.2);
INSERT INTO RangeProj VALUES(0, 3037);
INSERT INTO Projection VALUES(3037, 2015, 43, 899, 4.8);
INSERT INTO RangeProj VALUES(0, 3038);
INSERT INTO Projection VALUES(3038, 2020, 40, 863, 4.6);
INSERT INTO RangeProj VALUES(0, 3039);
INSERT INTO Projection VALUES(3039, 2025, 40, 821, 4.9);
INSERT INTO RangeProj VALUES(0, 3040);
INSERT INTO Projection VALUES(3040, 2010, 25, 930, 2.7);
INSERT INTO RangeProj VALUES(0, 3041);
INSERT INTO Projection VALUES(3041, 2015, 12, 899, 1.3);
INSERT INTO RangeProj VALUES(0, 3042);
INSERT INTO Projection VALUES(3042, 2020, 11, 863, 1.3);
INSERT INTO RangeProj VALUES(0, 3043);
INSERT INTO Projection VALUES(3043, 2025, 9, 821, 1.1);
INSERT INTO RangeProj VALUES(0, 3044);
INSERT INTO Projection VALUES(3044, 2010, 35, 930, 3.8);
INSERT INTO RangeProj VALUES(0, 3045);
INSERT INTO Projection VALUES(3045, 2015, 32, 899, 3.6);
INSERT INTO RangeProj VALUES(0, 3046);
INSERT INTO Projection VALUES(3046, 2020, 22, 863, 2.5);
INSERT INTO RangeProj VALUES(0, 3047);
INSERT INTO Projection VALUES(3047, 2025, 20, 821, 2.4);
INSERT INTO RangeProj VALUES(0, 3048);
INSERT INTO Projection VALUES(3048, 2010, 23, 930, 2.5);
INSERT INTO RangeProj VALUES(0, 3049);
INSERT INTO Projection VALUES(3049, 2015, 30, 899, 3.3);
INSERT INTO RangeProj VALUES(0, 3050);
INSERT INTO Projection VALUES(3050, 2020, 29, 863, 3.4);
INSERT INTO RangeProj VALUES(0, 3051);
INSERT INTO Projection VALUES(3051, 2025, 24, 821, 2.9);
INSERT INTO RangeProj VALUES(0, 3052);
INSERT INTO Projection VALUES(3052, 2010, 59, 930, 6.3);
INSERT INTO RangeProj VALUES(0, 3053);
INSERT INTO Projection VALUES(3053, 2015, 39, 899, 4.3);
INSERT INTO RangeProj VALUES(0, 3054);
INSERT INTO Projection VALUES(3054, 2020, 42, 863, 4.9);
INSERT INTO RangeProj VALUES(0, 3055);
INSERT INTO Projection VALUES(3055, 2025, 45, 821, 5.5);
INSERT INTO RangeProj VALUES(0, 3056);
INSERT INTO Projection VALUES(3056, 2010, 59, 930, 6.3);
INSERT INTO RangeProj VALUES(0, 3057);
INSERT INTO Projection VALUES(3057, 2015, 57, 899, 6.3);
INSERT INTO RangeProj VALUES(0, 3058);
INSERT INTO Projection VALUES(3058, 2020, 43, 863, 5.0);
INSERT INTO RangeProj VALUES(0, 3059);
INSERT INTO Projection VALUES(3059, 2025, 41, 821, 5.0);
INSERT INTO RangeProj VALUES(0, 3060);
INSERT INTO Projection VALUES(3060, 2010, 66, 930, 7.1);
INSERT INTO RangeProj VALUES(0, 3061);
INSERT INTO Projection VALUES(3061, 2015, 59, 899, 6.6);
INSERT INTO RangeProj VALUES(0, 3062);
INSERT INTO Projection VALUES(3062, 2020, 56, 863, 6.5);
INSERT INTO RangeProj VALUES(0, 3063);
INSERT INTO Projection VALUES(3063, 2025, 46, 821, 5.6);
INSERT INTO RangeProj VALUES(0, 3064);
INSERT INTO Projection VALUES(3064, 2010, 70, 930, 7.5);
INSERT INTO RangeProj VALUES(0, 3065);
INSERT INTO Projection VALUES(3065, 2015, 58, 899, 6.5);
INSERT INTO RangeProj VALUES(0, 3066);
INSERT INTO Projection VALUES(3066, 2020, 50, 863, 5.8);
INSERT INTO RangeProj VALUES(0, 3067);
INSERT INTO Projection VALUES(3067, 2025, 46, 821, 5.6);
INSERT INTO RangeProj VALUES(0, 3068);
INSERT INTO Projection VALUES(3068, 2010, 63, 930, 6.8);
INSERT INTO RangeProj VALUES(0, 3069);
INSERT INTO Projection VALUES(3069, 2015, 71, 899, 7.9);
INSERT INTO RangeProj VALUES(0, 3070);
INSERT INTO Projection VALUES(3070, 2020, 55, 863, 6.4);
INSERT INTO RangeProj VALUES(0, 3071);
INSERT INTO Projection VALUES(3071, 2025, 48, 821, 5.8);
INSERT INTO RangeProj VALUES(0, 3072);
INSERT INTO Projection VALUES(3072, 2010, 77, 930, 8.3);
INSERT INTO RangeProj VALUES(0, 3073);
INSERT INTO Projection VALUES(3073, 2015, 85, 899, 9.5);
INSERT INTO RangeProj VALUES(0, 3074);
INSERT INTO Projection VALUES(3074, 2020, 90, 863, 10.4);
INSERT INTO RangeProj VALUES(0, 3075);
INSERT INTO Projection VALUES(3075, 2025, 69, 821, 8.4);
commit;
INSERT INTO RangeProj VALUES(0, 3076);
INSERT INTO Projection VALUES(3076, 2010, 63, 930, 6.8);
INSERT INTO RangeProj VALUES(0, 3077);
INSERT INTO Projection VALUES(3077, 2015, 81, 899, 9.0);
INSERT INTO RangeProj VALUES(0, 3078);
INSERT INTO Projection VALUES(3078, 2020, 80, 863, 9.3);
INSERT INTO RangeProj VALUES(0, 3079);
INSERT INTO Projection VALUES(3079, 2025, 84, 821, 10.2);
INSERT INTO RangeProj VALUES(0, 3080);
INSERT INTO Projection VALUES(3080, 2010, 44, 930, 4.7);
INSERT INTO RangeProj VALUES(0, 3081);
INSERT INTO Projection VALUES(3081, 2015, 60, 899, 6.7);
INSERT INTO RangeProj VALUES(0, 3082);
INSERT INTO Projection VALUES(3082, 2020, 75, 863, 8.7);
INSERT INTO RangeProj VALUES(0, 3083);
INSERT INTO Projection VALUES(3083, 2025, 73, 821, 8.9);
INSERT INTO RangeProj VALUES(0, 3084);
INSERT INTO Projection VALUES(3084, 2010, 44, 930, 4.7);
INSERT INTO RangeProj VALUES(0, 3085);
INSERT INTO Projection VALUES(3085, 2015, 42, 899, 4.7);
INSERT INTO RangeProj VALUES(0, 3086);
INSERT INTO Projection VALUES(3086, 2020, 56, 863, 6.5);
INSERT INTO RangeProj VALUES(0, 3087);
INSERT INTO Projection VALUES(3087, 2025, 72, 821, 8.8);
INSERT INTO RangeProj VALUES(0, 3088);
INSERT INTO Projection VALUES(3088, 2010, 53, 930, 5.7);
INSERT INTO RangeProj VALUES(0, 3089);
INSERT INTO Projection VALUES(3089, 2015, 37, 899, 4.1);
INSERT INTO RangeProj VALUES(0, 3090);
INSERT INTO Projection VALUES(3090, 2020, 36, 863, 4.2);
INSERT INTO RangeProj VALUES(0, 3091);
INSERT INTO Projection VALUES(3091, 2025, 43, 821, 5.2);
INSERT INTO RangeProj VALUES(0, 3092);
INSERT INTO Projection VALUES(3092, 2010, 43, 930, 4.6);
INSERT INTO RangeProj VALUES(0, 3093);
INSERT INTO Projection VALUES(3093, 2015, 53, 899, 5.9);
INSERT INTO RangeProj VALUES(0, 3094);
INSERT INTO Projection VALUES(3094, 2020, 48, 863, 5.6);
INSERT INTO RangeProj VALUES(0, 3095);
INSERT INTO Projection VALUES(3095, 2025, 44, 821, 5.4);
INSERT INTO SubRange VALUES(45400, 0);
INSERT INTO SubRange VALUES(45400, 1);
INSERT INTO SubRange VALUES(45400, 2);
INSERT INTO SubRange VALUES(45400, 3);
INSERT INTO SubRange VALUES(45400, 4);
INSERT INTO SubRange VALUES(45400, 5);
INSERT INTO SubRange VALUES(45400, 6);
INSERT INTO SubRange VALUES(45400, 7);
INSERT INTO SubRange VALUES(45400, 8);
INSERT INTO SubRange VALUES(45400, 9);
INSERT INTO SubRange VALUES(45400, 10);
INSERT INTO SubRange VALUES(45400, 11);
INSERT INTO SubRange VALUES(45400, 12);
INSERT INTO SubRange VALUES(45400, 13);
INSERT INTO SubRange VALUES(45400, 14);
INSERT INTO SubRange VALUES(45400, 15);
INSERT INTO SubRange VALUES(45400, 16);
INSERT INTO SubRange VALUES(45400, 17);
INSERT INTO Suburb VALUES(45540, 'Peterborough');
INSERT INTO RangeProj VALUES(0, 3096);
INSERT INTO Projection VALUES(3096, 2010, 115, 2006, 5.7);
INSERT INTO RangeProj VALUES(0, 3097);
INSERT INTO Projection VALUES(3097, 2015, 108, 1966, 5.5);
INSERT INTO RangeProj VALUES(0, 3098);
INSERT INTO Projection VALUES(3098, 2020, 92, 1915, 4.8);
INSERT INTO RangeProj VALUES(0, 3099);
INSERT INTO Projection VALUES(3099, 2025, 84, 1853, 4.5);
INSERT INTO RangeProj VALUES(0, 3100);
INSERT INTO Projection VALUES(3100, 2010, 126, 2006, 6.3);
INSERT INTO RangeProj VALUES(0, 3101);
INSERT INTO Projection VALUES(3101, 2015, 124, 1966, 6.3);
INSERT INTO RangeProj VALUES(0, 3102);
INSERT INTO Projection VALUES(3102, 2020, 119, 1915, 6.2);
INSERT INTO RangeProj VALUES(0, 3103);
INSERT INTO Projection VALUES(3103, 2025, 105, 1853, 5.7);
INSERT INTO RangeProj VALUES(0, 3104);
INSERT INTO Projection VALUES(3104, 2010, 135, 2006, 6.7);
INSERT INTO RangeProj VALUES(0, 3105);
INSERT INTO Projection VALUES(3105, 2015, 122, 1966, 6.2);
INSERT INTO RangeProj VALUES(0, 3106);
INSERT INTO Projection VALUES(3106, 2020, 121, 1915, 6.3);
INSERT INTO RangeProj VALUES(0, 3107);
INSERT INTO Projection VALUES(3107, 2025, 116, 1853, 6.3);
INSERT INTO RangeProj VALUES(0, 3108);
INSERT INTO Projection VALUES(3108, 2010, 75, 2006, 3.7);
INSERT INTO RangeProj VALUES(0, 3109);
INSERT INTO Projection VALUES(3109, 2015, 72, 1966, 3.7);
INSERT INTO RangeProj VALUES(0, 3110);
INSERT INTO Projection VALUES(3110, 2020, 65, 1915, 3.4);
INSERT INTO RangeProj VALUES(0, 3111);
INSERT INTO Projection VALUES(3111, 2025, 62, 1853, 3.3);
INSERT INTO RangeProj VALUES(0, 3112);
INSERT INTO Projection VALUES(3112, 2010, 67, 2006, 3.3);
INSERT INTO RangeProj VALUES(0, 3113);
INSERT INTO Projection VALUES(3113, 2015, 50, 1966, 2.5);
INSERT INTO RangeProj VALUES(0, 3114);
INSERT INTO Projection VALUES(3114, 2020, 46, 1915, 2.4);
INSERT INTO RangeProj VALUES(0, 3115);
INSERT INTO Projection VALUES(3115, 2025, 42, 1853, 2.3);
INSERT INTO RangeProj VALUES(0, 3116);
INSERT INTO Projection VALUES(3116, 2010, 95, 2006, 4.7);
commit;
INSERT INTO RangeProj VALUES(0, 3117);
INSERT INTO Projection VALUES(3117, 2015, 81, 1966, 4.1);
INSERT INTO RangeProj VALUES(0, 3118);
INSERT INTO Projection VALUES(3118, 2020, 68, 1915, 3.6);
INSERT INTO RangeProj VALUES(0, 3119);
INSERT INTO Projection VALUES(3119, 2025, 59, 1853, 3.2);
INSERT INTO RangeProj VALUES(0, 3120);
INSERT INTO Projection VALUES(3120, 2010, 84, 2006, 4.2);
INSERT INTO RangeProj VALUES(0, 3121);
INSERT INTO Projection VALUES(3121, 2015, 92, 1966, 4.7);
INSERT INTO RangeProj VALUES(0, 3122);
INSERT INTO Projection VALUES(3122, 2020, 87, 1915, 4.5);
INSERT INTO RangeProj VALUES(0, 3123);
INSERT INTO Projection VALUES(3123, 2025, 80, 1853, 4.3);
INSERT INTO RangeProj VALUES(0, 3124);
INSERT INTO Projection VALUES(3124, 2010, 127, 2006, 6.3);
INSERT INTO RangeProj VALUES(0, 3125);
INSERT INTO Projection VALUES(3125, 2015, 103, 1966, 5.2);
INSERT INTO RangeProj VALUES(0, 3126);
INSERT INTO Projection VALUES(3126, 2020, 103, 1915, 5.4);
INSERT INTO RangeProj VALUES(0, 3127);
INSERT INTO Projection VALUES(3127, 2025, 103, 1853, 5.6);
INSERT INTO RangeProj VALUES(0, 3128);
INSERT INTO Projection VALUES(3128, 2010, 111, 2006, 5.5);
INSERT INTO RangeProj VALUES(0, 3129);
INSERT INTO Projection VALUES(3129, 2015, 111, 1966, 5.6);
INSERT INTO RangeProj VALUES(0, 3130);
INSERT INTO Projection VALUES(3130, 2020, 84, 1915, 4.4);
INSERT INTO RangeProj VALUES(0, 3131);
INSERT INTO Projection VALUES(3131, 2025, 83, 1853, 4.5);
INSERT INTO RangeProj VALUES(0, 3132);
INSERT INTO Projection VALUES(3132, 2010, 145, 2006, 7.2);
INSERT INTO RangeProj VALUES(0, 3133);
INSERT INTO Projection VALUES(3133, 2015, 134, 1966, 6.8);
INSERT INTO RangeProj VALUES(0, 3134);
INSERT INTO Projection VALUES(3134, 2020, 125, 1915, 6.5);
INSERT INTO RangeProj VALUES(0, 3135);
INSERT INTO Projection VALUES(3135, 2025, 97, 1853, 5.2);
INSERT INTO RangeProj VALUES(0, 3136);
INSERT INTO Projection VALUES(3136, 2010, 164, 2006, 8.2);
INSERT INTO RangeProj VALUES(0, 3137);
INSERT INTO Projection VALUES(3137, 2015, 156, 1966, 7.9);
INSERT INTO RangeProj VALUES(0, 3138);
INSERT INTO Projection VALUES(3138, 2020, 147, 1915, 7.7);
INSERT INTO RangeProj VALUES(0, 3139);
INSERT INTO Projection VALUES(3139, 2025, 136, 1853, 7.3);
INSERT INTO RangeProj VALUES(0, 3140);
INSERT INTO Projection VALUES(3140, 2010, 158, 2006, 7.9);
INSERT INTO RangeProj VALUES(0, 3141);
INSERT INTO Projection VALUES(3141, 2015, 179, 1966, 9.1);
INSERT INTO RangeProj VALUES(0, 3142);
INSERT INTO Projection VALUES(3142, 2020, 173, 1915, 9.0);
INSERT INTO RangeProj VALUES(0, 3143);
INSERT INTO Projection VALUES(3143, 2025, 163, 1853, 8.8);
INSERT INTO RangeProj VALUES(0, 3144);
INSERT INTO Projection VALUES(3144, 2010, 162, 2006, 8.1);
INSERT INTO RangeProj VALUES(0, 3145);
INSERT INTO Projection VALUES(3145, 2015, 158, 1966, 8.0);
INSERT INTO RangeProj VALUES(0, 3146);
INSERT INTO Projection VALUES(3146, 2020, 177, 1915, 9.2);
INSERT INTO RangeProj VALUES(0, 3147);
INSERT INTO Projection VALUES(3147, 2025, 172, 1853, 9.3);
INSERT INTO RangeProj VALUES(0, 3148);
INSERT INTO Projection VALUES(3148, 2010, 123, 2006, 6.1);
INSERT INTO RangeProj VALUES(0, 3149);
INSERT INTO Projection VALUES(3149, 2015, 142, 1966, 7.2);
INSERT INTO RangeProj VALUES(0, 3150);
INSERT INTO Projection VALUES(3150, 2020, 139, 1915, 7.3);
INSERT INTO RangeProj VALUES(0, 3151);
INSERT INTO Projection VALUES(3151, 2025, 157, 1853, 8.5);
INSERT INTO RangeProj VALUES(0, 3152);
INSERT INTO Projection VALUES(3152, 2010, 122, 2006, 6.1);
INSERT INTO RangeProj VALUES(0, 3153);
INSERT INTO Projection VALUES(3153, 2015, 116, 1966, 5.9);
INSERT INTO RangeProj VALUES(0, 3154);
INSERT INTO Projection VALUES(3154, 2020, 131, 1915, 6.8);
INSERT INTO RangeProj VALUES(0, 3155);
INSERT INTO Projection VALUES(3155, 2025, 133, 1853, 7.2);
INSERT INTO RangeProj VALUES(0, 3156);
INSERT INTO Projection VALUES(3156, 2010, 79, 2006, 3.9);
INSERT INTO RangeProj VALUES(0, 3157);
INSERT INTO Projection VALUES(3157, 2015, 89, 1966, 4.5);
INSERT INTO RangeProj VALUES(0, 3158);
INSERT INTO Projection VALUES(3158, 2020, 88, 1915, 4.6);
INSERT INTO RangeProj VALUES(0, 3159);
INSERT INTO Projection VALUES(3159, 2025, 108, 1853, 5.8);
INSERT INTO RangeProj VALUES(0, 3160);
INSERT INTO Projection VALUES(3160, 2010, 56, 2006, 2.8);
INSERT INTO RangeProj VALUES(0, 3161);
INSERT INTO Projection VALUES(3161, 2015, 59, 1966, 3.0);
INSERT INTO RangeProj VALUES(0, 3162);
INSERT INTO Projection VALUES(3162, 2020, 70, 1915, 3.7);
INSERT INTO RangeProj VALUES(0, 3163);
INSERT INTO Projection VALUES(3163, 2025, 64, 1853, 3.5);
INSERT INTO RangeProj VALUES(0, 3164);
INSERT INTO Projection VALUES(3164, 2010, 62, 2006, 3.1);
INSERT INTO RangeProj VALUES(0, 3165);
INSERT INTO Projection VALUES(3165, 2015, 70, 1966, 3.6);
INSERT INTO RangeProj VALUES(0, 3166);
INSERT INTO Projection VALUES(3166, 2020, 80, 1915, 4.2);
INSERT INTO RangeProj VALUES(0, 3167);
commit;
INSERT INTO Projection VALUES(3167, 2025, 89, 1853, 4.8);
INSERT INTO SubRange VALUES(45540, 0);
INSERT INTO SubRange VALUES(45540, 1);
INSERT INTO SubRange VALUES(45540, 2);
INSERT INTO SubRange VALUES(45540, 3);
INSERT INTO SubRange VALUES(45540, 4);
INSERT INTO SubRange VALUES(45540, 5);
INSERT INTO SubRange VALUES(45540, 6);
INSERT INTO SubRange VALUES(45540, 7);
INSERT INTO SubRange VALUES(45540, 8);
INSERT INTO SubRange VALUES(45540, 9);
INSERT INTO SubRange VALUES(45540, 10);
INSERT INTO SubRange VALUES(45540, 11);
INSERT INTO SubRange VALUES(45540, 12);
INSERT INTO SubRange VALUES(45540, 13);
INSERT INTO SubRange VALUES(45540, 14);
INSERT INTO SubRange VALUES(45540, 15);
INSERT INTO SubRange VALUES(45540, 16);
INSERT INTO SubRange VALUES(45540, 17);
INSERT INTO Suburb VALUES(45680, 'Playford');
INSERT INTO RangeProj VALUES(0, 3168);
INSERT INTO Projection VALUES(3168, 2010, 5972, 77475, 7.7);
INSERT INTO RangeProj VALUES(0, 3169);
INSERT INTO Projection VALUES(3169, 2015, 6587, 85568, 7.7);
INSERT INTO RangeProj VALUES(0, 3170);
INSERT INTO Projection VALUES(3170, 2020, 7007, 93793, 7.5);
INSERT INTO RangeProj VALUES(0, 3171);
INSERT INTO Projection VALUES(3171, 2025, 7316, 101983, 7.2);
INSERT INTO RangeProj VALUES(0, 3172);
INSERT INTO Projection VALUES(3172, 2010, 5664, 77475, 7.3);
INSERT INTO RangeProj VALUES(0, 3173);
INSERT INTO Projection VALUES(3173, 2015, 6498, 85568, 7.6);
INSERT INTO RangeProj VALUES(0, 3174);
INSERT INTO Projection VALUES(3174, 2020, 7135, 93793, 7.6);
INSERT INTO RangeProj VALUES(0, 3175);
INSERT INTO Projection VALUES(3175, 2025, 7605, 101983, 7.5);
INSERT INTO RangeProj VALUES(0, 3176);
INSERT INTO Projection VALUES(3176, 2010, 5800, 77475, 7.5);
INSERT INTO RangeProj VALUES(0, 3177);
INSERT INTO Projection VALUES(3177, 2015, 6011, 85568, 7.0);
INSERT INTO RangeProj VALUES(0, 3178);
INSERT INTO Projection VALUES(3178, 2020, 6825, 93793, 7.3);
INSERT INTO RangeProj VALUES(0, 3179);
INSERT INTO Projection VALUES(3179, 2025, 7467, 101983, 7.3);
INSERT INTO RangeProj VALUES(0, 3180);
INSERT INTO Projection VALUES(3180, 2010, 5804, 77475, 7.5);
INSERT INTO RangeProj VALUES(0, 3181);
INSERT INTO Projection VALUES(3181, 2015, 5933, 85568, 6.9);
INSERT INTO RangeProj VALUES(0, 3182);
INSERT INTO Projection VALUES(3182, 2020, 6099, 93793, 6.5);
INSERT INTO RangeProj VALUES(0, 3183);
INSERT INTO Projection VALUES(3183, 2025, 6850, 101983, 6.7);
INSERT INTO RangeProj VALUES(0, 3184);
INSERT INTO Projection VALUES(3184, 2010, 5751, 77475, 7.4);
INSERT INTO RangeProj VALUES(0, 3185);
INSERT INTO Projection VALUES(3185, 2015, 6195, 85568, 7.2);
INSERT INTO RangeProj VALUES(0, 3186);
INSERT INTO Projection VALUES(3186, 2020, 6278, 93793, 6.7);
INSERT INTO RangeProj VALUES(0, 3187);
INSERT INTO Projection VALUES(3187, 2025, 6365, 101983, 6.2);
INSERT INTO RangeProj VALUES(0, 3188);
INSERT INTO Projection VALUES(3188, 2010, 5603, 77475, 7.2);
INSERT INTO RangeProj VALUES(0, 3189);
INSERT INTO Projection VALUES(3189, 2015, 6120, 85568, 7.2);
INSERT INTO RangeProj VALUES(0, 3190);
INSERT INTO Projection VALUES(3190, 2020, 6535, 93793, 7.0);
INSERT INTO RangeProj VALUES(0, 3191);
INSERT INTO Projection VALUES(3191, 2025, 6630, 101983, 6.5);
INSERT INTO RangeProj VALUES(0, 3192);
INSERT INTO Projection VALUES(3192, 2010, 4957, 77475, 6.4);
INSERT INTO RangeProj VALUES(0, 3193);
INSERT INTO Projection VALUES(3193, 2015, 6123, 85568, 7.2);
INSERT INTO RangeProj VALUES(0, 3194);
INSERT INTO Projection VALUES(3194, 2020, 6605, 93793, 7.0);
INSERT INTO RangeProj VALUES(0, 3195);
INSERT INTO Projection VALUES(3195, 2025, 7016, 101983, 6.9);
INSERT INTO RangeProj VALUES(0, 3196);
INSERT INTO Projection VALUES(3196, 2010, 5264, 77475, 6.8);
INSERT INTO RangeProj VALUES(0, 3197);
INSERT INTO Projection VALUES(3197, 2015, 5555, 85568, 6.5);
INSERT INTO RangeProj VALUES(0, 3198);
INSERT INTO Projection VALUES(3198, 2020, 6717, 93793, 7.2);
INSERT INTO RangeProj VALUES(0, 3199);
INSERT INTO Projection VALUES(3199, 2025, 7216, 101983, 7.1);
INSERT INTO RangeProj VALUES(0, 3200);
INSERT INTO Projection VALUES(3200, 2010, 5488, 77475, 7.1);
INSERT INTO RangeProj VALUES(0, 3201);
INSERT INTO Projection VALUES(3201, 2015, 5689, 85568, 6.6);
INSERT INTO RangeProj VALUES(0, 3202);
INSERT INTO Projection VALUES(3202, 2020, 5965, 93793, 6.4);
INSERT INTO RangeProj VALUES(0, 3203);
INSERT INTO Projection VALUES(3203, 2025, 7132, 101983, 7.0);
INSERT INTO RangeProj VALUES(0, 3204);
INSERT INTO Projection VALUES(3204, 2010, 5220, 77475, 6.7);
INSERT INTO RangeProj VALUES(0, 3205);
INSERT INTO Projection VALUES(3205, 2015, 5364, 85568, 6.3);
INSERT INTO RangeProj VALUES(0, 3206);
INSERT INTO Projection VALUES(3206, 2020, 5639, 93793, 6.0);
INSERT INTO RangeProj VALUES(0, 3207);
INSERT INTO Projection VALUES(3207, 2025, 5864, 101983, 5.7);
INSERT INTO RangeProj VALUES(0, 3208);
commit;
INSERT INTO Projection VALUES(3208, 2010, 5030, 77475, 6.5);
INSERT INTO RangeProj VALUES(0, 3209);
INSERT INTO Projection VALUES(3209, 2015, 5281, 85568, 6.2);
INSERT INTO RangeProj VALUES(0, 3210);
INSERT INTO Projection VALUES(3210, 2020, 5406, 93793, 5.8);
INSERT INTO RangeProj VALUES(0, 3211);
INSERT INTO Projection VALUES(3211, 2025, 5703, 101983, 5.6);
INSERT INTO RangeProj VALUES(0, 3212);
INSERT INTO Projection VALUES(3212, 2010, 3939, 77475, 5.1);
INSERT INTO RangeProj VALUES(0, 3213);
INSERT INTO Projection VALUES(3213, 2015, 5018, 85568, 5.9);
INSERT INTO RangeProj VALUES(0, 3214);
INSERT INTO Projection VALUES(3214, 2020, 5303, 93793, 5.7);
INSERT INTO RangeProj VALUES(0, 3215);
INSERT INTO Projection VALUES(3215, 2025, 5421, 101983, 5.3);
INSERT INTO RangeProj VALUES(0, 3216);
INSERT INTO Projection VALUES(3216, 2010, 3567, 77475, 4.6);
INSERT INTO RangeProj VALUES(0, 3217);
INSERT INTO Projection VALUES(3217, 2015, 4079, 85568, 4.8);
INSERT INTO RangeProj VALUES(0, 3218);
INSERT INTO Projection VALUES(3218, 2020, 5028, 93793, 5.4);
INSERT INTO RangeProj VALUES(0, 3219);
INSERT INTO Projection VALUES(3219, 2025, 5354, 101983, 5.2);
INSERT INTO RangeProj VALUES(0, 3220);
INSERT INTO Projection VALUES(3220, 2010, 2666, 77475, 3.4);
INSERT INTO RangeProj VALUES(0, 3221);
INSERT INTO Projection VALUES(3221, 2015, 3565, 85568, 4.2);
INSERT INTO RangeProj VALUES(0, 3222);
INSERT INTO Projection VALUES(3222, 2020, 4092, 93793, 4.4);
INSERT INTO RangeProj VALUES(0, 3223);
INSERT INTO Projection VALUES(3223, 2025, 4959, 101983, 4.9);
INSERT INTO RangeProj VALUES(0, 3224);
INSERT INTO Projection VALUES(3224, 2010, 2461, 77475, 3.2);
INSERT INTO RangeProj VALUES(0, 3225);
INSERT INTO Projection VALUES(3225, 2015, 2604, 85568, 3.0);
INSERT INTO RangeProj VALUES(0, 3226);
INSERT INTO Projection VALUES(3226, 2020, 3497, 93793, 3.7);
INSERT INTO RangeProj VALUES(0, 3227);
INSERT INTO Projection VALUES(3227, 2025, 3994, 101983, 3.9);
INSERT INTO RangeProj VALUES(0, 3228);
INSERT INTO Projection VALUES(3228, 2010, 1964, 77475, 2.5);
INSERT INTO RangeProj VALUES(0, 3229);
INSERT INTO Projection VALUES(3229, 2015, 2193, 85568, 2.6);
INSERT INTO RangeProj VALUES(0, 3230);
INSERT INTO Projection VALUES(3230, 2020, 2450, 93793, 2.6);
INSERT INTO RangeProj VALUES(0, 3231);
INSERT INTO Projection VALUES(3231, 2025, 3307, 101983, 3.2);
INSERT INTO RangeProj VALUES(0, 3232);
INSERT INTO Projection VALUES(3232, 2010, 1373, 77475, 1.8);
INSERT INTO RangeProj VALUES(0, 3233);
INSERT INTO Projection VALUES(3233, 2015, 1492, 85568, 1.7);
INSERT INTO RangeProj VALUES(0, 3234);
INSERT INTO Projection VALUES(3234, 2020, 1755, 93793, 1.9);
INSERT INTO RangeProj VALUES(0, 3235);
INSERT INTO Projection VALUES(3235, 2025, 2039, 101983, 2.0);
INSERT INTO RangeProj VALUES(0, 3236);
INSERT INTO Projection VALUES(3236, 2010, 952, 77475, 1.2);
INSERT INTO RangeProj VALUES(0, 3237);
INSERT INTO Projection VALUES(3237, 2015, 1261, 85568, 1.5);
INSERT INTO RangeProj VALUES(0, 3238);
INSERT INTO Projection VALUES(3238, 2020, 1457, 93793, 1.6);
INSERT INTO RangeProj VALUES(0, 3239);
INSERT INTO Projection VALUES(3239, 2025, 1745, 101983, 1.7);
INSERT INTO SubRange VALUES(45680, 0);
INSERT INTO SubRange VALUES(45680, 1);
INSERT INTO SubRange VALUES(45680, 2);
INSERT INTO SubRange VALUES(45680, 3);
INSERT INTO SubRange VALUES(45680, 4);
INSERT INTO SubRange VALUES(45680, 5);
INSERT INTO SubRange VALUES(45680, 6);
INSERT INTO SubRange VALUES(45680, 7);
INSERT INTO SubRange VALUES(45680, 8);
INSERT INTO SubRange VALUES(45680, 9);
INSERT INTO SubRange VALUES(45680, 10);
INSERT INTO SubRange VALUES(45680, 11);
INSERT INTO SubRange VALUES(45680, 12);
INSERT INTO SubRange VALUES(45680, 13);
INSERT INTO SubRange VALUES(45680, 14);
INSERT INTO SubRange VALUES(45680, 15);
INSERT INTO SubRange VALUES(45680, 16);
INSERT INTO SubRange VALUES(45680, 17);
INSERT INTO Suburb VALUES(45890, 'Port Adelaide Enfield');
INSERT INTO RangeProj VALUES(0, 3240);
INSERT INTO Projection VALUES(3240, 2010, 6993, 112565, 6.2);
INSERT INTO RangeProj VALUES(0, 3241);
INSERT INTO Projection VALUES(3241, 2015, 7485, 119539, 6.3);
INSERT INTO RangeProj VALUES(0, 3242);
INSERT INTO Projection VALUES(3242, 2020, 7860, 126858, 6.2);
INSERT INTO RangeProj VALUES(0, 3243);
INSERT INTO Projection VALUES(3243, 2025, 8116, 134255, 6.0);
INSERT INTO RangeProj VALUES(0, 3244);
INSERT INTO Projection VALUES(3244, 2010, 5899, 112565, 5.2);
INSERT INTO RangeProj VALUES(0, 3245);
INSERT INTO Projection VALUES(3245, 2015, 6739, 119539, 5.6);
INSERT INTO RangeProj VALUES(0, 3246);
INSERT INTO Projection VALUES(3246, 2020, 7196, 126858, 5.7);
INSERT INTO RangeProj VALUES(0, 3247);
INSERT INTO Projection VALUES(3247, 2025, 7535, 134255, 5.6);
INSERT INTO RangeProj VALUES(0, 3248);
INSERT INTO Projection VALUES(3248, 2010, 6244, 112565, 5.5);
INSERT INTO RangeProj VALUES(0, 3249);
commit;
INSERT INTO Projection VALUES(3249, 2015, 6031, 119539, 5.0);
INSERT INTO RangeProj VALUES(0, 3250);
INSERT INTO Projection VALUES(3250, 2020, 6801, 126858, 5.4);
INSERT INTO RangeProj VALUES(0, 3251);
INSERT INTO Projection VALUES(3251, 2025, 7236, 134255, 5.4);
INSERT INTO RangeProj VALUES(0, 3252);
INSERT INTO Projection VALUES(3252, 2010, 7175, 112565, 6.4);
INSERT INTO RangeProj VALUES(0, 3253);
INSERT INTO Projection VALUES(3253, 2015, 7334, 119539, 6.1);
INSERT INTO RangeProj VALUES(0, 3254);
INSERT INTO Projection VALUES(3254, 2020, 7198, 126858, 5.7);
INSERT INTO RangeProj VALUES(0, 3255);
INSERT INTO Projection VALUES(3255, 2025, 7954, 134255, 5.9);
INSERT INTO RangeProj VALUES(0, 3256);
INSERT INTO Projection VALUES(3256, 2010, 8159, 112565, 7.2);
INSERT INTO RangeProj VALUES(0, 3257);
INSERT INTO Projection VALUES(3257, 2015, 8774, 119539, 7.3);
INSERT INTO RangeProj VALUES(0, 3258);
INSERT INTO Projection VALUES(3258, 2020, 8881, 126858, 7.0);
INSERT INTO RangeProj VALUES(0, 3259);
INSERT INTO Projection VALUES(3259, 2025, 8845, 134255, 6.6);
INSERT INTO RangeProj VALUES(0, 3260);
INSERT INTO Projection VALUES(3260, 2010, 8611, 112565, 7.6);
INSERT INTO RangeProj VALUES(0, 3261);
INSERT INTO Projection VALUES(3261, 2015, 8928, 119539, 7.5);
INSERT INTO RangeProj VALUES(0, 3262);
INSERT INTO Projection VALUES(3262, 2020, 9406, 126858, 7.4);
INSERT INTO RangeProj VALUES(0, 3263);
INSERT INTO Projection VALUES(3263, 2025, 9434, 134255, 7.0);
INSERT INTO RangeProj VALUES(0, 3264);
INSERT INTO Projection VALUES(3264, 2010, 7988, 112565, 7.1);
INSERT INTO RangeProj VALUES(0, 3265);
INSERT INTO Projection VALUES(3265, 2015, 9120, 119539, 7.6);
INSERT INTO RangeProj VALUES(0, 3266);
INSERT INTO Projection VALUES(3266, 2020, 9469, 126858, 7.5);
INSERT INTO RangeProj VALUES(0, 3267);
INSERT INTO Projection VALUES(3267, 2025, 9887, 134255, 7.4);
INSERT INTO RangeProj VALUES(0, 3268);
INSERT INTO Projection VALUES(3268, 2010, 8094, 112565, 7.2);
INSERT INTO RangeProj VALUES(0, 3269);
INSERT INTO Projection VALUES(3269, 2015, 8186, 119539, 6.8);
INSERT INTO RangeProj VALUES(0, 3270);
INSERT INTO Projection VALUES(3270, 2020, 9342, 126858, 7.4);
INSERT INTO RangeProj VALUES(0, 3271);
INSERT INTO Projection VALUES(3271, 2025, 9710, 134255, 7.2);
INSERT INTO RangeProj VALUES(0, 3272);
INSERT INTO Projection VALUES(3272, 2010, 7753, 112565, 6.9);
INSERT INTO RangeProj VALUES(0, 3273);
INSERT INTO Projection VALUES(3273, 2015, 8018, 119539, 6.7);
INSERT INTO RangeProj VALUES(0, 3274);
INSERT INTO Projection VALUES(3274, 2020, 8061, 126858, 6.4);
INSERT INTO RangeProj VALUES(0, 3275);
INSERT INTO Projection VALUES(3275, 2025, 9158, 134255, 6.8);
INSERT INTO RangeProj VALUES(0, 3276);
INSERT INTO Projection VALUES(3276, 2010, 7964, 112565, 7.1);
INSERT INTO RangeProj VALUES(0, 3277);
INSERT INTO Projection VALUES(3277, 2015, 7760, 119539, 6.5);
INSERT INTO RangeProj VALUES(0, 3278);
INSERT INTO Projection VALUES(3278, 2020, 8026, 126858, 6.3);
INSERT INTO RangeProj VALUES(0, 3279);
INSERT INTO Projection VALUES(3279, 2025, 8035, 134255, 6.0);
INSERT INTO RangeProj VALUES(0, 3280);
INSERT INTO Projection VALUES(3280, 2010, 7681, 112565, 6.8);
INSERT INTO RangeProj VALUES(0, 3281);
INSERT INTO Projection VALUES(3281, 2015, 8045, 119539, 6.7);
INSERT INTO RangeProj VALUES(0, 3282);
INSERT INTO Projection VALUES(3282, 2020, 7858, 126858, 6.2);
INSERT INTO RangeProj VALUES(0, 3283);
INSERT INTO Projection VALUES(3283, 2025, 8140, 134255, 6.1);
INSERT INTO RangeProj VALUES(0, 3284);
INSERT INTO Projection VALUES(3284, 2010, 6709, 112565, 6.0);
INSERT INTO RangeProj VALUES(0, 3285);
INSERT INTO Projection VALUES(3285, 2015, 7512, 119539, 6.3);
INSERT INTO RangeProj VALUES(0, 3286);
INSERT INTO Projection VALUES(3286, 2020, 7927, 126858, 6.2);
INSERT INTO RangeProj VALUES(0, 3287);
INSERT INTO Projection VALUES(3287, 2025, 7752, 134255, 5.8);
INSERT INTO RangeProj VALUES(0, 3288);
INSERT INTO Projection VALUES(3288, 2010, 5905, 112565, 5.2);
INSERT INTO RangeProj VALUES(0, 3289);
INSERT INTO Projection VALUES(3289, 2015, 6473, 119539, 5.4);
INSERT INTO RangeProj VALUES(0, 3290);
INSERT INTO Projection VALUES(3290, 2020, 7212, 126858, 5.7);
INSERT INTO RangeProj VALUES(0, 3291);
INSERT INTO Projection VALUES(3291, 2025, 7630, 134255, 5.7);
INSERT INTO RangeProj VALUES(0, 3292);
INSERT INTO Projection VALUES(3292, 2010, 4315, 112565, 3.8);
INSERT INTO RangeProj VALUES(0, 3293);
INSERT INTO Projection VALUES(3293, 2015, 5604, 119539, 4.7);
INSERT INTO RangeProj VALUES(0, 3294);
INSERT INTO Projection VALUES(3294, 2020, 6166, 126858, 4.9);
INSERT INTO RangeProj VALUES(0, 3295);
INSERT INTO Projection VALUES(3295, 2025, 6873, 134255, 5.1);
INSERT INTO RangeProj VALUES(0, 3296);
INSERT INTO Projection VALUES(3296, 2010, 3792, 112565, 3.4);
INSERT INTO RangeProj VALUES(0, 3297);
INSERT INTO Projection VALUES(3297, 2015, 4168, 119539, 3.5);
INSERT INTO RangeProj VALUES(0, 3298);
INSERT INTO Projection VALUES(3298, 2020, 5441, 126858, 4.3);
INSERT INTO RangeProj VALUES(0, 3299);
INSERT INTO Projection VALUES(3299, 2025, 6045, 134255, 4.5);
commit;
INSERT INTO RangeProj VALUES(0, 3300);
INSERT INTO Projection VALUES(3300, 2010, 3409, 112565, 3.0);
INSERT INTO RangeProj VALUES(0, 3301);
INSERT INTO Projection VALUES(3301, 2015, 3455, 119539, 2.9);
INSERT INTO RangeProj VALUES(0, 3302);
INSERT INTO Projection VALUES(3302, 2020, 3936, 126858, 3.1);
INSERT INTO RangeProj VALUES(0, 3303);
INSERT INTO Projection VALUES(3303, 2025, 5171, 134255, 3.9);
INSERT INTO RangeProj VALUES(0, 3304);
INSERT INTO Projection VALUES(3304, 2010, 3088, 112565, 2.7);
INSERT INTO RangeProj VALUES(0, 3305);
INSERT INTO Projection VALUES(3305, 2015, 2761, 119539, 2.3);
INSERT INTO RangeProj VALUES(0, 3306);
INSERT INTO Projection VALUES(3306, 2020, 2929, 126858, 2.3);
INSERT INTO RangeProj VALUES(0, 3307);
INSERT INTO Projection VALUES(3307, 2025, 3426, 134255, 2.6);
INSERT INTO RangeProj VALUES(0, 3308);
INSERT INTO Projection VALUES(3308, 2010, 2786, 112565, 2.5);
INSERT INTO RangeProj VALUES(0, 3309);
INSERT INTO Projection VALUES(3309, 2015, 3146, 119539, 2.6);
INSERT INTO RangeProj VALUES(0, 3310);
INSERT INTO Projection VALUES(3310, 2020, 3149, 126858, 2.5);
INSERT INTO RangeProj VALUES(0, 3311);
INSERT INTO Projection VALUES(3311, 2025, 3308, 134255, 2.5);
INSERT INTO SubRange VALUES(45890, 0);
INSERT INTO SubRange VALUES(45890, 1);
INSERT INTO SubRange VALUES(45890, 2);
INSERT INTO SubRange VALUES(45890, 3);
INSERT INTO SubRange VALUES(45890, 4);
INSERT INTO SubRange VALUES(45890, 5);
INSERT INTO SubRange VALUES(45890, 6);
INSERT INTO SubRange VALUES(45890, 7);
INSERT INTO SubRange VALUES(45890, 8);
INSERT INTO SubRange VALUES(45890, 9);
INSERT INTO SubRange VALUES(45890, 10);
INSERT INTO SubRange VALUES(45890, 11);
INSERT INTO SubRange VALUES(45890, 12);
INSERT INTO SubRange VALUES(45890, 13);
INSERT INTO SubRange VALUES(45890, 14);
INSERT INTO SubRange VALUES(45890, 15);
INSERT INTO SubRange VALUES(45890, 16);
INSERT INTO SubRange VALUES(45890, 17);
INSERT INTO Suburb VALUES(46090, 'Port Augusta');
INSERT INTO RangeProj VALUES(0, 3312);
INSERT INTO Projection VALUES(3312, 2010, 999, 14422, 6.9);
INSERT INTO RangeProj VALUES(0, 3313);
INSERT INTO Projection VALUES(3313, 2015, 977, 14753, 6.6);
INSERT INTO RangeProj VALUES(0, 3314);
INSERT INTO Projection VALUES(3314, 2020, 961, 15015, 6.4);
INSERT INTO RangeProj VALUES(0, 3315);
INSERT INTO Projection VALUES(3315, 2025, 928, 15189, 6.1);
INSERT INTO RangeProj VALUES(0, 3316);
INSERT INTO Projection VALUES(3316, 2010, 965, 14422, 6.7);
INSERT INTO RangeProj VALUES(0, 3317);
INSERT INTO Projection VALUES(3317, 2015, 991, 14753, 6.7);
INSERT INTO RangeProj VALUES(0, 3318);
INSERT INTO Projection VALUES(3318, 2020, 963, 15015, 6.4);
INSERT INTO RangeProj VALUES(0, 3319);
INSERT INTO Projection VALUES(3319, 2025, 953, 15189, 6.3);
INSERT INTO RangeProj VALUES(0, 3320);
INSERT INTO Projection VALUES(3320, 2010, 998, 14422, 6.9);
INSERT INTO RangeProj VALUES(0, 3321);
INSERT INTO Projection VALUES(3321, 2015, 952, 14753, 6.5);
INSERT INTO RangeProj VALUES(0, 3322);
INSERT INTO Projection VALUES(3322, 2020, 989, 15015, 6.6);
INSERT INTO RangeProj VALUES(0, 3323);
INSERT INTO Projection VALUES(3323, 2025, 962, 15189, 6.3);
INSERT INTO RangeProj VALUES(0, 3324);
INSERT INTO Projection VALUES(3324, 2010, 948, 14422, 6.6);
INSERT INTO RangeProj VALUES(0, 3325);
INSERT INTO Projection VALUES(3325, 2015, 867, 14753, 5.9);
INSERT INTO RangeProj VALUES(0, 3326);
INSERT INTO Projection VALUES(3326, 2020, 828, 15015, 5.5);
INSERT INTO RangeProj VALUES(0, 3327);
INSERT INTO Projection VALUES(3327, 2025, 854, 15189, 5.6);
INSERT INTO RangeProj VALUES(0, 3328);
INSERT INTO Projection VALUES(3328, 2010, 866, 14422, 6.0);
INSERT INTO RangeProj VALUES(0, 3329);
INSERT INTO Projection VALUES(3329, 2015, 819, 14753, 5.6);
INSERT INTO RangeProj VALUES(0, 3330);
INSERT INTO Projection VALUES(3330, 2020, 765, 15015, 5.1);
INSERT INTO RangeProj VALUES(0, 3331);
INSERT INTO Projection VALUES(3331, 2025, 724, 15189, 4.8);
INSERT INTO RangeProj VALUES(0, 3332);
INSERT INTO Projection VALUES(3332, 2010, 991, 14422, 6.9);
INSERT INTO RangeProj VALUES(0, 3333);
INSERT INTO Projection VALUES(3333, 2015, 990, 14753, 6.7);
INSERT INTO RangeProj VALUES(0, 3334);
INSERT INTO Projection VALUES(3334, 2020, 954, 15015, 6.4);
INSERT INTO RangeProj VALUES(0, 3335);
INSERT INTO Projection VALUES(3335, 2025, 897, 15189, 5.9);
INSERT INTO RangeProj VALUES(0, 3336);
INSERT INTO Projection VALUES(3336, 2010, 866, 14422, 6.0);
INSERT INTO RangeProj VALUES(0, 3337);
INSERT INTO Projection VALUES(3337, 2015, 942, 14753, 6.4);
INSERT INTO RangeProj VALUES(0, 3338);
INSERT INTO Projection VALUES(3338, 2020, 944, 15015, 6.3);
INSERT INTO RangeProj VALUES(0, 3339);
INSERT INTO Projection VALUES(3339, 2025, 914, 15189, 6.0);
INSERT INTO RangeProj VALUES(0, 3340);
INSERT INTO Projection VALUES(3340, 2010, 955, 14422, 6.6);
commit;
INSERT INTO RangeProj VALUES(0, 3341);
INSERT INTO Projection VALUES(3341, 2015, 878, 14753, 6.0);
INSERT INTO RangeProj VALUES(0, 3342);
INSERT INTO Projection VALUES(3342, 2020, 957, 15015, 6.4);
INSERT INTO RangeProj VALUES(0, 3343);
INSERT INTO Projection VALUES(3343, 2025, 961, 15189, 6.3);
INSERT INTO RangeProj VALUES(0, 3344);
INSERT INTO Projection VALUES(3344, 2010, 1030, 14422, 7.1);
INSERT INTO RangeProj VALUES(0, 3345);
INSERT INTO Projection VALUES(3345, 2015, 1022, 14753, 6.9);
INSERT INTO RangeProj VALUES(0, 3346);
INSERT INTO Projection VALUES(3346, 2020, 951, 15015, 6.3);
INSERT INTO RangeProj VALUES(0, 3347);
INSERT INTO Projection VALUES(3347, 2025, 1023, 15189, 6.7);
INSERT INTO RangeProj VALUES(0, 3348);
INSERT INTO Projection VALUES(3348, 2010, 1131, 14422, 7.8);
INSERT INTO RangeProj VALUES(0, 3349);
INSERT INTO Projection VALUES(3349, 2015, 1082, 14753, 7.3);
INSERT INTO RangeProj VALUES(0, 3350);
INSERT INTO Projection VALUES(3350, 2020, 1070, 15015, 7.1);
INSERT INTO RangeProj VALUES(0, 3351);
INSERT INTO Projection VALUES(3351, 2025, 1001, 15189, 6.6);
INSERT INTO RangeProj VALUES(0, 3352);
INSERT INTO Projection VALUES(3352, 2010, 1036, 14422, 7.2);
INSERT INTO RangeProj VALUES(0, 3353);
INSERT INTO Projection VALUES(3353, 2015, 1135, 14753, 7.7);
INSERT INTO RangeProj VALUES(0, 3354);
INSERT INTO Projection VALUES(3354, 2020, 1079, 15015, 7.2);
INSERT INTO RangeProj VALUES(0, 3355);
INSERT INTO Projection VALUES(3355, 2025, 1081, 15189, 7.1);
INSERT INTO RangeProj VALUES(0, 3356);
INSERT INTO Projection VALUES(3356, 2010, 872, 14422, 6.0);
INSERT INTO RangeProj VALUES(0, 3357);
INSERT INTO Projection VALUES(3357, 2015, 960, 14753, 6.5);
INSERT INTO RangeProj VALUES(0, 3358);
INSERT INTO Projection VALUES(3358, 2020, 1048, 15015, 7.0);
INSERT INTO RangeProj VALUES(0, 3359);
INSERT INTO Projection VALUES(3359, 2025, 1008, 15189, 6.6);
INSERT INTO RangeProj VALUES(0, 3360);
INSERT INTO Projection VALUES(3360, 2010, 848, 14422, 5.9);
INSERT INTO RangeProj VALUES(0, 3361);
INSERT INTO Projection VALUES(3361, 2015, 836, 14753, 5.7);
INSERT INTO RangeProj VALUES(0, 3362);
INSERT INTO Projection VALUES(3362, 2020, 910, 15015, 6.1);
INSERT INTO RangeProj VALUES(0, 3363);
INSERT INTO Projection VALUES(3363, 2025, 1000, 15189, 6.6);
INSERT INTO RangeProj VALUES(0, 3364);
INSERT INTO Projection VALUES(3364, 2010, 606, 14422, 4.2);
INSERT INTO RangeProj VALUES(0, 3365);
INSERT INTO Projection VALUES(3365, 2015, 789, 14753, 5.3);
INSERT INTO RangeProj VALUES(0, 3366);
INSERT INTO Projection VALUES(3366, 2020, 773, 15015, 5.1);
INSERT INTO RangeProj VALUES(0, 3367);
INSERT INTO Projection VALUES(3367, 2025, 843, 15189, 5.6);
INSERT INTO RangeProj VALUES(0, 3368);
INSERT INTO Projection VALUES(3368, 2010, 510, 14422, 3.5);
INSERT INTO RangeProj VALUES(0, 3369);
INSERT INTO Projection VALUES(3369, 2015, 564, 14753, 3.8);
INSERT INTO RangeProj VALUES(0, 3370);
INSERT INTO Projection VALUES(3370, 2020, 733, 15015, 4.9);
INSERT INTO RangeProj VALUES(0, 3371);
INSERT INTO Projection VALUES(3371, 2025, 715, 15189, 4.7);
INSERT INTO RangeProj VALUES(0, 3372);
INSERT INTO Projection VALUES(3372, 2010, 368, 14422, 2.6);
INSERT INTO RangeProj VALUES(0, 3373);
INSERT INTO Projection VALUES(3373, 2015, 460, 14753, 3.1);
INSERT INTO RangeProj VALUES(0, 3374);
INSERT INTO Projection VALUES(3374, 2020, 505, 15015, 3.4);
INSERT INTO RangeProj VALUES(0, 3375);
INSERT INTO Projection VALUES(3375, 2025, 649, 15189, 4.3);
INSERT INTO RangeProj VALUES(0, 3376);
INSERT INTO Projection VALUES(3376, 2010, 268, 14422, 1.9);
INSERT INTO RangeProj VALUES(0, 3377);
INSERT INTO Projection VALUES(3377, 2015, 281, 14753, 1.9);
INSERT INTO RangeProj VALUES(0, 3378);
INSERT INTO Projection VALUES(3378, 2020, 352, 15015, 2.3);
INSERT INTO RangeProj VALUES(0, 3379);
INSERT INTO Projection VALUES(3379, 2025, 394, 15189, 2.6);
INSERT INTO RangeProj VALUES(0, 3380);
INSERT INTO Projection VALUES(3380, 2010, 165, 14422, 1.1);
INSERT INTO RangeProj VALUES(0, 3381);
INSERT INTO Projection VALUES(3381, 2015, 208, 14753, 1.4);
INSERT INTO RangeProj VALUES(0, 3382);
INSERT INTO Projection VALUES(3382, 2020, 233, 15015, 1.6);
INSERT INTO RangeProj VALUES(0, 3383);
INSERT INTO Projection VALUES(3383, 2025, 282, 15189, 1.9);
INSERT INTO SubRange VALUES(46090, 0);
INSERT INTO SubRange VALUES(46090, 1);
INSERT INTO SubRange VALUES(46090, 2);
INSERT INTO SubRange VALUES(46090, 3);
INSERT INTO SubRange VALUES(46090, 4);
INSERT INTO SubRange VALUES(46090, 5);
INSERT INTO SubRange VALUES(46090, 6);
INSERT INTO SubRange VALUES(46090, 7);
INSERT INTO SubRange VALUES(46090, 8);
INSERT INTO SubRange VALUES(46090, 9);
INSERT INTO SubRange VALUES(46090, 10);
INSERT INTO SubRange VALUES(46090, 11);
INSERT INTO SubRange VALUES(46090, 12);
INSERT INTO SubRange VALUES(46090, 13);
INSERT INTO SubRange VALUES(46090, 14);
commit;
INSERT INTO SubRange VALUES(46090, 15);
INSERT INTO SubRange VALUES(46090, 16);
INSERT INTO SubRange VALUES(46090, 17);
INSERT INTO Suburb VALUES(46300, 'Port Lincoln');
INSERT INTO RangeProj VALUES(0, 3384);
INSERT INTO Projection VALUES(3384, 2010, 1015, 14482, 7.0);
INSERT INTO RangeProj VALUES(0, 3385);
INSERT INTO Projection VALUES(3385, 2015, 1021, 14826, 6.9);
INSERT INTO RangeProj VALUES(0, 3386);
INSERT INTO Projection VALUES(3386, 2020, 1025, 15134, 6.8);
INSERT INTO RangeProj VALUES(0, 3387);
INSERT INTO Projection VALUES(3387, 2025, 998, 15382, 6.5);
INSERT INTO RangeProj VALUES(0, 3388);
INSERT INTO Projection VALUES(3388, 2010, 948, 14482, 6.5);
INSERT INTO RangeProj VALUES(0, 3389);
INSERT INTO Projection VALUES(3389, 2015, 977, 14826, 6.6);
INSERT INTO RangeProj VALUES(0, 3390);
INSERT INTO Projection VALUES(3390, 2020, 983, 15134, 6.5);
INSERT INTO RangeProj VALUES(0, 3391);
INSERT INTO Projection VALUES(3391, 2025, 982, 15382, 6.4);
INSERT INTO RangeProj VALUES(0, 3392);
INSERT INTO Projection VALUES(3392, 2010, 1009, 14482, 7.0);
INSERT INTO RangeProj VALUES(0, 3393);
INSERT INTO Projection VALUES(3393, 2015, 916, 14826, 6.2);
INSERT INTO RangeProj VALUES(0, 3394);
INSERT INTO Projection VALUES(3394, 2020, 947, 15134, 6.3);
INSERT INTO RangeProj VALUES(0, 3395);
INSERT INTO Projection VALUES(3395, 2025, 951, 15382, 6.2);
INSERT INTO RangeProj VALUES(0, 3396);
INSERT INTO Projection VALUES(3396, 2010, 968, 14482, 6.7);
INSERT INTO RangeProj VALUES(0, 3397);
INSERT INTO Projection VALUES(3397, 2015, 938, 14826, 6.3);
INSERT INTO RangeProj VALUES(0, 3398);
INSERT INTO Projection VALUES(3398, 2020, 859, 15134, 5.7);
INSERT INTO RangeProj VALUES(0, 3399);
INSERT INTO Projection VALUES(3399, 2025, 888, 15382, 5.8);
INSERT INTO RangeProj VALUES(0, 3400);
INSERT INTO Projection VALUES(3400, 2010, 912, 14482, 6.3);
INSERT INTO RangeProj VALUES(0, 3401);
INSERT INTO Projection VALUES(3401, 2015, 879, 14826, 5.9);
INSERT INTO RangeProj VALUES(0, 3402);
INSERT INTO Projection VALUES(3402, 2020, 839, 15134, 5.5);
INSERT INTO RangeProj VALUES(0, 3403);
INSERT INTO Projection VALUES(3403, 2025, 790, 15382, 5.1);
INSERT INTO RangeProj VALUES(0, 3404);
INSERT INTO Projection VALUES(3404, 2010, 991, 14482, 6.8);
INSERT INTO RangeProj VALUES(0, 3405);
INSERT INTO Projection VALUES(3405, 2015, 1003, 14826, 6.8);
INSERT INTO RangeProj VALUES(0, 3406);
INSERT INTO Projection VALUES(3406, 2020, 976, 15134, 6.4);
INSERT INTO RangeProj VALUES(0, 3407);
INSERT INTO Projection VALUES(3407, 2025, 937, 15382, 6.1);
INSERT INTO RangeProj VALUES(0, 3408);
INSERT INTO Projection VALUES(3408, 2010, 897, 14482, 6.2);
INSERT INTO RangeProj VALUES(0, 3409);
INSERT INTO Projection VALUES(3409, 2015, 968, 14826, 6.5);
INSERT INTO RangeProj VALUES(0, 3410);
INSERT INTO Projection VALUES(3410, 2020, 991, 15134, 6.5);
INSERT INTO RangeProj VALUES(0, 3411);
INSERT INTO Projection VALUES(3411, 2025, 962, 15382, 6.3);
INSERT INTO RangeProj VALUES(0, 3412);
INSERT INTO Projection VALUES(3412, 2010, 916, 14482, 6.3);
INSERT INTO RangeProj VALUES(0, 3413);
INSERT INTO Projection VALUES(3413, 2015, 859, 14826, 5.8);
INSERT INTO RangeProj VALUES(0, 3414);
INSERT INTO Projection VALUES(3414, 2020, 934, 15134, 6.2);
INSERT INTO RangeProj VALUES(0, 3415);
INSERT INTO Projection VALUES(3415, 2025, 949, 15382, 6.2);
INSERT INTO RangeProj VALUES(0, 3416);
INSERT INTO Projection VALUES(3416, 2010, 965, 14482, 6.7);
INSERT INTO RangeProj VALUES(0, 3417);
INSERT INTO Projection VALUES(3417, 2015, 932, 14826, 6.3);
INSERT INTO RangeProj VALUES(0, 3418);
INSERT INTO Projection VALUES(3418, 2020, 876, 15134, 5.8);
INSERT INTO RangeProj VALUES(0, 3419);
INSERT INTO Projection VALUES(3419, 2025, 941, 15382, 6.1);
INSERT INTO RangeProj VALUES(0, 3420);
INSERT INTO Projection VALUES(3420, 2010, 1058, 14482, 7.3);
INSERT INTO RangeProj VALUES(0, 3421);
INSERT INTO Projection VALUES(3421, 2015, 981, 14826, 6.6);
INSERT INTO RangeProj VALUES(0, 3422);
INSERT INTO Projection VALUES(3422, 2020, 952, 15134, 6.3);
INSERT INTO RangeProj VALUES(0, 3423);
INSERT INTO Projection VALUES(3423, 2025, 892, 15382, 5.8);
INSERT INTO RangeProj VALUES(0, 3424);
INSERT INTO Projection VALUES(3424, 2010, 969, 14482, 6.7);
INSERT INTO RangeProj VALUES(0, 3425);
INSERT INTO Projection VALUES(3425, 2015, 1031, 14826, 7.0);
INSERT INTO RangeProj VALUES(0, 3426);
INSERT INTO Projection VALUES(3426, 2020, 973, 15134, 6.4);
INSERT INTO RangeProj VALUES(0, 3427);
INSERT INTO Projection VALUES(3427, 2025, 941, 15382, 6.1);
INSERT INTO RangeProj VALUES(0, 3428);
INSERT INTO Projection VALUES(3428, 2010, 829, 14482, 5.7);
INSERT INTO RangeProj VALUES(0, 3429);
INSERT INTO Projection VALUES(3429, 2015, 906, 14826, 6.1);
INSERT INTO RangeProj VALUES(0, 3430);
INSERT INTO Projection VALUES(3430, 2020, 971, 15134, 6.4);
INSERT INTO RangeProj VALUES(0, 3431);
INSERT INTO Projection VALUES(3431, 2025, 917, 15382, 6.0);
INSERT INTO RangeProj VALUES(0, 3432);
commit;
INSERT INTO Projection VALUES(3432, 2010, 798, 14482, 5.5);
INSERT INTO RangeProj VALUES(0, 3433);
INSERT INTO Projection VALUES(3433, 2015, 830, 14826, 5.6);
INSERT INTO RangeProj VALUES(0, 3434);
INSERT INTO Projection VALUES(3434, 2020, 898, 15134, 5.9);
INSERT INTO RangeProj VALUES(0, 3435);
INSERT INTO Projection VALUES(3435, 2025, 955, 15382, 6.2);
INSERT INTO RangeProj VALUES(0, 3436);
INSERT INTO Projection VALUES(3436, 2010, 636, 14482, 4.4);
INSERT INTO RangeProj VALUES(0, 3437);
INSERT INTO Projection VALUES(3437, 2015, 790, 14826, 5.3);
INSERT INTO RangeProj VALUES(0, 3438);
INSERT INTO Projection VALUES(3438, 2020, 824, 15134, 5.4);
INSERT INTO RangeProj VALUES(0, 3439);
INSERT INTO Projection VALUES(3439, 2025, 887, 15382, 5.8);
INSERT INTO RangeProj VALUES(0, 3440);
INSERT INTO Projection VALUES(3440, 2010, 499, 14482, 3.4);
INSERT INTO RangeProj VALUES(0, 3441);
INSERT INTO Projection VALUES(3441, 2015, 613, 14826, 4.1);
INSERT INTO RangeProj VALUES(0, 3442);
INSERT INTO Projection VALUES(3442, 2020, 751, 15134, 5.0);
INSERT INTO RangeProj VALUES(0, 3443);
INSERT INTO Projection VALUES(3443, 2025, 788, 15382, 5.1);
INSERT INTO RangeProj VALUES(0, 3444);
INSERT INTO Projection VALUES(3444, 2010, 396, 14482, 2.7);
INSERT INTO RangeProj VALUES(0, 3445);
INSERT INTO Projection VALUES(3445, 2015, 460, 14826, 3.1);
INSERT INTO RangeProj VALUES(0, 3446);
INSERT INTO Projection VALUES(3446, 2020, 549, 15134, 3.6);
INSERT INTO RangeProj VALUES(0, 3447);
INSERT INTO Projection VALUES(3447, 2025, 686, 15382, 4.5);
INSERT INTO RangeProj VALUES(0, 3448);
INSERT INTO Projection VALUES(3448, 2010, 371, 14482, 2.6);
INSERT INTO RangeProj VALUES(0, 3449);
INSERT INTO Projection VALUES(3449, 2015, 349, 14826, 2.4);
INSERT INTO RangeProj VALUES(0, 3450);
INSERT INTO Projection VALUES(3450, 2020, 393, 15134, 2.6);
INSERT INTO RangeProj VALUES(0, 3451);
INSERT INTO Projection VALUES(3451, 2025, 479, 15382, 3.1);
INSERT INTO RangeProj VALUES(0, 3452);
INSERT INTO Projection VALUES(3452, 2010, 305, 14482, 2.1);
INSERT INTO RangeProj VALUES(0, 3453);
INSERT INTO Projection VALUES(3453, 2015, 373, 14826, 2.5);
INSERT INTO RangeProj VALUES(0, 3454);
INSERT INTO Projection VALUES(3454, 2020, 393, 15134, 2.6);
INSERT INTO RangeProj VALUES(0, 3455);
INSERT INTO Projection VALUES(3455, 2025, 439, 15382, 2.9);
INSERT INTO SubRange VALUES(46300, 0);
INSERT INTO SubRange VALUES(46300, 1);
INSERT INTO SubRange VALUES(46300, 2);
INSERT INTO SubRange VALUES(46300, 3);
INSERT INTO SubRange VALUES(46300, 4);
INSERT INTO SubRange VALUES(46300, 5);
INSERT INTO SubRange VALUES(46300, 6);
INSERT INTO SubRange VALUES(46300, 7);
INSERT INTO SubRange VALUES(46300, 8);
INSERT INTO SubRange VALUES(46300, 9);
INSERT INTO SubRange VALUES(46300, 10);
INSERT INTO SubRange VALUES(46300, 11);
INSERT INTO SubRange VALUES(46300, 12);
INSERT INTO SubRange VALUES(46300, 13);
INSERT INTO SubRange VALUES(46300, 14);
INSERT INTO SubRange VALUES(46300, 15);
INSERT INTO SubRange VALUES(46300, 16);
INSERT INTO SubRange VALUES(46300, 17);
INSERT INTO Suburb VALUES(46450, 'Port Pirie City and Dists');
INSERT INTO RangeProj VALUES(0, 3456);
INSERT INTO Projection VALUES(3456, 2010, 1136, 18108, 6.3);
INSERT INTO RangeProj VALUES(0, 3457);
INSERT INTO Projection VALUES(3457, 2015, 1129, 18335, 6.2);
INSERT INTO RangeProj VALUES(0, 3458);
INSERT INTO Projection VALUES(3458, 2020, 1100, 18473, 6.0);
INSERT INTO RangeProj VALUES(0, 3459);
INSERT INTO Projection VALUES(3459, 2025, 1050, 18501, 5.7);
INSERT INTO RangeProj VALUES(0, 3460);
INSERT INTO Projection VALUES(3460, 2010, 1155, 18108, 6.4);
INSERT INTO RangeProj VALUES(0, 3461);
INSERT INTO Projection VALUES(3461, 2015, 1164, 18335, 6.3);
INSERT INTO RangeProj VALUES(0, 3462);
INSERT INTO Projection VALUES(3462, 2020, 1157, 18473, 6.3);
INSERT INTO RangeProj VALUES(0, 3463);
INSERT INTO Projection VALUES(3463, 2025, 1133, 18501, 6.1);
INSERT INTO RangeProj VALUES(0, 3464);
INSERT INTO Projection VALUES(3464, 2010, 1416, 18108, 7.8);
INSERT INTO RangeProj VALUES(0, 3465);
INSERT INTO Projection VALUES(3465, 2015, 1239, 18335, 6.8);
INSERT INTO RangeProj VALUES(0, 3466);
INSERT INTO Projection VALUES(3466, 2020, 1249, 18473, 6.8);
INSERT INTO RangeProj VALUES(0, 3467);
INSERT INTO Projection VALUES(3467, 2025, 1239, 18501, 6.7);
INSERT INTO RangeProj VALUES(0, 3468);
INSERT INTO Projection VALUES(3468, 2010, 1210, 18108, 6.7);
INSERT INTO RangeProj VALUES(0, 3469);
INSERT INTO Projection VALUES(3469, 2015, 1243, 18335, 6.8);
INSERT INTO RangeProj VALUES(0, 3470);
INSERT INTO Projection VALUES(3470, 2020, 1102, 18473, 6.0);
INSERT INTO RangeProj VALUES(0, 3471);
INSERT INTO Projection VALUES(3471, 2025, 1114, 18501, 6.0);
INSERT INTO RangeProj VALUES(0, 3472);
INSERT INTO Projection VALUES(3472, 2010, 893, 18108, 4.9);
INSERT INTO RangeProj VALUES(0, 3473);
commit;
INSERT INTO Projection VALUES(3473, 2015, 905, 18335, 4.9);
INSERT INTO RangeProj VALUES(0, 3474);
INSERT INTO Projection VALUES(3474, 2020, 879, 18473, 4.8);
INSERT INTO RangeProj VALUES(0, 3475);
INSERT INTO Projection VALUES(3475, 2025, 788, 18501, 4.3);
INSERT INTO RangeProj VALUES(0, 3476);
INSERT INTO Projection VALUES(3476, 2010, 840, 18108, 4.6);
INSERT INTO RangeProj VALUES(0, 3477);
INSERT INTO Projection VALUES(3477, 2015, 891, 18335, 4.9);
INSERT INTO RangeProj VALUES(0, 3478);
INSERT INTO Projection VALUES(3478, 2020, 872, 18473, 4.7);
INSERT INTO RangeProj VALUES(0, 3479);
INSERT INTO Projection VALUES(3479, 2025, 829, 18501, 4.5);
INSERT INTO RangeProj VALUES(0, 3480);
INSERT INTO Projection VALUES(3480, 2010, 902, 18108, 5.0);
INSERT INTO RangeProj VALUES(0, 3481);
INSERT INTO Projection VALUES(3481, 2015, 879, 18335, 4.8);
INSERT INTO RangeProj VALUES(0, 3482);
INSERT INTO Projection VALUES(3482, 2020, 908, 18473, 4.9);
INSERT INTO RangeProj VALUES(0, 3483);
INSERT INTO Projection VALUES(3483, 2025, 878, 18501, 4.7);
INSERT INTO RangeProj VALUES(0, 3484);
INSERT INTO Projection VALUES(3484, 2010, 1105, 18108, 6.1);
INSERT INTO RangeProj VALUES(0, 3485);
INSERT INTO Projection VALUES(3485, 2015, 943, 18335, 5.1);
INSERT INTO RangeProj VALUES(0, 3486);
INSERT INTO Projection VALUES(3486, 2020, 953, 18473, 5.2);
INSERT INTO RangeProj VALUES(0, 3487);
INSERT INTO Projection VALUES(3487, 2025, 958, 18501, 5.2);
INSERT INTO RangeProj VALUES(0, 3488);
INSERT INTO Projection VALUES(3488, 2010, 1246, 18108, 6.9);
INSERT INTO RangeProj VALUES(0, 3489);
INSERT INTO Projection VALUES(3489, 2015, 1211, 18335, 6.6);
INSERT INTO RangeProj VALUES(0, 3490);
INSERT INTO Projection VALUES(3490, 2020, 1051, 18473, 5.7);
INSERT INTO RangeProj VALUES(0, 3491);
INSERT INTO Projection VALUES(3491, 2025, 1076, 18501, 5.8);
INSERT INTO RangeProj VALUES(0, 3492);
INSERT INTO Projection VALUES(3492, 2010, 1327, 18108, 7.3);
INSERT INTO RangeProj VALUES(0, 3493);
INSERT INTO Projection VALUES(3493, 2015, 1282, 18335, 7.0);
INSERT INTO RangeProj VALUES(0, 3494);
INSERT INTO Projection VALUES(3494, 2020, 1252, 18473, 6.8);
INSERT INTO RangeProj VALUES(0, 3495);
INSERT INTO Projection VALUES(3495, 2025, 1103, 18501, 6.0);
INSERT INTO RangeProj VALUES(0, 3496);
INSERT INTO Projection VALUES(3496, 2010, 1166, 18108, 6.4);
INSERT INTO RangeProj VALUES(0, 3497);
INSERT INTO Projection VALUES(3497, 2015, 1278, 18335, 7.0);
INSERT INTO RangeProj VALUES(0, 3498);
INSERT INTO Projection VALUES(3498, 2020, 1234, 18473, 6.7);
INSERT INTO RangeProj VALUES(0, 3499);
INSERT INTO Projection VALUES(3499, 2025, 1206, 18501, 6.5);
INSERT INTO RangeProj VALUES(0, 3500);
INSERT INTO Projection VALUES(3500, 2010, 1144, 18108, 6.3);
INSERT INTO RangeProj VALUES(0, 3501);
INSERT INTO Projection VALUES(3501, 2015, 1143, 18335, 6.2);
INSERT INTO RangeProj VALUES(0, 3502);
INSERT INTO Projection VALUES(3502, 2020, 1230, 18473, 6.7);
INSERT INTO RangeProj VALUES(0, 3503);
INSERT INTO Projection VALUES(3503, 2025, 1191, 18501, 6.4);
INSERT INTO RangeProj VALUES(0, 3504);
INSERT INTO Projection VALUES(3504, 2010, 1159, 18108, 6.4);
INSERT INTO RangeProj VALUES(0, 3505);
INSERT INTO Projection VALUES(3505, 2015, 1154, 18335, 6.3);
INSERT INTO RangeProj VALUES(0, 3506);
INSERT INTO Projection VALUES(3506, 2020, 1176, 18473, 6.4);
INSERT INTO RangeProj VALUES(0, 3507);
INSERT INTO Projection VALUES(3507, 2025, 1252, 18501, 6.8);
INSERT INTO RangeProj VALUES(0, 3508);
INSERT INTO Projection VALUES(3508, 2010, 975, 18108, 5.4);
INSERT INTO RangeProj VALUES(0, 3509);
INSERT INTO Projection VALUES(3509, 2015, 1115, 18335, 6.1);
INSERT INTO RangeProj VALUES(0, 3510);
INSERT INTO Projection VALUES(3510, 2020, 1135, 18473, 6.1);
INSERT INTO RangeProj VALUES(0, 3511);
INSERT INTO Projection VALUES(3511, 2025, 1149, 18501, 6.2);
INSERT INTO RangeProj VALUES(0, 3512);
INSERT INTO Projection VALUES(3512, 2010, 825, 18108, 4.6);
INSERT INTO RangeProj VALUES(0, 3513);
INSERT INTO Projection VALUES(3513, 2015, 942, 18335, 5.1);
INSERT INTO RangeProj VALUES(0, 3514);
INSERT INTO Projection VALUES(3514, 2020, 1100, 18473, 6.0);
INSERT INTO RangeProj VALUES(0, 3515);
INSERT INTO Projection VALUES(3515, 2025, 1119, 18501, 6.0);
INSERT INTO RangeProj VALUES(0, 3516);
INSERT INTO Projection VALUES(3516, 2010, 672, 18108, 3.7);
INSERT INTO RangeProj VALUES(0, 3517);
INSERT INTO Projection VALUES(3517, 2015, 767, 18335, 4.2);
INSERT INTO RangeProj VALUES(0, 3518);
INSERT INTO Projection VALUES(3518, 2020, 882, 18473, 4.8);
INSERT INTO RangeProj VALUES(0, 3519);
INSERT INTO Projection VALUES(3519, 2025, 1034, 18501, 5.6);
INSERT INTO RangeProj VALUES(0, 3520);
INSERT INTO Projection VALUES(3520, 2010, 520, 18108, 2.9);
INSERT INTO RangeProj VALUES(0, 3521);
INSERT INTO Projection VALUES(3521, 2015, 536, 18335, 2.9);
INSERT INTO RangeProj VALUES(0, 3522);
INSERT INTO Projection VALUES(3522, 2020, 632, 18473, 3.4);
INSERT INTO RangeProj VALUES(0, 3523);
INSERT INTO Projection VALUES(3523, 2025, 736, 18501, 4.0);
commit;
INSERT INTO RangeProj VALUES(0, 3524);
INSERT INTO Projection VALUES(3524, 2010, 417, 18108, 2.3);
INSERT INTO RangeProj VALUES(0, 3525);
INSERT INTO Projection VALUES(3525, 2015, 514, 18335, 2.8);
INSERT INTO RangeProj VALUES(0, 3526);
INSERT INTO Projection VALUES(3526, 2020, 561, 18473, 3.0);
INSERT INTO RangeProj VALUES(0, 3527);
INSERT INTO Projection VALUES(3527, 2025, 646, 18501, 3.5);
INSERT INTO SubRange VALUES(46450, 0);
INSERT INTO SubRange VALUES(46450, 1);
INSERT INTO SubRange VALUES(46450, 2);
INSERT INTO SubRange VALUES(46450, 3);
INSERT INTO SubRange VALUES(46450, 4);
INSERT INTO SubRange VALUES(46450, 5);
INSERT INTO SubRange VALUES(46450, 6);
INSERT INTO SubRange VALUES(46450, 7);
INSERT INTO SubRange VALUES(46450, 8);
INSERT INTO SubRange VALUES(46450, 9);
INSERT INTO SubRange VALUES(46450, 10);
INSERT INTO SubRange VALUES(46450, 11);
INSERT INTO SubRange VALUES(46450, 12);
INSERT INTO SubRange VALUES(46450, 13);
INSERT INTO SubRange VALUES(46450, 14);
INSERT INTO SubRange VALUES(46450, 15);
INSERT INTO SubRange VALUES(46450, 16);
INSERT INTO SubRange VALUES(46450, 17);
INSERT INTO Suburb VALUES(46510, 'Prospect');
INSERT INTO RangeProj VALUES(0, 3528);
INSERT INTO Projection VALUES(3528, 2010, 1327, 21224, 6.3);
INSERT INTO RangeProj VALUES(0, 3529);
INSERT INTO Projection VALUES(3529, 2015, 1378, 22375, 6.2);
INSERT INTO RangeProj VALUES(0, 3530);
INSERT INTO Projection VALUES(3530, 2020, 1440, 23568, 6.1);
INSERT INTO RangeProj VALUES(0, 3531);
INSERT INTO Projection VALUES(3531, 2025, 1497, 24782, 6.0);
INSERT INTO RangeProj VALUES(0, 3532);
INSERT INTO Projection VALUES(3532, 2010, 1174, 21224, 5.5);
INSERT INTO RangeProj VALUES(0, 3533);
INSERT INTO Projection VALUES(3533, 2015, 1331, 22375, 5.9);
INSERT INTO RangeProj VALUES(0, 3534);
INSERT INTO Projection VALUES(3534, 2020, 1395, 23568, 5.9);
INSERT INTO RangeProj VALUES(0, 3535);
INSERT INTO Projection VALUES(3535, 2025, 1460, 24782, 5.9);
INSERT INTO RangeProj VALUES(0, 3536);
INSERT INTO Projection VALUES(3536, 2010, 1176, 21224, 5.5);
INSERT INTO RangeProj VALUES(0, 3537);
INSERT INTO Projection VALUES(3537, 2015, 1230, 22375, 5.5);
INSERT INTO RangeProj VALUES(0, 3538);
INSERT INTO Projection VALUES(3538, 2020, 1369, 23568, 5.8);
INSERT INTO RangeProj VALUES(0, 3539);
INSERT INTO Projection VALUES(3539, 2025, 1440, 24782, 5.8);
INSERT INTO RangeProj VALUES(0, 3540);
INSERT INTO Projection VALUES(3540, 2010, 1302, 21224, 6.1);
INSERT INTO RangeProj VALUES(0, 3541);
INSERT INTO Projection VALUES(3541, 2015, 1346, 22375, 6.0);
INSERT INTO RangeProj VALUES(0, 3542);
INSERT INTO Projection VALUES(3542, 2020, 1385, 23568, 5.9);
INSERT INTO RangeProj VALUES(0, 3543);
INSERT INTO Projection VALUES(3543, 2025, 1513, 24782, 6.1);
INSERT INTO RangeProj VALUES(0, 3544);
INSERT INTO Projection VALUES(3544, 2010, 1999, 21224, 9.4);
INSERT INTO RangeProj VALUES(0, 3545);
INSERT INTO Projection VALUES(3545, 2015, 2093, 22375, 9.4);
INSERT INTO RangeProj VALUES(0, 3546);
INSERT INTO Projection VALUES(3546, 2020, 2114, 23568, 9.0);
INSERT INTO RangeProj VALUES(0, 3547);
INSERT INTO Projection VALUES(3547, 2025, 2128, 24782, 8.6);
INSERT INTO RangeProj VALUES(0, 3548);
INSERT INTO Projection VALUES(3548, 2010, 1892, 21224, 8.9);
INSERT INTO RangeProj VALUES(0, 3549);
INSERT INTO Projection VALUES(3549, 2015, 1985, 22375, 8.9);
INSERT INTO RangeProj VALUES(0, 3550);
INSERT INTO Projection VALUES(3550, 2020, 2067, 23568, 8.8);
INSERT INTO RangeProj VALUES(0, 3551);
INSERT INTO Projection VALUES(3551, 2025, 2066, 24782, 8.3);
INSERT INTO RangeProj VALUES(0, 3552);
INSERT INTO Projection VALUES(3552, 2010, 1480, 21224, 7.0);
INSERT INTO RangeProj VALUES(0, 3553);
INSERT INTO Projection VALUES(3553, 2015, 1702, 22375, 7.6);
INSERT INTO RangeProj VALUES(0, 3554);
INSERT INTO Projection VALUES(3554, 2020, 1771, 23568, 7.5);
INSERT INTO RangeProj VALUES(0, 3555);
INSERT INTO Projection VALUES(3555, 2025, 1846, 24782, 7.4);
INSERT INTO RangeProj VALUES(0, 3556);
INSERT INTO Projection VALUES(3556, 2010, 1542, 21224, 7.3);
INSERT INTO RangeProj VALUES(0, 3557);
INSERT INTO Projection VALUES(3557, 2015, 1457, 22375, 6.5);
INSERT INTO RangeProj VALUES(0, 3558);
INSERT INTO Projection VALUES(3558, 2020, 1674, 23568, 7.1);
INSERT INTO RangeProj VALUES(0, 3559);
INSERT INTO Projection VALUES(3559, 2025, 1744, 24782, 7.0);
INSERT INTO RangeProj VALUES(0, 3560);
INSERT INTO Projection VALUES(3560, 2010, 1525, 21224, 7.2);
INSERT INTO RangeProj VALUES(0, 3561);
INSERT INTO Projection VALUES(3561, 2015, 1503, 22375, 6.7);
INSERT INTO RangeProj VALUES(0, 3562);
INSERT INTO Projection VALUES(3562, 2020, 1453, 23568, 6.2);
INSERT INTO RangeProj VALUES(0, 3563);
INSERT INTO Projection VALUES(3563, 2025, 1656, 24782, 6.7);
INSERT INTO RangeProj VALUES(0, 3564);
INSERT INTO Projection VALUES(3564, 2010, 1588, 21224, 7.5);
commit;
INSERT INTO RangeProj VALUES(0, 3565);
INSERT INTO Projection VALUES(3565, 2015, 1509, 22375, 6.7);
INSERT INTO RangeProj VALUES(0, 3566);
INSERT INTO Projection VALUES(3566, 2020, 1516, 23568, 6.4);
INSERT INTO RangeProj VALUES(0, 3567);
INSERT INTO Projection VALUES(3567, 2025, 1483, 24782, 6.0);
INSERT INTO RangeProj VALUES(0, 3568);
INSERT INTO Projection VALUES(3568, 2010, 1458, 21224, 6.9);
INSERT INTO RangeProj VALUES(0, 3569);
INSERT INTO Projection VALUES(3569, 2015, 1495, 22375, 6.7);
INSERT INTO RangeProj VALUES(0, 3570);
INSERT INTO Projection VALUES(3570, 2020, 1435, 23568, 6.1);
INSERT INTO RangeProj VALUES(0, 3571);
INSERT INTO Projection VALUES(3571, 2025, 1453, 24782, 5.9);
INSERT INTO RangeProj VALUES(0, 3572);
INSERT INTO Projection VALUES(3572, 2010, 1166, 21224, 5.5);
INSERT INTO RangeProj VALUES(0, 3573);
INSERT INTO Projection VALUES(3573, 2015, 1302, 22375, 5.8);
INSERT INTO RangeProj VALUES(0, 3574);
INSERT INTO Projection VALUES(3574, 2020, 1343, 23568, 5.7);
INSERT INTO RangeProj VALUES(0, 3575);
INSERT INTO Projection VALUES(3575, 2025, 1294, 24782, 5.2);
INSERT INTO RangeProj VALUES(0, 3576);
INSERT INTO Projection VALUES(3576, 2010, 904, 21224, 4.3);
INSERT INTO RangeProj VALUES(0, 3577);
INSERT INTO Projection VALUES(3577, 2015, 1035, 22375, 4.6);
INSERT INTO RangeProj VALUES(0, 3578);
INSERT INTO Projection VALUES(3578, 2020, 1163, 23568, 4.9);
INSERT INTO RangeProj VALUES(0, 3579);
INSERT INTO Projection VALUES(3579, 2025, 1208, 24782, 4.9);
INSERT INTO RangeProj VALUES(0, 3580);
INSERT INTO Projection VALUES(3580, 2010, 640, 21224, 3.0);
INSERT INTO RangeProj VALUES(0, 3581);
INSERT INTO Projection VALUES(3581, 2015, 842, 22375, 3.8);
INSERT INTO RangeProj VALUES(0, 3582);
INSERT INTO Projection VALUES(3582, 2020, 956, 23568, 4.1);
INSERT INTO RangeProj VALUES(0, 3583);
INSERT INTO Projection VALUES(3583, 2025, 1072, 24782, 4.3);
INSERT INTO RangeProj VALUES(0, 3584);
INSERT INTO Projection VALUES(3584, 2010, 556, 21224, 2.6);
INSERT INTO RangeProj VALUES(0, 3585);
INSERT INTO Projection VALUES(3585, 2015, 619, 22375, 2.8);
INSERT INTO RangeProj VALUES(0, 3586);
INSERT INTO Projection VALUES(3586, 2020, 820, 23568, 3.5);
INSERT INTO RangeProj VALUES(0, 3587);
INSERT INTO Projection VALUES(3587, 2025, 930, 24782, 3.8);
INSERT INTO RangeProj VALUES(0, 3588);
INSERT INTO Projection VALUES(3588, 2010, 532, 21224, 2.5);
INSERT INTO RangeProj VALUES(0, 3589);
INSERT INTO Projection VALUES(3589, 2015, 535, 22375, 2.4);
INSERT INTO RangeProj VALUES(0, 3590);
INSERT INTO Projection VALUES(3590, 2020, 611, 23568, 2.6);
INSERT INTO RangeProj VALUES(0, 3591);
INSERT INTO Projection VALUES(3591, 2025, 814, 24782, 3.3);
INSERT INTO RangeProj VALUES(0, 3592);
INSERT INTO Projection VALUES(3592, 2010, 465, 21224, 2.2);
INSERT INTO RangeProj VALUES(0, 3593);
INSERT INTO Projection VALUES(3593, 2015, 460, 22375, 2.1);
INSERT INTO RangeProj VALUES(0, 3594);
INSERT INTO Projection VALUES(3594, 2020, 475, 23568, 2.0);
INSERT INTO RangeProj VALUES(0, 3595);
INSERT INTO Projection VALUES(3595, 2025, 555, 24782, 2.2);
INSERT INTO RangeProj VALUES(0, 3596);
INSERT INTO Projection VALUES(3596, 2010, 498, 21224, 2.3);
INSERT INTO RangeProj VALUES(0, 3597);
INSERT INTO Projection VALUES(3597, 2015, 553, 22375, 2.5);
INSERT INTO RangeProj VALUES(0, 3598);
INSERT INTO Projection VALUES(3598, 2020, 581, 23568, 2.5);
INSERT INTO RangeProj VALUES(0, 3599);
INSERT INTO Projection VALUES(3599, 2025, 623, 24782, 2.5);
INSERT INTO SubRange VALUES(46510, 0);
INSERT INTO SubRange VALUES(46510, 1);
INSERT INTO SubRange VALUES(46510, 2);
INSERT INTO SubRange VALUES(46510, 3);
INSERT INTO SubRange VALUES(46510, 4);
INSERT INTO SubRange VALUES(46510, 5);
INSERT INTO SubRange VALUES(46510, 6);
INSERT INTO SubRange VALUES(46510, 7);
INSERT INTO SubRange VALUES(46510, 8);
INSERT INTO SubRange VALUES(46510, 9);
INSERT INTO SubRange VALUES(46510, 10);
INSERT INTO SubRange VALUES(46510, 11);
INSERT INTO SubRange VALUES(46510, 12);
INSERT INTO SubRange VALUES(46510, 13);
INSERT INTO SubRange VALUES(46510, 14);
INSERT INTO SubRange VALUES(46510, 15);
INSERT INTO SubRange VALUES(46510, 16);
INSERT INTO SubRange VALUES(46510, 17);
INSERT INTO Suburb VALUES(46670, 'Renmark Paringa');
INSERT INTO RangeProj VALUES(0, 3600);
INSERT INTO Projection VALUES(3600, 2010, 599, 9924, 6.0);
INSERT INTO RangeProj VALUES(0, 3601);
INSERT INTO Projection VALUES(3601, 2015, 596, 10000, 6.0);
INSERT INTO RangeProj VALUES(0, 3602);
INSERT INTO Projection VALUES(3602, 2020, 566, 10013, 5.7);
INSERT INTO RangeProj VALUES(0, 3603);
INSERT INTO Projection VALUES(3603, 2025, 554, 9980, 5.6);
INSERT INTO RangeProj VALUES(0, 3604);
INSERT INTO Projection VALUES(3604, 2010, 651, 9924, 6.6);
INSERT INTO RangeProj VALUES(0, 3605);
INSERT INTO Projection VALUES(3605, 2015, 612, 10000, 6.1);
commit;
INSERT INTO RangeProj VALUES(0, 3606);
INSERT INTO Projection VALUES(3606, 2020, 601, 10013, 6.0);
INSERT INTO RangeProj VALUES(0, 3607);
INSERT INTO Projection VALUES(3607, 2025, 582, 9980, 5.8);
INSERT INTO RangeProj VALUES(0, 3608);
INSERT INTO Projection VALUES(3608, 2010, 678, 9924, 6.8);
INSERT INTO RangeProj VALUES(0, 3609);
INSERT INTO Projection VALUES(3609, 2015, 651, 10000, 6.5);
INSERT INTO RangeProj VALUES(0, 3610);
INSERT INTO Projection VALUES(3610, 2020, 623, 10013, 6.2);
INSERT INTO RangeProj VALUES(0, 3611);
INSERT INTO Projection VALUES(3611, 2025, 609, 9980, 6.1);
INSERT INTO RangeProj VALUES(0, 3612);
INSERT INTO Projection VALUES(3612, 2010, 689, 9924, 6.9);
INSERT INTO RangeProj VALUES(0, 3613);
INSERT INTO Projection VALUES(3613, 2015, 606, 10000, 6.1);
INSERT INTO RangeProj VALUES(0, 3614);
INSERT INTO Projection VALUES(3614, 2020, 571, 10013, 5.7);
INSERT INTO RangeProj VALUES(0, 3615);
INSERT INTO Projection VALUES(3615, 2025, 554, 9980, 5.6);
INSERT INTO RangeProj VALUES(0, 3616);
INSERT INTO Projection VALUES(3616, 2010, 523, 9924, 5.3);
INSERT INTO RangeProj VALUES(0, 3617);
INSERT INTO Projection VALUES(3617, 2015, 511, 10000, 5.1);
INSERT INTO RangeProj VALUES(0, 3618);
INSERT INTO Projection VALUES(3618, 2020, 461, 10013, 4.6);
INSERT INTO RangeProj VALUES(0, 3619);
INSERT INTO Projection VALUES(3619, 2025, 420, 9980, 4.2);
INSERT INTO RangeProj VALUES(0, 3620);
INSERT INTO Projection VALUES(3620, 2010, 528, 9924, 5.3);
INSERT INTO RangeProj VALUES(0, 3621);
INSERT INTO Projection VALUES(3621, 2015, 541, 10000, 5.4);
INSERT INTO RangeProj VALUES(0, 3622);
INSERT INTO Projection VALUES(3622, 2020, 519, 10013, 5.2);
INSERT INTO RangeProj VALUES(0, 3623);
INSERT INTO Projection VALUES(3623, 2025, 478, 9980, 4.8);
INSERT INTO RangeProj VALUES(0, 3624);
INSERT INTO Projection VALUES(3624, 2010, 483, 9924, 4.9);
INSERT INTO RangeProj VALUES(0, 3625);
INSERT INTO Projection VALUES(3625, 2015, 505, 10000, 5.1);
INSERT INTO RangeProj VALUES(0, 3626);
INSERT INTO Projection VALUES(3626, 2020, 506, 10013, 5.1);
INSERT INTO RangeProj VALUES(0, 3627);
INSERT INTO Projection VALUES(3627, 2025, 490, 9980, 4.9);
INSERT INTO RangeProj VALUES(0, 3628);
INSERT INTO Projection VALUES(3628, 2010, 706, 9924, 7.1);
INSERT INTO RangeProj VALUES(0, 3629);
INSERT INTO Projection VALUES(3629, 2015, 552, 10000, 5.5);
INSERT INTO RangeProj VALUES(0, 3630);
INSERT INTO Projection VALUES(3630, 2020, 585, 10013, 5.8);
INSERT INTO RangeProj VALUES(0, 3631);
INSERT INTO Projection VALUES(3631, 2025, 583, 9980, 5.8);
INSERT INTO RangeProj VALUES(0, 3632);
INSERT INTO Projection VALUES(3632, 2010, 680, 9924, 6.9);
INSERT INTO RangeProj VALUES(0, 3633);
INSERT INTO Projection VALUES(3633, 2015, 713, 10000, 7.1);
INSERT INTO RangeProj VALUES(0, 3634);
INSERT INTO Projection VALUES(3634, 2020, 588, 10013, 5.9);
INSERT INTO RangeProj VALUES(0, 3635);
INSERT INTO Projection VALUES(3635, 2025, 614, 9980, 6.2);
INSERT INTO RangeProj VALUES(0, 3636);
INSERT INTO Projection VALUES(3636, 2010, 721, 9924, 7.3);
INSERT INTO RangeProj VALUES(0, 3637);
INSERT INTO Projection VALUES(3637, 2015, 675, 10000, 6.8);
INSERT INTO RangeProj VALUES(0, 3638);
INSERT INTO Projection VALUES(3638, 2020, 678, 10013, 6.8);
INSERT INTO RangeProj VALUES(0, 3639);
INSERT INTO Projection VALUES(3639, 2025, 576, 9980, 5.8);
INSERT INTO RangeProj VALUES(0, 3640);
INSERT INTO Projection VALUES(3640, 2010, 728, 9924, 7.3);
INSERT INTO RangeProj VALUES(0, 3641);
INSERT INTO Projection VALUES(3641, 2015, 725, 10000, 7.3);
INSERT INTO RangeProj VALUES(0, 3642);
INSERT INTO Projection VALUES(3642, 2020, 674, 10013, 6.7);
INSERT INTO RangeProj VALUES(0, 3643);
INSERT INTO Projection VALUES(3643, 2025, 667, 9980, 6.7);
INSERT INTO RangeProj VALUES(0, 3644);
INSERT INTO Projection VALUES(3644, 2010, 698, 9924, 7.0);
INSERT INTO RangeProj VALUES(0, 3645);
INSERT INTO Projection VALUES(3645, 2015, 746, 10000, 7.5);
INSERT INTO RangeProj VALUES(0, 3646);
INSERT INTO Projection VALUES(3646, 2020, 741, 10013, 7.4);
INSERT INTO RangeProj VALUES(0, 3647);
INSERT INTO Projection VALUES(3647, 2025, 695, 9980, 7.0);
INSERT INTO RangeProj VALUES(0, 3648);
INSERT INTO Projection VALUES(3648, 2010, 609, 9924, 6.1);
INSERT INTO RangeProj VALUES(0, 3649);
INSERT INTO Projection VALUES(3649, 2015, 671, 10000, 6.7);
INSERT INTO RangeProj VALUES(0, 3650);
INSERT INTO Projection VALUES(3650, 2020, 715, 10013, 7.1);
INSERT INTO RangeProj VALUES(0, 3651);
INSERT INTO Projection VALUES(3651, 2025, 715, 9980, 7.2);
INSERT INTO RangeProj VALUES(0, 3652);
INSERT INTO Projection VALUES(3652, 2010, 472, 9924, 4.8);
INSERT INTO RangeProj VALUES(0, 3653);
INSERT INTO Projection VALUES(3653, 2015, 590, 10000, 5.9);
INSERT INTO RangeProj VALUES(0, 3654);
INSERT INTO Projection VALUES(3654, 2020, 655, 10013, 6.5);
INSERT INTO RangeProj VALUES(0, 3655);
INSERT INTO Projection VALUES(3655, 2025, 691, 9980, 6.9);
INSERT INTO RangeProj VALUES(0, 3656);
commit;
INSERT INTO Projection VALUES(3656, 2010, 386, 9924, 3.9);
INSERT INTO RangeProj VALUES(0, 3657);
INSERT INTO Projection VALUES(3657, 2015, 430, 10000, 4.3);
INSERT INTO RangeProj VALUES(0, 3658);
INSERT INTO Projection VALUES(3658, 2020, 545, 10013, 5.4);
INSERT INTO RangeProj VALUES(0, 3659);
INSERT INTO Projection VALUES(3659, 2025, 597, 9980, 6.0);
INSERT INTO RangeProj VALUES(0, 3660);
INSERT INTO Projection VALUES(3660, 2010, 313, 9924, 3.2);
INSERT INTO RangeProj VALUES(0, 3661);
INSERT INTO Projection VALUES(3661, 2015, 342, 10000, 3.4);
INSERT INTO RangeProj VALUES(0, 3662);
INSERT INTO Projection VALUES(3662, 2020, 386, 10013, 3.9);
INSERT INTO RangeProj VALUES(0, 3663);
INSERT INTO Projection VALUES(3663, 2025, 483, 9980, 4.8);
INSERT INTO RangeProj VALUES(0, 3664);
INSERT INTO Projection VALUES(3664, 2010, 248, 9924, 2.5);
INSERT INTO RangeProj VALUES(0, 3665);
INSERT INTO Projection VALUES(3665, 2015, 253, 10000, 2.5);
INSERT INTO RangeProj VALUES(0, 3666);
INSERT INTO Projection VALUES(3666, 2020, 288, 10013, 2.9);
INSERT INTO RangeProj VALUES(0, 3667);
INSERT INTO Projection VALUES(3667, 2025, 324, 9980, 3.2);
INSERT INTO RangeProj VALUES(0, 3668);
INSERT INTO Projection VALUES(3668, 2010, 212, 9924, 2.1);
INSERT INTO RangeProj VALUES(0, 3669);
INSERT INTO Projection VALUES(3669, 2015, 281, 10000, 2.8);
INSERT INTO RangeProj VALUES(0, 3670);
INSERT INTO Projection VALUES(3670, 2020, 311, 10013, 3.1);
INSERT INTO RangeProj VALUES(0, 3671);
INSERT INTO Projection VALUES(3671, 2025, 348, 9980, 3.5);
INSERT INTO SubRange VALUES(46670, 0);
INSERT INTO SubRange VALUES(46670, 1);
INSERT INTO SubRange VALUES(46670, 2);
INSERT INTO SubRange VALUES(46670, 3);
INSERT INTO SubRange VALUES(46670, 4);
INSERT INTO SubRange VALUES(46670, 5);
INSERT INTO SubRange VALUES(46670, 6);
INSERT INTO SubRange VALUES(46670, 7);
INSERT INTO SubRange VALUES(46670, 8);
INSERT INTO SubRange VALUES(46670, 9);
INSERT INTO SubRange VALUES(46670, 10);
INSERT INTO SubRange VALUES(46670, 11);
INSERT INTO SubRange VALUES(46670, 12);
INSERT INTO SubRange VALUES(46670, 13);
INSERT INTO SubRange VALUES(46670, 14);
INSERT INTO SubRange VALUES(46670, 15);
INSERT INTO SubRange VALUES(46670, 16);
INSERT INTO SubRange VALUES(46670, 17);
INSERT INTO Suburb VALUES(46860, 'Robe');
INSERT INTO RangeProj VALUES(0, 3672);
INSERT INTO Projection VALUES(3672, 2010, 81, 1471, 5.5);
INSERT INTO RangeProj VALUES(0, 3673);
INSERT INTO Projection VALUES(3673, 2015, 80, 1538, 5.2);
INSERT INTO RangeProj VALUES(0, 3674);
INSERT INTO Projection VALUES(3674, 2020, 82, 1606, 5.1);
INSERT INTO RangeProj VALUES(0, 3675);
INSERT INTO Projection VALUES(3675, 2025, 82, 1666, 4.9);
INSERT INTO RangeProj VALUES(0, 3676);
INSERT INTO Projection VALUES(3676, 2010, 70, 1471, 4.8);
INSERT INTO RangeProj VALUES(0, 3677);
INSERT INTO Projection VALUES(3677, 2015, 67, 1538, 4.4);
INSERT INTO RangeProj VALUES(0, 3678);
INSERT INTO Projection VALUES(3678, 2020, 65, 1606, 4.0);
INSERT INTO RangeProj VALUES(0, 3679);
INSERT INTO Projection VALUES(3679, 2025, 66, 1666, 4.0);
INSERT INTO RangeProj VALUES(0, 3680);
INSERT INTO Projection VALUES(3680, 2010, 91, 1471, 6.2);
INSERT INTO RangeProj VALUES(0, 3681);
INSERT INTO Projection VALUES(3681, 2015, 72, 1538, 4.7);
INSERT INTO RangeProj VALUES(0, 3682);
INSERT INTO Projection VALUES(3682, 2020, 68, 1606, 4.2);
INSERT INTO RangeProj VALUES(0, 3683);
INSERT INTO Projection VALUES(3683, 2025, 67, 1666, 4.0);
INSERT INTO RangeProj VALUES(0, 3684);
INSERT INTO Projection VALUES(3684, 2010, 68, 1471, 4.6);
INSERT INTO RangeProj VALUES(0, 3685);
INSERT INTO Projection VALUES(3685, 2015, 66, 1538, 4.3);
INSERT INTO RangeProj VALUES(0, 3686);
INSERT INTO Projection VALUES(3686, 2020, 53, 1606, 3.3);
INSERT INTO RangeProj VALUES(0, 3687);
INSERT INTO Projection VALUES(3687, 2025, 53, 1666, 3.2);
INSERT INTO RangeProj VALUES(0, 3688);
INSERT INTO Projection VALUES(3688, 2010, 76, 1471, 5.2);
INSERT INTO RangeProj VALUES(0, 3689);
INSERT INTO Projection VALUES(3689, 2015, 77, 1538, 5.0);
INSERT INTO RangeProj VALUES(0, 3690);
INSERT INTO Projection VALUES(3690, 2020, 68, 1606, 4.2);
INSERT INTO RangeProj VALUES(0, 3691);
INSERT INTO Projection VALUES(3691, 2025, 67, 1666, 4.0);
INSERT INTO RangeProj VALUES(0, 3692);
INSERT INTO Projection VALUES(3692, 2010, 81, 1471, 5.5);
INSERT INTO RangeProj VALUES(0, 3693);
INSERT INTO Projection VALUES(3693, 2015, 84, 1538, 5.5);
INSERT INTO RangeProj VALUES(0, 3694);
INSERT INTO Projection VALUES(3694, 2020, 81, 1606, 5.0);
INSERT INTO RangeProj VALUES(0, 3695);
INSERT INTO Projection VALUES(3695, 2025, 77, 1666, 4.6);
INSERT INTO RangeProj VALUES(0, 3696);
INSERT INTO Projection VALUES(3696, 2010, 67, 1471, 4.6);
INSERT INTO RangeProj VALUES(0, 3697);
commit;
INSERT INTO Projection VALUES(3697, 2015, 78, 1538, 5.1);
INSERT INTO RangeProj VALUES(0, 3698);
INSERT INTO Projection VALUES(3698, 2020, 80, 1606, 5.0);
INSERT INTO RangeProj VALUES(0, 3699);
INSERT INTO Projection VALUES(3699, 2025, 81, 1666, 4.9);
INSERT INTO RangeProj VALUES(0, 3700);
INSERT INTO Projection VALUES(3700, 2010, 95, 1471, 6.5);
INSERT INTO RangeProj VALUES(0, 3701);
INSERT INTO Projection VALUES(3701, 2015, 71, 1538, 4.6);
INSERT INTO RangeProj VALUES(0, 3702);
INSERT INTO Projection VALUES(3702, 2020, 82, 1606, 5.1);
INSERT INTO RangeProj VALUES(0, 3703);
INSERT INTO Projection VALUES(3703, 2025, 82, 1666, 4.9);
INSERT INTO RangeProj VALUES(0, 3704);
INSERT INTO Projection VALUES(3704, 2010, 112, 1471, 7.6);
INSERT INTO RangeProj VALUES(0, 3705);
INSERT INTO Projection VALUES(3705, 2015, 118, 1538, 7.7);
INSERT INTO RangeProj VALUES(0, 3706);
INSERT INTO Projection VALUES(3706, 2020, 98, 1606, 6.1);
INSERT INTO RangeProj VALUES(0, 3707);
INSERT INTO Projection VALUES(3707, 2025, 105, 1666, 6.3);
INSERT INTO RangeProj VALUES(0, 3708);
INSERT INTO Projection VALUES(3708, 2010, 117, 1471, 8.0);
INSERT INTO RangeProj VALUES(0, 3709);
INSERT INTO Projection VALUES(3709, 2015, 143, 1538, 9.3);
INSERT INTO RangeProj VALUES(0, 3710);
INSERT INTO Projection VALUES(3710, 2020, 150, 1606, 9.3);
INSERT INTO RangeProj VALUES(0, 3711);
INSERT INTO Projection VALUES(3711, 2025, 126, 1666, 7.6);
INSERT INTO RangeProj VALUES(0, 3712);
INSERT INTO Projection VALUES(3712, 2010, 120, 1471, 8.2);
INSERT INTO RangeProj VALUES(0, 3713);
INSERT INTO Projection VALUES(3713, 2015, 139, 1538, 9.0);
INSERT INTO RangeProj VALUES(0, 3714);
INSERT INTO Projection VALUES(3714, 2020, 157, 1606, 9.8);
INSERT INTO RangeProj VALUES(0, 3715);
INSERT INTO Projection VALUES(3715, 2025, 160, 1666, 9.6);
INSERT INTO RangeProj VALUES(0, 3716);
INSERT INTO Projection VALUES(3716, 2010, 109, 1471, 7.4);
INSERT INTO RangeProj VALUES(0, 3717);
INSERT INTO Projection VALUES(3717, 2015, 124, 1538, 8.1);
INSERT INTO RangeProj VALUES(0, 3718);
INSERT INTO Projection VALUES(3718, 2020, 138, 1606, 8.6);
INSERT INTO RangeProj VALUES(0, 3719);
INSERT INTO Projection VALUES(3719, 2025, 146, 1666, 8.8);
INSERT INTO RangeProj VALUES(0, 3720);
INSERT INTO Projection VALUES(3720, 2010, 106, 1471, 7.2);
INSERT INTO RangeProj VALUES(0, 3721);
INSERT INTO Projection VALUES(3721, 2015, 125, 1538, 8.1);
INSERT INTO RangeProj VALUES(0, 3722);
INSERT INTO Projection VALUES(3722, 2020, 139, 1606, 8.7);
INSERT INTO RangeProj VALUES(0, 3723);
INSERT INTO Projection VALUES(3723, 2025, 147, 1666, 8.8);
INSERT INTO RangeProj VALUES(0, 3724);
INSERT INTO Projection VALUES(3724, 2010, 103, 1471, 7.0);
INSERT INTO RangeProj VALUES(0, 3725);
INSERT INTO Projection VALUES(3725, 2015, 107, 1538, 7.0);
INSERT INTO RangeProj VALUES(0, 3726);
INSERT INTO Projection VALUES(3726, 2020, 120, 1606, 7.5);
INSERT INTO RangeProj VALUES(0, 3727);
INSERT INTO Projection VALUES(3727, 2025, 137, 1666, 8.2);
INSERT INTO RangeProj VALUES(0, 3728);
INSERT INTO Projection VALUES(3728, 2010, 57, 1471, 3.9);
INSERT INTO RangeProj VALUES(0, 3729);
INSERT INTO Projection VALUES(3729, 2015, 79, 1538, 5.1);
INSERT INTO RangeProj VALUES(0, 3730);
INSERT INTO Projection VALUES(3730, 2020, 90, 1606, 5.6);
INSERT INTO RangeProj VALUES(0, 3731);
INSERT INTO Projection VALUES(3731, 2025, 98, 1666, 5.9);
INSERT INTO RangeProj VALUES(0, 3732);
INSERT INTO Projection VALUES(3732, 2010, 47, 1471, 3.2);
INSERT INTO RangeProj VALUES(0, 3733);
INSERT INTO Projection VALUES(3733, 2015, 41, 1538, 2.7);
INSERT INTO RangeProj VALUES(0, 3734);
INSERT INTO Projection VALUES(3734, 2020, 63, 1606, 3.9);
INSERT INTO RangeProj VALUES(0, 3735);
INSERT INTO Projection VALUES(3735, 2025, 78, 1666, 4.7);
INSERT INTO RangeProj VALUES(0, 3736);
INSERT INTO Projection VALUES(3736, 2010, 48, 1471, 3.3);
INSERT INTO RangeProj VALUES(0, 3737);
INSERT INTO Projection VALUES(3737, 2015, 36, 1538, 2.3);
INSERT INTO RangeProj VALUES(0, 3738);
INSERT INTO Projection VALUES(3738, 2020, 39, 1606, 2.4);
INSERT INTO RangeProj VALUES(0, 3739);
INSERT INTO Projection VALUES(3739, 2025, 55, 1666, 3.3);
INSERT INTO RangeProj VALUES(0, 3740);
INSERT INTO Projection VALUES(3740, 2010, 23, 1471, 1.6);
INSERT INTO RangeProj VALUES(0, 3741);
INSERT INTO Projection VALUES(3741, 2015, 31, 1538, 2.0);
INSERT INTO RangeProj VALUES(0, 3742);
INSERT INTO Projection VALUES(3742, 2020, 33, 1606, 2.1);
INSERT INTO RangeProj VALUES(0, 3743);
INSERT INTO Projection VALUES(3743, 2025, 39, 1666, 2.3);
INSERT INTO SubRange VALUES(46860, 0);
INSERT INTO SubRange VALUES(46860, 1);
INSERT INTO SubRange VALUES(46860, 2);
INSERT INTO SubRange VALUES(46860, 3);
INSERT INTO SubRange VALUES(46860, 4);
INSERT INTO SubRange VALUES(46860, 5);
INSERT INTO SubRange VALUES(46860, 6);
INSERT INTO SubRange VALUES(46860, 7);
commit;
INSERT INTO SubRange VALUES(46860, 8);
INSERT INTO SubRange VALUES(46860, 9);
INSERT INTO SubRange VALUES(46860, 10);
INSERT INTO SubRange VALUES(46860, 11);
INSERT INTO SubRange VALUES(46860, 12);
INSERT INTO SubRange VALUES(46860, 13);
INSERT INTO SubRange VALUES(46860, 14);
INSERT INTO SubRange VALUES(46860, 15);
INSERT INTO SubRange VALUES(46860, 16);
INSERT INTO SubRange VALUES(46860, 17);
INSERT INTO Suburb VALUES(46970, 'Roxby Downs');
INSERT INTO RangeProj VALUES(0, 3744);
INSERT INTO Projection VALUES(3744, 2010, 392, 4687, 8.4);
INSERT INTO RangeProj VALUES(0, 3745);
INSERT INTO Projection VALUES(3745, 2015, 453, 5391, 8.4);
INSERT INTO RangeProj VALUES(0, 3746);
INSERT INTO Projection VALUES(3746, 2020, 529, 6180, 8.6);
INSERT INTO RangeProj VALUES(0, 3747);
INSERT INTO Projection VALUES(3747, 2025, 599, 7042, 8.5);
INSERT INTO RangeProj VALUES(0, 3748);
INSERT INTO Projection VALUES(3748, 2010, 413, 4687, 8.8);
INSERT INTO RangeProj VALUES(0, 3749);
INSERT INTO Projection VALUES(3749, 2015, 431, 5391, 8.0);
INSERT INTO RangeProj VALUES(0, 3750);
INSERT INTO Projection VALUES(3750, 2020, 495, 6180, 8.0);
INSERT INTO RangeProj VALUES(0, 3751);
INSERT INTO Projection VALUES(3751, 2025, 567, 7042, 8.1);
INSERT INTO RangeProj VALUES(0, 3752);
INSERT INTO Projection VALUES(3752, 2010, 329, 4687, 7.0);
INSERT INTO RangeProj VALUES(0, 3753);
INSERT INTO Projection VALUES(3753, 2015, 344, 5391, 6.4);
INSERT INTO RangeProj VALUES(0, 3754);
INSERT INTO Projection VALUES(3754, 2020, 394, 6180, 6.4);
INSERT INTO RangeProj VALUES(0, 3755);
INSERT INTO Projection VALUES(3755, 2025, 451, 7042, 6.4);
INSERT INTO RangeProj VALUES(0, 3756);
INSERT INTO Projection VALUES(3756, 2010, 183, 4687, 3.9);
INSERT INTO RangeProj VALUES(0, 3757);
INSERT INTO Projection VALUES(3757, 2015, 189, 5391, 3.5);
INSERT INTO RangeProj VALUES(0, 3758);
INSERT INTO Projection VALUES(3758, 2020, 198, 6180, 3.2);
INSERT INTO RangeProj VALUES(0, 3759);
INSERT INTO Projection VALUES(3759, 2025, 231, 7042, 3.3);
INSERT INTO RangeProj VALUES(0, 3760);
INSERT INTO Projection VALUES(3760, 2010, 394, 4687, 8.4);
INSERT INTO RangeProj VALUES(0, 3761);
INSERT INTO Projection VALUES(3761, 2015, 425, 5391, 7.9);
INSERT INTO RangeProj VALUES(0, 3762);
INSERT INTO Projection VALUES(3762, 2020, 466, 6180, 7.5);
INSERT INTO RangeProj VALUES(0, 3763);
INSERT INTO Projection VALUES(3763, 2025, 511, 7042, 7.3);
INSERT INTO RangeProj VALUES(0, 3764);
INSERT INTO Projection VALUES(3764, 2010, 596, 4687, 12.7);
INSERT INTO RangeProj VALUES(0, 3765);
INSERT INTO Projection VALUES(3765, 2015, 720, 5391, 13.4);
INSERT INTO RangeProj VALUES(0, 3766);
INSERT INTO Projection VALUES(3766, 2020, 803, 6180, 13.0);
INSERT INTO RangeProj VALUES(0, 3767);
INSERT INTO Projection VALUES(3767, 2025, 889, 7042, 12.6);
INSERT INTO RangeProj VALUES(0, 3768);
INSERT INTO Projection VALUES(3768, 2010, 531, 4687, 11.3);
INSERT INTO RangeProj VALUES(0, 3769);
INSERT INTO Projection VALUES(3769, 2015, 672, 5391, 12.5);
INSERT INTO RangeProj VALUES(0, 3770);
INSERT INTO Projection VALUES(3770, 2020, 790, 6180, 12.8);
INSERT INTO RangeProj VALUES(0, 3771);
INSERT INTO Projection VALUES(3771, 2025, 889, 7042, 12.6);
INSERT INTO RangeProj VALUES(0, 3772);
INSERT INTO Projection VALUES(3772, 2010, 479, 4687, 10.2);
INSERT INTO RangeProj VALUES(0, 3773);
INSERT INTO Projection VALUES(3773, 2015, 499, 5391, 9.3);
INSERT INTO RangeProj VALUES(0, 3774);
INSERT INTO Projection VALUES(3774, 2020, 613, 6180, 9.9);
INSERT INTO RangeProj VALUES(0, 3775);
INSERT INTO Projection VALUES(3775, 2025, 716, 7042, 10.2);
INSERT INTO RangeProj VALUES(0, 3776);
INSERT INTO Projection VALUES(3776, 2010, 410, 4687, 8.7);
INSERT INTO RangeProj VALUES(0, 3777);
INSERT INTO Projection VALUES(3777, 2015, 444, 5391, 8.2);
INSERT INTO RangeProj VALUES(0, 3778);
INSERT INTO Projection VALUES(3778, 2020, 459, 6180, 7.4);
INSERT INTO RangeProj VALUES(0, 3779);
INSERT INTO Projection VALUES(3779, 2025, 570, 7042, 8.1);
INSERT INTO RangeProj VALUES(0, 3780);
INSERT INTO Projection VALUES(3780, 2010, 377, 4687, 8.0);
INSERT INTO RangeProj VALUES(0, 3781);
INSERT INTO Projection VALUES(3781, 2015, 415, 5391, 7.7);
INSERT INTO RangeProj VALUES(0, 3782);
INSERT INTO Projection VALUES(3782, 2020, 465, 6180, 7.5);
INSERT INTO RangeProj VALUES(0, 3783);
INSERT INTO Projection VALUES(3783, 2025, 484, 7042, 6.9);
INSERT INTO RangeProj VALUES(0, 3784);
INSERT INTO Projection VALUES(3784, 2010, 295, 4687, 6.3);
INSERT INTO RangeProj VALUES(0, 3785);
INSERT INTO Projection VALUES(3785, 2015, 358, 5391, 6.6);
INSERT INTO RangeProj VALUES(0, 3786);
INSERT INTO Projection VALUES(3786, 2020, 394, 6180, 6.4);
INSERT INTO RangeProj VALUES(0, 3787);
INSERT INTO Projection VALUES(3787, 2025, 444, 7042, 6.3);
INSERT INTO RangeProj VALUES(0, 3788);
INSERT INTO Projection VALUES(3788, 2010, 168, 4687, 3.6);
commit;
INSERT INTO RangeProj VALUES(0, 3789);
INSERT INTO Projection VALUES(3789, 2015, 231, 5391, 4.3);
INSERT INTO RangeProj VALUES(0, 3790);
INSERT INTO Projection VALUES(3790, 2020, 267, 6180, 4.3);
INSERT INTO RangeProj VALUES(0, 3791);
INSERT INTO Projection VALUES(3791, 2025, 297, 7042, 4.2);
INSERT INTO RangeProj VALUES(0, 3792);
INSERT INTO Projection VALUES(3792, 2010, 85, 4687, 1.8);
INSERT INTO RangeProj VALUES(0, 3793);
INSERT INTO Projection VALUES(3793, 2015, 134, 5391, 2.5);
INSERT INTO RangeProj VALUES(0, 3794);
INSERT INTO Projection VALUES(3794, 2020, 180, 6180, 2.9);
INSERT INTO RangeProj VALUES(0, 3795);
INSERT INTO Projection VALUES(3795, 2025, 217, 7042, 3.1);
INSERT INTO RangeProj VALUES(0, 3796);
INSERT INTO Projection VALUES(3796, 2010, 19, 4687, 0.4);
INSERT INTO RangeProj VALUES(0, 3797);
INSERT INTO Projection VALUES(3797, 2015, 40, 5391, 0.7);
INSERT INTO RangeProj VALUES(0, 3798);
INSERT INTO Projection VALUES(3798, 2020, 69, 6180, 1.1);
INSERT INTO RangeProj VALUES(0, 3799);
INSERT INTO Projection VALUES(3799, 2025, 91, 7042, 1.3);
INSERT INTO RangeProj VALUES(0, 3800);
INSERT INTO Projection VALUES(3800, 2010, 9, 4687, 0.2);
INSERT INTO RangeProj VALUES(0, 3801);
INSERT INTO Projection VALUES(3801, 2015, 11, 5391, 0.2);
INSERT INTO RangeProj VALUES(0, 3802);
INSERT INTO Projection VALUES(3802, 2020, 21, 6180, 0.3);
INSERT INTO RangeProj VALUES(0, 3803);
INSERT INTO Projection VALUES(3803, 2025, 35, 7042, 0.5);
INSERT INTO RangeProj VALUES(0, 3804);
INSERT INTO Projection VALUES(3804, 2010, 3, 4687, 0.1);
INSERT INTO RangeProj VALUES(0, 3805);
INSERT INTO Projection VALUES(3805, 2015, 9, 5391, 0.2);
INSERT INTO RangeProj VALUES(0, 3806);
INSERT INTO Projection VALUES(3806, 2020, 9, 6180, 0.1);
INSERT INTO RangeProj VALUES(0, 3807);
INSERT INTO Projection VALUES(3807, 2025, 17, 7042, 0.2);
INSERT INTO RangeProj VALUES(0, 3808);
INSERT INTO Projection VALUES(3808, 2010, 0, 4687, 0.0);
INSERT INTO RangeProj VALUES(0, 3809);
INSERT INTO Projection VALUES(3809, 2015, 7, 5391, 0.1);
INSERT INTO RangeProj VALUES(0, 3810);
INSERT INTO Projection VALUES(3810, 2020, 15, 6180, 0.2);
INSERT INTO RangeProj VALUES(0, 3811);
INSERT INTO Projection VALUES(3811, 2025, 15, 7042, 0.2);
INSERT INTO RangeProj VALUES(0, 3812);
INSERT INTO Projection VALUES(3812, 2010, 4, 4687, 0.1);
INSERT INTO RangeProj VALUES(0, 3813);
INSERT INTO Projection VALUES(3813, 2015, 9, 5391, 0.2);
INSERT INTO RangeProj VALUES(0, 3814);
INSERT INTO Projection VALUES(3814, 2020, 13, 6180, 0.2);
INSERT INTO RangeProj VALUES(0, 3815);
INSERT INTO Projection VALUES(3815, 2025, 19, 7042, 0.3);
INSERT INTO SubRange VALUES(46970, 0);
INSERT INTO SubRange VALUES(46970, 1);
INSERT INTO SubRange VALUES(46970, 2);
INSERT INTO SubRange VALUES(46970, 3);
INSERT INTO SubRange VALUES(46970, 4);
INSERT INTO SubRange VALUES(46970, 5);
INSERT INTO SubRange VALUES(46970, 6);
INSERT INTO SubRange VALUES(46970, 7);
INSERT INTO SubRange VALUES(46970, 8);
INSERT INTO SubRange VALUES(46970, 9);
INSERT INTO SubRange VALUES(46970, 10);
INSERT INTO SubRange VALUES(46970, 11);
INSERT INTO SubRange VALUES(46970, 12);
INSERT INTO SubRange VALUES(46970, 13);
INSERT INTO SubRange VALUES(46970, 14);
INSERT INTO SubRange VALUES(46970, 15);
INSERT INTO SubRange VALUES(46970, 16);
INSERT INTO SubRange VALUES(46970, 17);
INSERT INTO Suburb VALUES(47140, 'Salisbury');
INSERT INTO RangeProj VALUES(0, 3816);
INSERT INTO Projection VALUES(3816, 2010, 9432, 132558, 7.1);
INSERT INTO RangeProj VALUES(0, 3817);
INSERT INTO Projection VALUES(3817, 2015, 10310, 143704, 7.2);
INSERT INTO RangeProj VALUES(0, 3818);
INSERT INTO Projection VALUES(3818, 2020, 10950, 154917, 7.1);
INSERT INTO RangeProj VALUES(0, 3819);
INSERT INTO Projection VALUES(3819, 2025, 11440, 165972, 6.9);
INSERT INTO RangeProj VALUES(0, 3820);
INSERT INTO Projection VALUES(3820, 2010, 8376, 132558, 6.3);
INSERT INTO RangeProj VALUES(0, 3821);
INSERT INTO Projection VALUES(3821, 2015, 9551, 143704, 6.6);
INSERT INTO RangeProj VALUES(0, 3822);
INSERT INTO Projection VALUES(3822, 2020, 10321, 154917, 6.7);
INSERT INTO RangeProj VALUES(0, 3823);
INSERT INTO Projection VALUES(3823, 2025, 10932, 165972, 6.6);
INSERT INTO RangeProj VALUES(0, 3824);
INSERT INTO Projection VALUES(3824, 2010, 8524, 132558, 6.4);
INSERT INTO RangeProj VALUES(0, 3825);
INSERT INTO Projection VALUES(3825, 2015, 8499, 143704, 5.9);
INSERT INTO RangeProj VALUES(0, 3826);
INSERT INTO Projection VALUES(3826, 2020, 9586, 154917, 6.2);
INSERT INTO RangeProj VALUES(0, 3827);
INSERT INTO Projection VALUES(3827, 2025, 10296, 165972, 6.2);
INSERT INTO RangeProj VALUES(0, 3828);
INSERT INTO Projection VALUES(3828, 2010, 9372, 132558, 7.1);
INSERT INTO RangeProj VALUES(0, 3829);
INSERT INTO Projection VALUES(3829, 2015, 9300, 143704, 6.5);
commit;
INSERT INTO RangeProj VALUES(0, 3830);
INSERT INTO Projection VALUES(3830, 2020, 9369, 154917, 6.0);
INSERT INTO RangeProj VALUES(0, 3831);
INSERT INTO Projection VALUES(3831, 2025, 10403, 165972, 6.3);
INSERT INTO RangeProj VALUES(0, 3832);
INSERT INTO Projection VALUES(3832, 2010, 9887, 132558, 7.5);
INSERT INTO RangeProj VALUES(0, 3833);
INSERT INTO Projection VALUES(3833, 2015, 10402, 143704, 7.2);
INSERT INTO RangeProj VALUES(0, 3834);
INSERT INTO Projection VALUES(3834, 2020, 10413, 154917, 6.7);
INSERT INTO RangeProj VALUES(0, 3835);
INSERT INTO Projection VALUES(3835, 2025, 10469, 165972, 6.3);
INSERT INTO RangeProj VALUES(0, 3836);
INSERT INTO Projection VALUES(3836, 2010, 10717, 132558, 8.1);
INSERT INTO RangeProj VALUES(0, 3837);
INSERT INTO Projection VALUES(3837, 2015, 11118, 143704, 7.7);
INSERT INTO RangeProj VALUES(0, 3838);
INSERT INTO Projection VALUES(3838, 2020, 11777, 154917, 7.6);
INSERT INTO RangeProj VALUES(0, 3839);
INSERT INTO Projection VALUES(3839, 2025, 11932, 165972, 7.2);
INSERT INTO RangeProj VALUES(0, 3840);
INSERT INTO Projection VALUES(3840, 2010, 9550, 132558, 7.2);
INSERT INTO RangeProj VALUES(0, 3841);
INSERT INTO Projection VALUES(3841, 2015, 11415, 143704, 7.9);
INSERT INTO RangeProj VALUES(0, 3842);
INSERT INTO Projection VALUES(3842, 2020, 12007, 154917, 7.8);
INSERT INTO RangeProj VALUES(0, 3843);
INSERT INTO Projection VALUES(3843, 2025, 12744, 165972, 7.7);
INSERT INTO RangeProj VALUES(0, 3844);
INSERT INTO Projection VALUES(3844, 2010, 9703, 132558, 7.3);
INSERT INTO RangeProj VALUES(0, 3845);
INSERT INTO Projection VALUES(3845, 2015, 9951, 143704, 6.9);
INSERT INTO RangeProj VALUES(0, 3846);
INSERT INTO Projection VALUES(3846, 2020, 11708, 154917, 7.6);
INSERT INTO RangeProj VALUES(0, 3847);
INSERT INTO Projection VALUES(3847, 2025, 12358, 165972, 7.4);
INSERT INTO RangeProj VALUES(0, 3848);
INSERT INTO Projection VALUES(3848, 2010, 9202, 132558, 6.9);
INSERT INTO RangeProj VALUES(0, 3849);
INSERT INTO Projection VALUES(3849, 2015, 9739, 143704, 6.8);
INSERT INTO RangeProj VALUES(0, 3850);
INSERT INTO Projection VALUES(3850, 2020, 9918, 154917, 6.4);
INSERT INTO RangeProj VALUES(0, 3851);
INSERT INTO Projection VALUES(3851, 2025, 11557, 165972, 7.0);
INSERT INTO RangeProj VALUES(0, 3852);
INSERT INTO Projection VALUES(3852, 2010, 9263, 132558, 7.0);
INSERT INTO RangeProj VALUES(0, 3853);
INSERT INTO Projection VALUES(3853, 2015, 9137, 143704, 6.4);
INSERT INTO RangeProj VALUES(0, 3854);
INSERT INTO Projection VALUES(3854, 2020, 9645, 154917, 6.2);
INSERT INTO RangeProj VALUES(0, 3855);
INSERT INTO Projection VALUES(3855, 2025, 9788, 165972, 5.9);
INSERT INTO RangeProj VALUES(0, 3856);
INSERT INTO Projection VALUES(3856, 2010, 8247, 132558, 6.2);
INSERT INTO RangeProj VALUES(0, 3857);
INSERT INTO Projection VALUES(3857, 2015, 9057, 143704, 6.3);
INSERT INTO RangeProj VALUES(0, 3858);
INSERT INTO Projection VALUES(3858, 2020, 8970, 154917, 5.8);
INSERT INTO RangeProj VALUES(0, 3859);
INSERT INTO Projection VALUES(3859, 2025, 9480, 165972, 5.7);
INSERT INTO RangeProj VALUES(0, 3860);
INSERT INTO Projection VALUES(3860, 2010, 7505, 132558, 5.7);
INSERT INTO RangeProj VALUES(0, 3861);
INSERT INTO Projection VALUES(3861, 2015, 8040, 143704, 5.6);
INSERT INTO RangeProj VALUES(0, 3862);
INSERT INTO Projection VALUES(3862, 2020, 8726, 154917, 5.6);
INSERT INTO RangeProj VALUES(0, 3863);
INSERT INTO Projection VALUES(3863, 2025, 8620, 165972, 5.2);
INSERT INTO RangeProj VALUES(0, 3864);
INSERT INTO Projection VALUES(3864, 2010, 7048, 132558, 5.3);
INSERT INTO RangeProj VALUES(0, 3865);
INSERT INTO Projection VALUES(3865, 2015, 7338, 143704, 5.1);
INSERT INTO RangeProj VALUES(0, 3866);
INSERT INTO Projection VALUES(3866, 2020, 7916, 154917, 5.1);
INSERT INTO RangeProj VALUES(0, 3867);
INSERT INTO Projection VALUES(3867, 2025, 8551, 165972, 5.2);
INSERT INTO RangeProj VALUES(0, 3868);
INSERT INTO Projection VALUES(3868, 2010, 5055, 132558, 3.8);
INSERT INTO RangeProj VALUES(0, 3869);
INSERT INTO Projection VALUES(3869, 2015, 6797, 143704, 4.7);
INSERT INTO RangeProj VALUES(0, 3870);
INSERT INTO Projection VALUES(3870, 2020, 7142, 154917, 4.6);
INSERT INTO RangeProj VALUES(0, 3871);
INSERT INTO Projection VALUES(3871, 2025, 7758, 165972, 4.7);
INSERT INTO RangeProj VALUES(0, 3872);
INSERT INTO Projection VALUES(3872, 2010, 3923, 132558, 3.0);
INSERT INTO RangeProj VALUES(0, 3873);
INSERT INTO Projection VALUES(3873, 2015, 4784, 143704, 3.3);
INSERT INTO RangeProj VALUES(0, 3874);
INSERT INTO Projection VALUES(3874, 2020, 6443, 154917, 4.2);
INSERT INTO RangeProj VALUES(0, 3875);
INSERT INTO Projection VALUES(3875, 2025, 6828, 165972, 4.1);
INSERT INTO RangeProj VALUES(0, 3876);
INSERT INTO Projection VALUES(3876, 2010, 2929, 132558, 2.2);
INSERT INTO RangeProj VALUES(0, 3877);
INSERT INTO Projection VALUES(3877, 2015, 3545, 143704, 2.5);
INSERT INTO RangeProj VALUES(0, 3878);
INSERT INTO Projection VALUES(3878, 2020, 4327, 154917, 2.8);
INSERT INTO RangeProj VALUES(0, 3879);
INSERT INTO Projection VALUES(3879, 2025, 5845, 165972, 3.5);
INSERT INTO RangeProj VALUES(0, 3880);
commit;
INSERT INTO Projection VALUES(3880, 2010, 2146, 132558, 1.6);
INSERT INTO RangeProj VALUES(0, 3881);
INSERT INTO Projection VALUES(3881, 2015, 2440, 143704, 1.7);
INSERT INTO RangeProj VALUES(0, 3882);
INSERT INTO Projection VALUES(3882, 2020, 2956, 154917, 1.9);
INSERT INTO RangeProj VALUES(0, 3883);
INSERT INTO Projection VALUES(3883, 2025, 3653, 165972, 2.2);
INSERT INTO RangeProj VALUES(0, 3884);
INSERT INTO Projection VALUES(3884, 2010, 1679, 132558, 1.3);
INSERT INTO RangeProj VALUES(0, 3885);
INSERT INTO Projection VALUES(3885, 2015, 2281, 143704, 1.6);
INSERT INTO RangeProj VALUES(0, 3886);
INSERT INTO Projection VALUES(3886, 2020, 2743, 154917, 1.8);
INSERT INTO RangeProj VALUES(0, 3887);
INSERT INTO Projection VALUES(3887, 2025, 3318, 165972, 2.0);
INSERT INTO SubRange VALUES(47140, 0);
INSERT INTO SubRange VALUES(47140, 1);
INSERT INTO SubRange VALUES(47140, 2);
INSERT INTO SubRange VALUES(47140, 3);
INSERT INTO SubRange VALUES(47140, 4);
INSERT INTO SubRange VALUES(47140, 5);
INSERT INTO SubRange VALUES(47140, 6);
INSERT INTO SubRange VALUES(47140, 7);
INSERT INTO SubRange VALUES(47140, 8);
INSERT INTO SubRange VALUES(47140, 9);
INSERT INTO SubRange VALUES(47140, 10);
INSERT INTO SubRange VALUES(47140, 11);
INSERT INTO SubRange VALUES(47140, 12);
INSERT INTO SubRange VALUES(47140, 13);
INSERT INTO SubRange VALUES(47140, 14);
INSERT INTO SubRange VALUES(47140, 15);
INSERT INTO SubRange VALUES(47140, 16);
INSERT INTO SubRange VALUES(47140, 17);
INSERT INTO Suburb VALUES(47290, 'Southern Mallee');
INSERT INTO RangeProj VALUES(0, 3888);
INSERT INTO Projection VALUES(3888, 2010, 152, 2213, 6.9);
INSERT INTO RangeProj VALUES(0, 3889);
INSERT INTO Projection VALUES(3889, 2015, 153, 2194, 7.0);
INSERT INTO RangeProj VALUES(0, 3890);
INSERT INTO Projection VALUES(3890, 2020, 150, 2182, 6.9);
INSERT INTO RangeProj VALUES(0, 3891);
INSERT INTO Projection VALUES(3891, 2025, 143, 2152, 6.6);
INSERT INTO RangeProj VALUES(0, 3892);
INSERT INTO Projection VALUES(3892, 2010, 140, 2213, 6.3);
INSERT INTO RangeProj VALUES(0, 3893);
INSERT INTO Projection VALUES(3893, 2015, 138, 2194, 6.3);
INSERT INTO RangeProj VALUES(0, 3894);
INSERT INTO Projection VALUES(3894, 2020, 137, 2182, 6.3);
INSERT INTO RangeProj VALUES(0, 3895);
INSERT INTO Projection VALUES(3895, 2025, 133, 2152, 6.2);
INSERT INTO RangeProj VALUES(0, 3896);
INSERT INTO Projection VALUES(3896, 2010, 153, 2213, 6.9);
INSERT INTO RangeProj VALUES(0, 3897);
INSERT INTO Projection VALUES(3897, 2015, 138, 2194, 6.3);
INSERT INTO RangeProj VALUES(0, 3898);
INSERT INTO Projection VALUES(3898, 2020, 134, 2182, 6.1);
INSERT INTO RangeProj VALUES(0, 3899);
INSERT INTO Projection VALUES(3899, 2025, 137, 2152, 6.4);
INSERT INTO RangeProj VALUES(0, 3900);
INSERT INTO Projection VALUES(3900, 2010, 136, 2213, 6.1);
INSERT INTO RangeProj VALUES(0, 3901);
INSERT INTO Projection VALUES(3901, 2015, 107, 2194, 4.9);
INSERT INTO RangeProj VALUES(0, 3902);
INSERT INTO Projection VALUES(3902, 2020, 97, 2182, 4.4);
INSERT INTO RangeProj VALUES(0, 3903);
INSERT INTO Projection VALUES(3903, 2025, 93, 2152, 4.3);
INSERT INTO RangeProj VALUES(0, 3904);
INSERT INTO Projection VALUES(3904, 2010, 119, 2213, 5.4);
INSERT INTO RangeProj VALUES(0, 3905);
INSERT INTO Projection VALUES(3905, 2015, 115, 2194, 5.2);
INSERT INTO RangeProj VALUES(0, 3906);
INSERT INTO Projection VALUES(3906, 2020, 101, 2182, 4.6);
INSERT INTO RangeProj VALUES(0, 3907);
INSERT INTO Projection VALUES(3907, 2025, 100, 2152, 4.6);
INSERT INTO RangeProj VALUES(0, 3908);
INSERT INTO Projection VALUES(3908, 2010, 119, 2213, 5.4);
INSERT INTO RangeProj VALUES(0, 3909);
INSERT INTO Projection VALUES(3909, 2015, 131, 2194, 6.0);
INSERT INTO RangeProj VALUES(0, 3910);
INSERT INTO Projection VALUES(3910, 2020, 121, 2182, 5.5);
INSERT INTO RangeProj VALUES(0, 3911);
INSERT INTO Projection VALUES(3911, 2025, 104, 2152, 4.8);
INSERT INTO RangeProj VALUES(0, 3912);
INSERT INTO Projection VALUES(3912, 2010, 110, 2213, 5.0);
INSERT INTO RangeProj VALUES(0, 3913);
INSERT INTO Projection VALUES(3913, 2015, 120, 2194, 5.5);
INSERT INTO RangeProj VALUES(0, 3914);
INSERT INTO Projection VALUES(3914, 2020, 134, 2182, 6.1);
INSERT INTO RangeProj VALUES(0, 3915);
INSERT INTO Projection VALUES(3915, 2025, 120, 2152, 5.6);
INSERT INTO RangeProj VALUES(0, 3916);
INSERT INTO Projection VALUES(3916, 2010, 124, 2213, 5.6);
INSERT INTO RangeProj VALUES(0, 3917);
INSERT INTO Projection VALUES(3917, 2015, 108, 2194, 4.9);
INSERT INTO RangeProj VALUES(0, 3918);
INSERT INTO Projection VALUES(3918, 2020, 114, 2182, 5.2);
INSERT INTO RangeProj VALUES(0, 3919);
INSERT INTO Projection VALUES(3919, 2025, 121, 2152, 5.6);
INSERT INTO RangeProj VALUES(0, 3920);
INSERT INTO Projection VALUES(3920, 2010, 156, 2213, 7.0);
INSERT INTO RangeProj VALUES(0, 3921);
commit;
INSERT INTO Projection VALUES(3921, 2015, 128, 2194, 5.8);
INSERT INTO RangeProj VALUES(0, 3922);
INSERT INTO Projection VALUES(3922, 2020, 112, 2182, 5.1);
INSERT INTO RangeProj VALUES(0, 3923);
INSERT INTO Projection VALUES(3923, 2025, 116, 2152, 5.4);
INSERT INTO RangeProj VALUES(0, 3924);
INSERT INTO Projection VALUES(3924, 2010, 173, 2213, 7.8);
INSERT INTO RangeProj VALUES(0, 3925);
INSERT INTO Projection VALUES(3925, 2015, 163, 2194, 7.4);
INSERT INTO RangeProj VALUES(0, 3926);
INSERT INTO Projection VALUES(3926, 2020, 141, 2182, 6.5);
INSERT INTO RangeProj VALUES(0, 3927);
INSERT INTO Projection VALUES(3927, 2025, 121, 2152, 5.6);
INSERT INTO RangeProj VALUES(0, 3928);
INSERT INTO Projection VALUES(3928, 2010, 163, 2213, 7.4);
INSERT INTO RangeProj VALUES(0, 3929);
INSERT INTO Projection VALUES(3929, 2015, 178, 2194, 8.1);
INSERT INTO RangeProj VALUES(0, 3930);
INSERT INTO Projection VALUES(3930, 2020, 165, 2182, 7.6);
INSERT INTO RangeProj VALUES(0, 3931);
INSERT INTO Projection VALUES(3931, 2025, 149, 2152, 6.9);
INSERT INTO RangeProj VALUES(0, 3932);
INSERT INTO Projection VALUES(3932, 2010, 140, 2213, 6.3);
INSERT INTO RangeProj VALUES(0, 3933);
INSERT INTO Projection VALUES(3933, 2015, 155, 2194, 7.1);
INSERT INTO RangeProj VALUES(0, 3934);
INSERT INTO Projection VALUES(3934, 2020, 165, 2182, 7.6);
INSERT INTO RangeProj VALUES(0, 3935);
INSERT INTO Projection VALUES(3935, 2025, 154, 2152, 7.2);
INSERT INTO RangeProj VALUES(0, 3936);
INSERT INTO Projection VALUES(3936, 2010, 164, 2213, 7.4);
INSERT INTO RangeProj VALUES(0, 3937);
INSERT INTO Projection VALUES(3937, 2015, 141, 2194, 6.4);
INSERT INTO RangeProj VALUES(0, 3938);
INSERT INTO Projection VALUES(3938, 2020, 159, 2182, 7.3);
INSERT INTO RangeProj VALUES(0, 3939);
INSERT INTO Projection VALUES(3939, 2025, 165, 2152, 7.7);
INSERT INTO RangeProj VALUES(0, 3940);
INSERT INTO Projection VALUES(3940, 2010, 106, 2213, 4.8);
INSERT INTO RangeProj VALUES(0, 3941);
INSERT INTO Projection VALUES(3941, 2015, 147, 2194, 6.7);
INSERT INTO RangeProj VALUES(0, 3942);
INSERT INTO Projection VALUES(3942, 2020, 125, 2182, 5.7);
INSERT INTO RangeProj VALUES(0, 3943);
INSERT INTO Projection VALUES(3943, 2025, 145, 2152, 6.7);
INSERT INTO RangeProj VALUES(0, 3944);
INSERT INTO Projection VALUES(3944, 2010, 79, 2213, 3.6);
INSERT INTO RangeProj VALUES(0, 3945);
INSERT INTO Projection VALUES(3945, 2015, 91, 2194, 4.1);
INSERT INTO RangeProj VALUES(0, 3946);
INSERT INTO Projection VALUES(3946, 2020, 128, 2182, 5.9);
INSERT INTO RangeProj VALUES(0, 3947);
INSERT INTO Projection VALUES(3947, 2025, 110, 2152, 5.1);
INSERT INTO RangeProj VALUES(0, 3948);
INSERT INTO Projection VALUES(3948, 2010, 65, 2213, 2.9);
INSERT INTO RangeProj VALUES(0, 3949);
INSERT INTO Projection VALUES(3949, 2015, 66, 2194, 3.0);
INSERT INTO RangeProj VALUES(0, 3950);
INSERT INTO Projection VALUES(3950, 2020, 79, 2182, 3.6);
INSERT INTO RangeProj VALUES(0, 3951);
INSERT INTO Projection VALUES(3951, 2025, 105, 2152, 4.9);
INSERT INTO RangeProj VALUES(0, 3952);
INSERT INTO Projection VALUES(3952, 2010, 48, 2213, 2.2);
INSERT INTO RangeProj VALUES(0, 3953);
INSERT INTO Projection VALUES(3953, 2015, 48, 2194, 2.2);
INSERT INTO RangeProj VALUES(0, 3954);
INSERT INTO Projection VALUES(3954, 2020, 51, 2182, 2.3);
INSERT INTO RangeProj VALUES(0, 3955);
INSERT INTO Projection VALUES(3955, 2025, 62, 2152, 2.9);
INSERT INTO RangeProj VALUES(0, 3956);
INSERT INTO Projection VALUES(3956, 2010, 66, 2213, 3.0);
INSERT INTO RangeProj VALUES(0, 3957);
INSERT INTO Projection VALUES(3957, 2015, 67, 2194, 3.1);
INSERT INTO RangeProj VALUES(0, 3958);
INSERT INTO Projection VALUES(3958, 2020, 69, 2182, 3.2);
INSERT INTO RangeProj VALUES(0, 3959);
INSERT INTO Projection VALUES(3959, 2025, 74, 2152, 3.4);
INSERT INTO SubRange VALUES(47290, 0);
INSERT INTO SubRange VALUES(47290, 1);
INSERT INTO SubRange VALUES(47290, 2);
INSERT INTO SubRange VALUES(47290, 3);
INSERT INTO SubRange VALUES(47290, 4);
INSERT INTO SubRange VALUES(47290, 5);
INSERT INTO SubRange VALUES(47290, 6);
INSERT INTO SubRange VALUES(47290, 7);
INSERT INTO SubRange VALUES(47290, 8);
INSERT INTO SubRange VALUES(47290, 9);
INSERT INTO SubRange VALUES(47290, 10);
INSERT INTO SubRange VALUES(47290, 11);
INSERT INTO SubRange VALUES(47290, 12);
INSERT INTO SubRange VALUES(47290, 13);
INSERT INTO SubRange VALUES(47290, 14);
INSERT INTO SubRange VALUES(47290, 15);
INSERT INTO SubRange VALUES(47290, 16);
INSERT INTO SubRange VALUES(47290, 17);
INSERT INTO Suburb VALUES(47490, 'Streaky Bay');
INSERT INTO RangeProj VALUES(0, 3960);
INSERT INTO Projection VALUES(3960, 2010, 158, 2226, 7.1);
INSERT INTO RangeProj VALUES(0, 3961);
INSERT INTO Projection VALUES(3961, 2015, 155, 2360, 6.6);
INSERT INTO RangeProj VALUES(0, 3962);
commit;
INSERT INTO Projection VALUES(3962, 2020, 158, 2504, 6.3);
INSERT INTO RangeProj VALUES(0, 3963);
INSERT INTO Projection VALUES(3963, 2025, 156, 2634, 5.9);
INSERT INTO RangeProj VALUES(0, 3964);
INSERT INTO Projection VALUES(3964, 2010, 145, 2226, 6.5);
INSERT INTO RangeProj VALUES(0, 3965);
INSERT INTO Projection VALUES(3965, 2015, 162, 2360, 6.9);
INSERT INTO RangeProj VALUES(0, 3966);
INSERT INTO Projection VALUES(3966, 2020, 159, 2504, 6.3);
INSERT INTO RangeProj VALUES(0, 3967);
INSERT INTO Projection VALUES(3967, 2025, 159, 2634, 6.0);
INSERT INTO RangeProj VALUES(0, 3968);
INSERT INTO Projection VALUES(3968, 2010, 158, 2226, 7.1);
INSERT INTO RangeProj VALUES(0, 3969);
INSERT INTO Projection VALUES(3969, 2015, 139, 2360, 5.9);
INSERT INTO RangeProj VALUES(0, 3970);
INSERT INTO Projection VALUES(3970, 2020, 153, 2504, 6.1);
INSERT INTO RangeProj VALUES(0, 3971);
INSERT INTO Projection VALUES(3971, 2025, 150, 2634, 5.7);
INSERT INTO RangeProj VALUES(0, 3972);
INSERT INTO Projection VALUES(3972, 2010, 111, 2226, 5.0);
INSERT INTO RangeProj VALUES(0, 3973);
INSERT INTO Projection VALUES(3973, 2015, 106, 2360, 4.5);
INSERT INTO RangeProj VALUES(0, 3974);
INSERT INTO Projection VALUES(3974, 2020, 99, 2504, 4.0);
INSERT INTO RangeProj VALUES(0, 3975);
INSERT INTO Projection VALUES(3975, 2025, 108, 2634, 4.1);
INSERT INTO RangeProj VALUES(0, 3976);
INSERT INTO Projection VALUES(3976, 2010, 82, 2226, 3.7);
INSERT INTO RangeProj VALUES(0, 3977);
INSERT INTO Projection VALUES(3977, 2015, 76, 2360, 3.2);
INSERT INTO RangeProj VALUES(0, 3978);
INSERT INTO Projection VALUES(3978, 2020, 76, 2504, 3.0);
INSERT INTO RangeProj VALUES(0, 3979);
INSERT INTO Projection VALUES(3979, 2025, 71, 2634, 2.7);
INSERT INTO RangeProj VALUES(0, 3980);
INSERT INTO Projection VALUES(3980, 2010, 99, 2226, 4.4);
INSERT INTO RangeProj VALUES(0, 3981);
INSERT INTO Projection VALUES(3981, 2015, 104, 2360, 4.4);
INSERT INTO RangeProj VALUES(0, 3982);
INSERT INTO Projection VALUES(3982, 2020, 98, 2504, 3.9);
INSERT INTO RangeProj VALUES(0, 3983);
INSERT INTO Projection VALUES(3983, 2025, 93, 2634, 3.5);
INSERT INTO RangeProj VALUES(0, 3984);
INSERT INTO Projection VALUES(3984, 2010, 136, 2226, 6.1);
INSERT INTO RangeProj VALUES(0, 3985);
INSERT INTO Projection VALUES(3985, 2015, 135, 2360, 5.7);
INSERT INTO RangeProj VALUES(0, 3986);
INSERT INTO Projection VALUES(3986, 2020, 138, 2504, 5.5);
INSERT INTO RangeProj VALUES(0, 3987);
INSERT INTO Projection VALUES(3987, 2025, 137, 2634, 5.2);
INSERT INTO RangeProj VALUES(0, 3988);
INSERT INTO Projection VALUES(3988, 2010, 160, 2226, 7.2);
INSERT INTO RangeProj VALUES(0, 3989);
INSERT INTO Projection VALUES(3989, 2015, 163, 2360, 6.9);
INSERT INTO RangeProj VALUES(0, 3990);
INSERT INTO Projection VALUES(3990, 2020, 166, 2504, 6.6);
INSERT INTO RangeProj VALUES(0, 3991);
INSERT INTO Projection VALUES(3991, 2025, 173, 2634, 6.6);
INSERT INTO RangeProj VALUES(0, 3992);
INSERT INTO Projection VALUES(3992, 2010, 147, 2226, 6.6);
INSERT INTO RangeProj VALUES(0, 3993);
INSERT INTO Projection VALUES(3993, 2015, 158, 2360, 6.7);
INSERT INTO RangeProj VALUES(0, 3994);
INSERT INTO Projection VALUES(3994, 2020, 153, 2504, 6.1);
INSERT INTO RangeProj VALUES(0, 3995);
INSERT INTO Projection VALUES(3995, 2025, 161, 2634, 6.1);
INSERT INTO RangeProj VALUES(0, 3996);
INSERT INTO Projection VALUES(3996, 2010, 165, 2226, 7.4);
INSERT INTO RangeProj VALUES(0, 3997);
INSERT INTO Projection VALUES(3997, 2015, 164, 2360, 6.9);
INSERT INTO RangeProj VALUES(0, 3998);
INSERT INTO Projection VALUES(3998, 2020, 171, 2504, 6.8);
INSERT INTO RangeProj VALUES(0, 3999);
INSERT INTO Projection VALUES(3999, 2025, 170, 2634, 6.5);
INSERT INTO RangeProj VALUES(0, 4000);
INSERT INTO Projection VALUES(4000, 2010, 208, 2226, 9.3);
INSERT INTO RangeProj VALUES(0, 4001);
INSERT INTO Projection VALUES(4001, 2015, 189, 2360, 8.0);
INSERT INTO RangeProj VALUES(0, 4002);
INSERT INTO Projection VALUES(4002, 2020, 186, 2504, 7.4);
INSERT INTO RangeProj VALUES(0, 4003);
INSERT INTO Projection VALUES(4003, 2025, 191, 2634, 7.3);
INSERT INTO RangeProj VALUES(0, 4004);
INSERT INTO Projection VALUES(4004, 2010, 204, 2226, 9.2);
INSERT INTO RangeProj VALUES(0, 4005);
INSERT INTO Projection VALUES(4005, 2015, 249, 2360, 10.6);
INSERT INTO RangeProj VALUES(0, 4006);
INSERT INTO Projection VALUES(4006, 2020, 232, 2504, 9.3);
INSERT INTO RangeProj VALUES(0, 4007);
INSERT INTO Projection VALUES(4007, 2025, 229, 2634, 8.7);
INSERT INTO RangeProj VALUES(0, 4008);
INSERT INTO Projection VALUES(4008, 2010, 129, 2226, 5.8);
INSERT INTO RangeProj VALUES(0, 4009);
INSERT INTO Projection VALUES(4009, 2015, 201, 2360, 8.5);
INSERT INTO RangeProj VALUES(0, 4010);
INSERT INTO Projection VALUES(4010, 2020, 236, 2504, 9.4);
INSERT INTO RangeProj VALUES(0, 4011);
INSERT INTO Projection VALUES(4011, 2025, 225, 2634, 8.5);
INSERT INTO RangeProj VALUES(0, 4012);
INSERT INTO Projection VALUES(4012, 2010, 113, 2226, 5.1);
commit;
INSERT INTO RangeProj VALUES(0, 4013);
INSERT INTO Projection VALUES(4013, 2015, 122, 2360, 5.2);
INSERT INTO RangeProj VALUES(0, 4014);
INSERT INTO Projection VALUES(4014, 2020, 190, 2504, 7.6);
INSERT INTO RangeProj VALUES(0, 4015);
INSERT INTO Projection VALUES(4015, 2025, 224, 2634, 8.5);
INSERT INTO RangeProj VALUES(0, 4016);
INSERT INTO Projection VALUES(4016, 2010, 71, 2226, 3.2);
INSERT INTO RangeProj VALUES(0, 4017);
INSERT INTO Projection VALUES(4017, 2015, 100, 2360, 4.2);
INSERT INTO RangeProj VALUES(0, 4018);
INSERT INTO Projection VALUES(4018, 2020, 109, 2504, 4.4);
INSERT INTO RangeProj VALUES(0, 4019);
INSERT INTO Projection VALUES(4019, 2025, 172, 2634, 6.5);
INSERT INTO RangeProj VALUES(0, 4020);
INSERT INTO Projection VALUES(4020, 2010, 43, 2226, 1.9);
INSERT INTO RangeProj VALUES(0, 4021);
INSERT INTO Projection VALUES(4021, 2015, 57, 2360, 2.4);
INSERT INTO RangeProj VALUES(0, 4022);
INSERT INTO Projection VALUES(4022, 2020, 87, 2504, 3.5);
INSERT INTO RangeProj VALUES(0, 4023);
INSERT INTO Projection VALUES(4023, 2025, 89, 2634, 3.4);
INSERT INTO RangeProj VALUES(0, 4024);
INSERT INTO Projection VALUES(4024, 2010, 46, 2226, 2.1);
INSERT INTO RangeProj VALUES(0, 4025);
INSERT INTO Projection VALUES(4025, 2015, 30, 2360, 1.3);
INSERT INTO RangeProj VALUES(0, 4026);
INSERT INTO Projection VALUES(4026, 2020, 49, 2504, 2.0);
INSERT INTO RangeProj VALUES(0, 4027);
INSERT INTO Projection VALUES(4027, 2025, 74, 2634, 2.8);
INSERT INTO RangeProj VALUES(0, 4028);
INSERT INTO Projection VALUES(4028, 2010, 51, 2226, 2.3);
INSERT INTO RangeProj VALUES(0, 4029);
INSERT INTO Projection VALUES(4029, 2015, 50, 2360, 2.1);
INSERT INTO RangeProj VALUES(0, 4030);
INSERT INTO Projection VALUES(4030, 2020, 44, 2504, 1.8);
INSERT INTO RangeProj VALUES(0, 4031);
INSERT INTO Projection VALUES(4031, 2025, 52, 2634, 2.0);
INSERT INTO SubRange VALUES(47490, 0);
INSERT INTO SubRange VALUES(47490, 1);
INSERT INTO SubRange VALUES(47490, 2);
INSERT INTO SubRange VALUES(47490, 3);
INSERT INTO SubRange VALUES(47490, 4);
INSERT INTO SubRange VALUES(47490, 5);
INSERT INTO SubRange VALUES(47490, 6);
INSERT INTO SubRange VALUES(47490, 7);
INSERT INTO SubRange VALUES(47490, 8);
INSERT INTO SubRange VALUES(47490, 9);
INSERT INTO SubRange VALUES(47490, 10);
INSERT INTO SubRange VALUES(47490, 11);
INSERT INTO SubRange VALUES(47490, 12);
INSERT INTO SubRange VALUES(47490, 13);
INSERT INTO SubRange VALUES(47490, 14);
INSERT INTO SubRange VALUES(47490, 15);
INSERT INTO SubRange VALUES(47490, 16);
INSERT INTO SubRange VALUES(47490, 17);
INSERT INTO Suburb VALUES(47630, 'Tatiara');
INSERT INTO RangeProj VALUES(0, 4032);
INSERT INTO Projection VALUES(4032, 2010, 423, 7111, 5.9);
INSERT INTO RangeProj VALUES(0, 4033);
INSERT INTO Projection VALUES(4033, 2015, 433, 7140, 6.1);
INSERT INTO RangeProj VALUES(0, 4034);
INSERT INTO Projection VALUES(4034, 2020, 424, 7151, 5.9);
INSERT INTO RangeProj VALUES(0, 4035);
INSERT INTO Projection VALUES(4035, 2025, 408, 7130, 5.7);
INSERT INTO RangeProj VALUES(0, 4036);
INSERT INTO Projection VALUES(4036, 2010, 443, 7111, 6.2);
INSERT INTO RangeProj VALUES(0, 4037);
INSERT INTO Projection VALUES(4037, 2015, 408, 7140, 5.7);
INSERT INTO RangeProj VALUES(0, 4038);
INSERT INTO Projection VALUES(4038, 2020, 416, 7151, 5.8);
INSERT INTO RangeProj VALUES(0, 4039);
INSERT INTO Projection VALUES(4039, 2025, 405, 7130, 5.7);
INSERT INTO RangeProj VALUES(0, 4040);
INSERT INTO Projection VALUES(4040, 2010, 612, 7111, 8.6);
INSERT INTO RangeProj VALUES(0, 4041);
INSERT INTO Projection VALUES(4041, 2015, 484, 7140, 6.8);
INSERT INTO RangeProj VALUES(0, 4042);
INSERT INTO Projection VALUES(4042, 2020, 454, 7151, 6.3);
INSERT INTO RangeProj VALUES(0, 4043);
INSERT INTO Projection VALUES(4043, 2025, 444, 7130, 6.2);
INSERT INTO RangeProj VALUES(0, 4044);
INSERT INTO Projection VALUES(4044, 2010, 429, 7111, 6.0);
INSERT INTO RangeProj VALUES(0, 4045);
INSERT INTO Projection VALUES(4045, 2015, 432, 7140, 6.1);
INSERT INTO RangeProj VALUES(0, 4046);
INSERT INTO Projection VALUES(4046, 2020, 349, 7151, 4.9);
INSERT INTO RangeProj VALUES(0, 4047);
INSERT INTO Projection VALUES(4047, 2025, 338, 7130, 4.7);
INSERT INTO RangeProj VALUES(0, 4048);
INSERT INTO Projection VALUES(4048, 2010, 364, 7111, 5.1);
INSERT INTO RangeProj VALUES(0, 4049);
INSERT INTO Projection VALUES(4049, 2015, 356, 7140, 5.0);
INSERT INTO RangeProj VALUES(0, 4050);
INSERT INTO Projection VALUES(4050, 2020, 336, 7151, 4.7);
INSERT INTO RangeProj VALUES(0, 4051);
INSERT INTO Projection VALUES(4051, 2025, 293, 7130, 4.1);
INSERT INTO RangeProj VALUES(0, 4052);
INSERT INTO Projection VALUES(4052, 2010, 461, 7111, 6.5);
INSERT INTO RangeProj VALUES(0, 4053);
INSERT INTO Projection VALUES(4053, 2015, 464, 7140, 6.5);
commit;
INSERT INTO RangeProj VALUES(0, 4054);
INSERT INTO Projection VALUES(4054, 2020, 449, 7151, 6.3);
INSERT INTO RangeProj VALUES(0, 4055);
INSERT INTO Projection VALUES(4055, 2025, 410, 7130, 5.8);
INSERT INTO RangeProj VALUES(0, 4056);
INSERT INTO Projection VALUES(4056, 2010, 413, 7111, 5.8);
INSERT INTO RangeProj VALUES(0, 4057);
INSERT INTO Projection VALUES(4057, 2015, 453, 7140, 6.3);
INSERT INTO RangeProj VALUES(0, 4058);
INSERT INTO Projection VALUES(4058, 2020, 459, 7151, 6.4);
INSERT INTO RangeProj VALUES(0, 4059);
INSERT INTO Projection VALUES(4059, 2025, 445, 7130, 6.2);
INSERT INTO RangeProj VALUES(0, 4060);
INSERT INTO Projection VALUES(4060, 2010, 503, 7111, 7.1);
INSERT INTO RangeProj VALUES(0, 4061);
INSERT INTO Projection VALUES(4061, 2015, 446, 7140, 6.2);
INSERT INTO RangeProj VALUES(0, 4062);
INSERT INTO Projection VALUES(4062, 2020, 475, 7151, 6.6);
INSERT INTO RangeProj VALUES(0, 4063);
INSERT INTO Projection VALUES(4063, 2025, 466, 7130, 6.5);
INSERT INTO RangeProj VALUES(0, 4064);
INSERT INTO Projection VALUES(4064, 2010, 572, 7111, 8.0);
INSERT INTO RangeProj VALUES(0, 4065);
INSERT INTO Projection VALUES(4065, 2015, 528, 7140, 7.4);
INSERT INTO RangeProj VALUES(0, 4066);
INSERT INTO Projection VALUES(4066, 2020, 463, 7151, 6.5);
INSERT INTO RangeProj VALUES(0, 4067);
INSERT INTO Projection VALUES(4067, 2025, 487, 7130, 6.8);
INSERT INTO RangeProj VALUES(0, 4068);
INSERT INTO Projection VALUES(4068, 2010, 551, 7111, 7.7);
INSERT INTO RangeProj VALUES(0, 4069);
INSERT INTO Projection VALUES(4069, 2015, 568, 7140, 8.0);
INSERT INTO RangeProj VALUES(0, 4070);
INSERT INTO Projection VALUES(4070, 2020, 533, 7151, 7.5);
INSERT INTO RangeProj VALUES(0, 4071);
INSERT INTO Projection VALUES(4071, 2025, 480, 7130, 6.7);
INSERT INTO RangeProj VALUES(0, 4072);
INSERT INTO Projection VALUES(4072, 2010, 480, 7111, 6.8);
INSERT INTO RangeProj VALUES(0, 4073);
INSERT INTO Projection VALUES(4073, 2015, 525, 7140, 7.4);
INSERT INTO RangeProj VALUES(0, 4074);
INSERT INTO Projection VALUES(4074, 2020, 531, 7151, 7.4);
INSERT INTO RangeProj VALUES(0, 4075);
INSERT INTO Projection VALUES(4075, 2025, 501, 7130, 7.0);
INSERT INTO RangeProj VALUES(0, 4076);
INSERT INTO Projection VALUES(4076, 2010, 455, 7111, 6.4);
INSERT INTO RangeProj VALUES(0, 4077);
INSERT INTO Projection VALUES(4077, 2015, 461, 7140, 6.5);
INSERT INTO RangeProj VALUES(0, 4078);
INSERT INTO Projection VALUES(4078, 2020, 505, 7151, 7.1);
INSERT INTO RangeProj VALUES(0, 4079);
INSERT INTO Projection VALUES(4079, 2025, 503, 7130, 7.1);
INSERT INTO RangeProj VALUES(0, 4080);
INSERT INTO Projection VALUES(4080, 2010, 412, 7111, 5.8);
INSERT INTO RangeProj VALUES(0, 4081);
INSERT INTO Projection VALUES(4081, 2015, 425, 7140, 6.0);
INSERT INTO RangeProj VALUES(0, 4082);
INSERT INTO Projection VALUES(4082, 2020, 431, 7151, 6.0);
INSERT INTO RangeProj VALUES(0, 4083);
INSERT INTO Projection VALUES(4083, 2025, 462, 7130, 6.5);
INSERT INTO RangeProj VALUES(0, 4084);
INSERT INTO Projection VALUES(4084, 2010, 286, 7111, 4.0);
INSERT INTO RangeProj VALUES(0, 4085);
INSERT INTO Projection VALUES(4085, 2015, 396, 7140, 5.5);
INSERT INTO RangeProj VALUES(0, 4086);
INSERT INTO Projection VALUES(4086, 2020, 412, 7151, 5.8);
INSERT INTO RangeProj VALUES(0, 4087);
INSERT INTO Projection VALUES(4087, 2025, 418, 7130, 5.9);
INSERT INTO RangeProj VALUES(0, 4088);
INSERT INTO Projection VALUES(4088, 2010, 230, 7111, 3.2);
INSERT INTO RangeProj VALUES(0, 4089);
INSERT INTO Projection VALUES(4089, 2015, 246, 7140, 3.4);
INSERT INTO RangeProj VALUES(0, 4090);
INSERT INTO Projection VALUES(4090, 2020, 354, 7151, 5.0);
INSERT INTO RangeProj VALUES(0, 4091);
INSERT INTO Projection VALUES(4091, 2025, 373, 7130, 5.2);
INSERT INTO RangeProj VALUES(0, 4092);
INSERT INTO Projection VALUES(4092, 2010, 191, 7111, 2.7);
INSERT INTO RangeProj VALUES(0, 4093);
INSERT INTO Projection VALUES(4093, 2015, 202, 7140, 2.8);
INSERT INTO RangeProj VALUES(0, 4094);
INSERT INTO Projection VALUES(4094, 2020, 220, 7151, 3.1);
INSERT INTO RangeProj VALUES(0, 4095);
INSERT INTO Projection VALUES(4095, 2025, 318, 7130, 4.5);
INSERT INTO RangeProj VALUES(0, 4096);
INSERT INTO Projection VALUES(4096, 2010, 146, 7111, 2.1);
INSERT INTO RangeProj VALUES(0, 4097);
INSERT INTO Projection VALUES(4097, 2015, 148, 7140, 2.1);
INSERT INTO RangeProj VALUES(0, 4098);
INSERT INTO Projection VALUES(4098, 2020, 164, 7151, 2.3);
INSERT INTO RangeProj VALUES(0, 4099);
INSERT INTO Projection VALUES(4099, 2025, 184, 7130, 2.6);
INSERT INTO RangeProj VALUES(0, 4100);
INSERT INTO Projection VALUES(4100, 2010, 140, 7111, 2.0);
INSERT INTO RangeProj VALUES(0, 4101);
INSERT INTO Projection VALUES(4101, 2015, 165, 7140, 2.3);
INSERT INTO RangeProj VALUES(0, 4102);
INSERT INTO Projection VALUES(4102, 2020, 176, 7151, 2.5);
INSERT INTO RangeProj VALUES(0, 4103);
INSERT INTO Projection VALUES(4103, 2025, 195, 7130, 2.7);
INSERT INTO SubRange VALUES(47630, 0);
commit;
INSERT INTO SubRange VALUES(47630, 1);
INSERT INTO SubRange VALUES(47630, 2);
INSERT INTO SubRange VALUES(47630, 3);
INSERT INTO SubRange VALUES(47630, 4);
INSERT INTO SubRange VALUES(47630, 5);
INSERT INTO SubRange VALUES(47630, 6);
INSERT INTO SubRange VALUES(47630, 7);
INSERT INTO SubRange VALUES(47630, 8);
INSERT INTO SubRange VALUES(47630, 9);
INSERT INTO SubRange VALUES(47630, 10);
INSERT INTO SubRange VALUES(47630, 11);
INSERT INTO SubRange VALUES(47630, 12);
INSERT INTO SubRange VALUES(47630, 13);
INSERT INTO SubRange VALUES(47630, 14);
INSERT INTO SubRange VALUES(47630, 15);
INSERT INTO SubRange VALUES(47630, 16);
INSERT INTO SubRange VALUES(47630, 17);
INSERT INTO Suburb VALUES(47700, 'Tea Tree Gully');
INSERT INTO RangeProj VALUES(0, 4104);
INSERT INTO Projection VALUES(4104, 2010, 5881, 99970, 5.9);
INSERT INTO RangeProj VALUES(0, 4105);
INSERT INTO Projection VALUES(4105, 2015, 5935, 100926, 5.9);
INSERT INTO RangeProj VALUES(0, 4106);
INSERT INTO Projection VALUES(4106, 2020, 5882, 101586, 5.8);
INSERT INTO RangeProj VALUES(0, 4107);
INSERT INTO Projection VALUES(4107, 2025, 5737, 101848, 5.6);
INSERT INTO RangeProj VALUES(0, 4108);
INSERT INTO Projection VALUES(4108, 2010, 5795, 99970, 5.8);
INSERT INTO RangeProj VALUES(0, 4109);
INSERT INTO Projection VALUES(4109, 2015, 5977, 100926, 5.9);
INSERT INTO RangeProj VALUES(0, 4110);
INSERT INTO Projection VALUES(4110, 2020, 6014, 101586, 5.9);
INSERT INTO RangeProj VALUES(0, 4111);
INSERT INTO Projection VALUES(4111, 2025, 5948, 101848, 5.8);
INSERT INTO RangeProj VALUES(0, 4112);
INSERT INTO Projection VALUES(4112, 2010, 6435, 99970, 6.4);
INSERT INTO RangeProj VALUES(0, 4113);
INSERT INTO Projection VALUES(4113, 2015, 5928, 100926, 5.9);
INSERT INTO RangeProj VALUES(0, 4114);
INSERT INTO Projection VALUES(4114, 2020, 6107, 101586, 6.0);
INSERT INTO RangeProj VALUES(0, 4115);
INSERT INTO Projection VALUES(4115, 2025, 6139, 101848, 6.0);
INSERT INTO RangeProj VALUES(0, 4116);
INSERT INTO Projection VALUES(4116, 2010, 7159, 99970, 7.2);
INSERT INTO RangeProj VALUES(0, 4117);
INSERT INTO Projection VALUES(4117, 2015, 6741, 100926, 6.7);
INSERT INTO RangeProj VALUES(0, 4118);
INSERT INTO Projection VALUES(4118, 2020, 6280, 101586, 6.2);
INSERT INTO RangeProj VALUES(0, 4119);
INSERT INTO Projection VALUES(4119, 2025, 6439, 101848, 6.3);
INSERT INTO RangeProj VALUES(0, 4120);
INSERT INTO Projection VALUES(4120, 2010, 6711, 99970, 6.7);
INSERT INTO RangeProj VALUES(0, 4121);
INSERT INTO Projection VALUES(4121, 2015, 6638, 100926, 6.6);
INSERT INTO RangeProj VALUES(0, 4122);
INSERT INTO Projection VALUES(4122, 2020, 6224, 101586, 6.1);
INSERT INTO RangeProj VALUES(0, 4123);
INSERT INTO Projection VALUES(4123, 2025, 5828, 101848, 5.7);
INSERT INTO RangeProj VALUES(0, 4124);
INSERT INTO Projection VALUES(4124, 2010, 6692, 99970, 6.7);
INSERT INTO RangeProj VALUES(0, 4125);
INSERT INTO Projection VALUES(4125, 2015, 6517, 100926, 6.5);
INSERT INTO RangeProj VALUES(0, 4126);
INSERT INTO Projection VALUES(4126, 2020, 6423, 101586, 6.3);
INSERT INTO RangeProj VALUES(0, 4127);
INSERT INTO Projection VALUES(4127, 2025, 6026, 101848, 5.9);
INSERT INTO RangeProj VALUES(0, 4128);
INSERT INTO Projection VALUES(4128, 2010, 6096, 99970, 6.1);
INSERT INTO RangeProj VALUES(0, 4129);
INSERT INTO Projection VALUES(4129, 2015, 6755, 100926, 6.7);
INSERT INTO RangeProj VALUES(0, 4130);
INSERT INTO Projection VALUES(4130, 2020, 6613, 101586, 6.5);
INSERT INTO RangeProj VALUES(0, 4131);
INSERT INTO Projection VALUES(4131, 2025, 6508, 101848, 6.4);
INSERT INTO RangeProj VALUES(0, 4132);
INSERT INTO Projection VALUES(4132, 2010, 7038, 99970, 7.0);
INSERT INTO RangeProj VALUES(0, 4133);
INSERT INTO Projection VALUES(4133, 2015, 6413, 100926, 6.4);
INSERT INTO RangeProj VALUES(0, 4134);
INSERT INTO Projection VALUES(4134, 2020, 7007, 101586, 6.9);
INSERT INTO RangeProj VALUES(0, 4135);
INSERT INTO Projection VALUES(4135, 2025, 6894, 101848, 6.8);
INSERT INTO RangeProj VALUES(0, 4136);
INSERT INTO Projection VALUES(4136, 2010, 7199, 99970, 7.2);
INSERT INTO RangeProj VALUES(0, 4137);
INSERT INTO Projection VALUES(4137, 2015, 7011, 100926, 6.9);
INSERT INTO RangeProj VALUES(0, 4138);
INSERT INTO Projection VALUES(4138, 2020, 6469, 101586, 6.4);
INSERT INTO RangeProj VALUES(0, 4139);
INSERT INTO Projection VALUES(4139, 2025, 7028, 101848, 6.9);
INSERT INTO RangeProj VALUES(0, 4140);
INSERT INTO Projection VALUES(4140, 2010, 7267, 99970, 7.3);
INSERT INTO RangeProj VALUES(0, 4141);
INSERT INTO Projection VALUES(4141, 2015, 6731, 100926, 6.7);
INSERT INTO RangeProj VALUES(0, 4142);
INSERT INTO Projection VALUES(4142, 2020, 6578, 101586, 6.5);
INSERT INTO RangeProj VALUES(0, 4143);
INSERT INTO Projection VALUES(4143, 2025, 6098, 101848, 6.0);
INSERT INTO RangeProj VALUES(0, 4144);
INSERT INTO Projection VALUES(4144, 2010, 7052, 99970, 7.1);
INSERT INTO RangeProj VALUES(0, 4145);
commit;
INSERT INTO Projection VALUES(4145, 2015, 6859, 100926, 6.8);
INSERT INTO RangeProj VALUES(0, 4146);
INSERT INTO Projection VALUES(4146, 2020, 6342, 101586, 6.2);
INSERT INTO RangeProj VALUES(0, 4147);
INSERT INTO Projection VALUES(4147, 2025, 6222, 101848, 6.1);
INSERT INTO RangeProj VALUES(0, 4148);
INSERT INTO Projection VALUES(4148, 2010, 6746, 99970, 6.7);
INSERT INTO RangeProj VALUES(0, 4149);
INSERT INTO Projection VALUES(4149, 2015, 6583, 100926, 6.5);
INSERT INTO RangeProj VALUES(0, 4150);
INSERT INTO Projection VALUES(4150, 2020, 6414, 101586, 6.3);
INSERT INTO RangeProj VALUES(0, 4151);
INSERT INTO Projection VALUES(4151, 2025, 5925, 101848, 5.8);
INSERT INTO RangeProj VALUES(0, 4152);
INSERT INTO Projection VALUES(4152, 2010, 6284, 99970, 6.3);
INSERT INTO RangeProj VALUES(0, 4153);
INSERT INTO Projection VALUES(4153, 2015, 6188, 100926, 6.1);
INSERT INTO RangeProj VALUES(0, 4154);
INSERT INTO Projection VALUES(4154, 2020, 6097, 101586, 6.0);
INSERT INTO RangeProj VALUES(0, 4155);
INSERT INTO Projection VALUES(4155, 2025, 5941, 101848, 5.8);
INSERT INTO RangeProj VALUES(0, 4156);
INSERT INTO Projection VALUES(4156, 2010, 4651, 99970, 4.7);
INSERT INTO RangeProj VALUES(0, 4157);
INSERT INTO Projection VALUES(4157, 2015, 5780, 100926, 5.7);
INSERT INTO RangeProj VALUES(0, 4158);
INSERT INTO Projection VALUES(4158, 2020, 5702, 101586, 5.6);
INSERT INTO RangeProj VALUES(0, 4159);
INSERT INTO Projection VALUES(4159, 2025, 5653, 101848, 5.6);
INSERT INTO RangeProj VALUES(0, 4160);
INSERT INTO Projection VALUES(4160, 2010, 3276, 99970, 3.3);
INSERT INTO RangeProj VALUES(0, 4161);
INSERT INTO Projection VALUES(4161, 2015, 4231, 100926, 4.2);
INSERT INTO RangeProj VALUES(0, 4162);
INSERT INTO Projection VALUES(4162, 2020, 5355, 101586, 5.3);
INSERT INTO RangeProj VALUES(0, 4163);
INSERT INTO Projection VALUES(4163, 2025, 5287, 101848, 5.2);
INSERT INTO RangeProj VALUES(0, 4164);
INSERT INTO Projection VALUES(4164, 2010, 2387, 99970, 2.4);
INSERT INTO RangeProj VALUES(0, 4165);
INSERT INTO Projection VALUES(4165, 2015, 2827, 100926, 2.8);
INSERT INTO RangeProj VALUES(0, 4166);
INSERT INTO Projection VALUES(4166, 2020, 3664, 101586, 3.6);
INSERT INTO RangeProj VALUES(0, 4167);
INSERT INTO Projection VALUES(4167, 2025, 4710, 101848, 4.6);
INSERT INTO RangeProj VALUES(0, 4168);
INSERT INTO Projection VALUES(4168, 2010, 1831, 99970, 1.8);
INSERT INTO RangeProj VALUES(0, 4169);
INSERT INTO Projection VALUES(4169, 2015, 1911, 100926, 1.9);
INSERT INTO RangeProj VALUES(0, 4170);
INSERT INTO Projection VALUES(4170, 2020, 2262, 101586, 2.2);
INSERT INTO RangeProj VALUES(0, 4171);
INSERT INTO Projection VALUES(4171, 2025, 2949, 101848, 2.9);
INSERT INTO RangeProj VALUES(0, 4172);
INSERT INTO Projection VALUES(4172, 2010, 1470, 99970, 1.5);
INSERT INTO RangeProj VALUES(0, 4173);
INSERT INTO Projection VALUES(4173, 2015, 1901, 100926, 1.9);
INSERT INTO RangeProj VALUES(0, 4174);
INSERT INTO Projection VALUES(4174, 2020, 2153, 101586, 2.1);
INSERT INTO RangeProj VALUES(0, 4175);
INSERT INTO Projection VALUES(4175, 2025, 2516, 101848, 2.5);
INSERT INTO SubRange VALUES(47700, 0);
INSERT INTO SubRange VALUES(47700, 1);
INSERT INTO SubRange VALUES(47700, 2);
INSERT INTO SubRange VALUES(47700, 3);
INSERT INTO SubRange VALUES(47700, 4);
INSERT INTO SubRange VALUES(47700, 5);
INSERT INTO SubRange VALUES(47700, 6);
INSERT INTO SubRange VALUES(47700, 7);
INSERT INTO SubRange VALUES(47700, 8);
INSERT INTO SubRange VALUES(47700, 9);
INSERT INTO SubRange VALUES(47700, 10);
INSERT INTO SubRange VALUES(47700, 11);
INSERT INTO SubRange VALUES(47700, 12);
INSERT INTO SubRange VALUES(47700, 13);
INSERT INTO SubRange VALUES(47700, 14);
INSERT INTO SubRange VALUES(47700, 15);
INSERT INTO SubRange VALUES(47700, 16);
INSERT INTO SubRange VALUES(47700, 17);
INSERT INTO Suburb VALUES(47800, 'The Coorong');
INSERT INTO RangeProj VALUES(0, 4176);
INSERT INTO Projection VALUES(4176, 2010, 339, 5848, 5.8);
INSERT INTO RangeProj VALUES(0, 4177);
INSERT INTO Projection VALUES(4177, 2015, 331, 5773, 5.7);
INSERT INTO RangeProj VALUES(0, 4178);
INSERT INTO Projection VALUES(4178, 2020, 313, 5663, 5.5);
INSERT INTO RangeProj VALUES(0, 4179);
INSERT INTO Projection VALUES(4179, 2025, 296, 5510, 5.4);
INSERT INTO RangeProj VALUES(0, 4180);
INSERT INTO Projection VALUES(4180, 2010, 394, 5848, 6.7);
INSERT INTO RangeProj VALUES(0, 4181);
INSERT INTO Projection VALUES(4181, 2015, 357, 5773, 6.2);
INSERT INTO RangeProj VALUES(0, 4182);
INSERT INTO Projection VALUES(4182, 2020, 343, 5663, 6.1);
INSERT INTO RangeProj VALUES(0, 4183);
INSERT INTO Projection VALUES(4183, 2025, 321, 5510, 5.8);
INSERT INTO RangeProj VALUES(0, 4184);
INSERT INTO Projection VALUES(4184, 2010, 436, 5848, 7.5);
INSERT INTO RangeProj VALUES(0, 4185);
INSERT INTO Projection VALUES(4185, 2015, 395, 5773, 6.8);
INSERT INTO RangeProj VALUES(0, 4186);
commit;
INSERT INTO Projection VALUES(4186, 2020, 366, 5663, 6.5);
INSERT INTO RangeProj VALUES(0, 4187);
INSERT INTO Projection VALUES(4187, 2025, 358, 5510, 6.5);
INSERT INTO RangeProj VALUES(0, 4188);
INSERT INTO Projection VALUES(4188, 2010, 326, 5848, 5.6);
INSERT INTO RangeProj VALUES(0, 4189);
INSERT INTO Projection VALUES(4189, 2015, 310, 5773, 5.4);
INSERT INTO RangeProj VALUES(0, 4190);
INSERT INTO Projection VALUES(4190, 2020, 274, 5663, 4.8);
INSERT INTO RangeProj VALUES(0, 4191);
INSERT INTO Projection VALUES(4191, 2025, 266, 5510, 4.8);
INSERT INTO RangeProj VALUES(0, 4192);
INSERT INTO Projection VALUES(4192, 2010, 265, 5848, 4.5);
INSERT INTO RangeProj VALUES(0, 4193);
INSERT INTO Projection VALUES(4193, 2015, 226, 5773, 3.9);
INSERT INTO RangeProj VALUES(0, 4194);
INSERT INTO Projection VALUES(4194, 2020, 208, 5663, 3.7);
INSERT INTO RangeProj VALUES(0, 4195);
INSERT INTO Projection VALUES(4195, 2025, 177, 5510, 3.2);
INSERT INTO RangeProj VALUES(0, 4196);
INSERT INTO Projection VALUES(4196, 2010, 305, 5848, 5.2);
INSERT INTO RangeProj VALUES(0, 4197);
INSERT INTO Projection VALUES(4197, 2015, 302, 5773, 5.2);
INSERT INTO RangeProj VALUES(0, 4198);
INSERT INTO Projection VALUES(4198, 2020, 275, 5663, 4.9);
INSERT INTO RangeProj VALUES(0, 4199);
INSERT INTO Projection VALUES(4199, 2025, 243, 5510, 4.4);
INSERT INTO RangeProj VALUES(0, 4200);
INSERT INTO Projection VALUES(4200, 2010, 306, 5848, 5.2);
INSERT INTO RangeProj VALUES(0, 4201);
INSERT INTO Projection VALUES(4201, 2015, 336, 5773, 5.8);
INSERT INTO RangeProj VALUES(0, 4202);
INSERT INTO Projection VALUES(4202, 2020, 338, 5663, 6.0);
INSERT INTO RangeProj VALUES(0, 4203);
INSERT INTO Projection VALUES(4203, 2025, 309, 5510, 5.6);
INSERT INTO RangeProj VALUES(0, 4204);
INSERT INTO Projection VALUES(4204, 2010, 375, 5848, 6.4);
INSERT INTO RangeProj VALUES(0, 4205);
INSERT INTO Projection VALUES(4205, 2015, 308, 5773, 5.3);
INSERT INTO RangeProj VALUES(0, 4206);
INSERT INTO Projection VALUES(4206, 2020, 332, 5663, 5.9);
INSERT INTO RangeProj VALUES(0, 4207);
INSERT INTO Projection VALUES(4207, 2025, 325, 5510, 5.9);
INSERT INTO RangeProj VALUES(0, 4208);
INSERT INTO Projection VALUES(4208, 2010, 373, 5848, 6.4);
INSERT INTO RangeProj VALUES(0, 4209);
INSERT INTO Projection VALUES(4209, 2015, 365, 5773, 6.3);
INSERT INTO RangeProj VALUES(0, 4210);
INSERT INTO Projection VALUES(4210, 2020, 298, 5663, 5.3);
INSERT INTO RangeProj VALUES(0, 4211);
INSERT INTO Projection VALUES(4211, 2025, 316, 5510, 5.7);
INSERT INTO RangeProj VALUES(0, 4212);
INSERT INTO Projection VALUES(4212, 2010, 431, 5848, 7.4);
INSERT INTO RangeProj VALUES(0, 4213);
INSERT INTO Projection VALUES(4213, 2015, 361, 5773, 6.3);
INSERT INTO RangeProj VALUES(0, 4214);
INSERT INTO Projection VALUES(4214, 2020, 350, 5663, 6.2);
INSERT INTO RangeProj VALUES(0, 4215);
INSERT INTO Projection VALUES(4215, 2025, 286, 5510, 5.2);
INSERT INTO RangeProj VALUES(0, 4216);
INSERT INTO Projection VALUES(4216, 2010, 416, 5848, 7.1);
INSERT INTO RangeProj VALUES(0, 4217);
INSERT INTO Projection VALUES(4217, 2015, 429, 5773, 7.4);
INSERT INTO RangeProj VALUES(0, 4218);
INSERT INTO Projection VALUES(4218, 2020, 371, 5663, 6.6);
INSERT INTO RangeProj VALUES(0, 4219);
INSERT INTO Projection VALUES(4219, 2025, 351, 5510, 6.4);
INSERT INTO RangeProj VALUES(0, 4220);
INSERT INTO Projection VALUES(4220, 2010, 403, 5848, 6.9);
INSERT INTO RangeProj VALUES(0, 4221);
INSERT INTO Projection VALUES(4221, 2015, 409, 5773, 7.1);
INSERT INTO RangeProj VALUES(0, 4222);
INSERT INTO Projection VALUES(4222, 2020, 414, 5663, 7.3);
INSERT INTO RangeProj VALUES(0, 4223);
INSERT INTO Projection VALUES(4223, 2025, 370, 5510, 6.7);
INSERT INTO RangeProj VALUES(0, 4224);
INSERT INTO Projection VALUES(4224, 2010, 440, 5848, 7.5);
INSERT INTO RangeProj VALUES(0, 4225);
INSERT INTO Projection VALUES(4225, 2015, 405, 5773, 7.0);
INSERT INTO RangeProj VALUES(0, 4226);
INSERT INTO Projection VALUES(4226, 2020, 407, 5663, 7.2);
INSERT INTO RangeProj VALUES(0, 4227);
INSERT INTO Projection VALUES(4227, 2025, 405, 5510, 7.4);
INSERT INTO RangeProj VALUES(0, 4228);
INSERT INTO Projection VALUES(4228, 2010, 362, 5848, 6.2);
INSERT INTO RangeProj VALUES(0, 4229);
INSERT INTO Projection VALUES(4229, 2015, 416, 5773, 7.2);
INSERT INTO RangeProj VALUES(0, 4230);
INSERT INTO Projection VALUES(4230, 2020, 382, 5663, 6.7);
INSERT INTO RangeProj VALUES(0, 4231);
INSERT INTO Projection VALUES(4231, 2025, 390, 5510, 7.1);
INSERT INTO RangeProj VALUES(0, 4232);
INSERT INTO Projection VALUES(4232, 2010, 246, 5848, 4.2);
INSERT INTO RangeProj VALUES(0, 4233);
INSERT INTO Projection VALUES(4233, 2015, 318, 5773, 5.5);
INSERT INTO RangeProj VALUES(0, 4234);
INSERT INTO Projection VALUES(4234, 2020, 381, 5663, 6.7);
INSERT INTO RangeProj VALUES(0, 4235);
INSERT INTO Projection VALUES(4235, 2025, 348, 5510, 6.3);
INSERT INTO RangeProj VALUES(0, 4236);
INSERT INTO Projection VALUES(4236, 2010, 187, 5848, 3.2);
commit;
INSERT INTO RangeProj VALUES(0, 4237);
INSERT INTO Projection VALUES(4237, 2015, 220, 5773, 3.8);
INSERT INTO RangeProj VALUES(0, 4238);
INSERT INTO Projection VALUES(4238, 2020, 280, 5663, 4.9);
INSERT INTO RangeProj VALUES(0, 4239);
INSERT INTO Projection VALUES(4239, 2025, 345, 5510, 6.3);
INSERT INTO RangeProj VALUES(0, 4240);
INSERT INTO Projection VALUES(4240, 2010, 139, 5848, 2.4);
INSERT INTO RangeProj VALUES(0, 4241);
INSERT INTO Projection VALUES(4241, 2015, 149, 5773, 2.6);
INSERT INTO RangeProj VALUES(0, 4242);
INSERT INTO Projection VALUES(4242, 2020, 176, 5663, 3.1);
INSERT INTO RangeProj VALUES(0, 4243);
INSERT INTO Projection VALUES(4243, 2025, 219, 5510, 4.0);
INSERT INTO RangeProj VALUES(0, 4244);
INSERT INTO Projection VALUES(4244, 2010, 105, 5848, 1.8);
INSERT INTO RangeProj VALUES(0, 4245);
INSERT INTO Projection VALUES(4245, 2015, 136, 5773, 2.4);
INSERT INTO RangeProj VALUES(0, 4246);
INSERT INTO Projection VALUES(4246, 2020, 155, 5663, 2.7);
INSERT INTO RangeProj VALUES(0, 4247);
INSERT INTO Projection VALUES(4247, 2025, 185, 5510, 3.4);
INSERT INTO SubRange VALUES(47800, 0);
INSERT INTO SubRange VALUES(47800, 1);
INSERT INTO SubRange VALUES(47800, 2);
INSERT INTO SubRange VALUES(47800, 3);
INSERT INTO SubRange VALUES(47800, 4);
INSERT INTO SubRange VALUES(47800, 5);
INSERT INTO SubRange VALUES(47800, 6);
INSERT INTO SubRange VALUES(47800, 7);
INSERT INTO SubRange VALUES(47800, 8);
INSERT INTO SubRange VALUES(47800, 9);
INSERT INTO SubRange VALUES(47800, 10);
INSERT INTO SubRange VALUES(47800, 11);
INSERT INTO SubRange VALUES(47800, 12);
INSERT INTO SubRange VALUES(47800, 13);
INSERT INTO SubRange VALUES(47800, 14);
INSERT INTO SubRange VALUES(47800, 15);
INSERT INTO SubRange VALUES(47800, 16);
INSERT INTO SubRange VALUES(47800, 17);
INSERT INTO Suburb VALUES(47910, 'Tumby Bay');
INSERT INTO RangeProj VALUES(0, 4248);
INSERT INTO Projection VALUES(4248, 2010, 145, 2710, 5.4);
INSERT INTO RangeProj VALUES(0, 4249);
INSERT INTO Projection VALUES(4249, 2015, 145, 2776, 5.2);
INSERT INTO RangeProj VALUES(0, 4250);
INSERT INTO Projection VALUES(4250, 2020, 141, 2828, 5.0);
INSERT INTO RangeProj VALUES(0, 4251);
INSERT INTO Projection VALUES(4251, 2025, 137, 2868, 4.8);
INSERT INTO RangeProj VALUES(0, 4252);
INSERT INTO Projection VALUES(4252, 2010, 137, 2710, 5.1);
INSERT INTO RangeProj VALUES(0, 4253);
INSERT INTO Projection VALUES(4253, 2015, 144, 2776, 5.2);
INSERT INTO RangeProj VALUES(0, 4254);
INSERT INTO Projection VALUES(4254, 2020, 142, 2828, 5.0);
INSERT INTO RangeProj VALUES(0, 4255);
INSERT INTO Projection VALUES(4255, 2025, 136, 2868, 4.7);
INSERT INTO RangeProj VALUES(0, 4256);
INSERT INTO Projection VALUES(4256, 2010, 159, 2710, 5.9);
INSERT INTO RangeProj VALUES(0, 4257);
INSERT INTO Projection VALUES(4257, 2015, 140, 2776, 5.0);
INSERT INTO RangeProj VALUES(0, 4258);
INSERT INTO Projection VALUES(4258, 2020, 146, 2828, 5.2);
INSERT INTO RangeProj VALUES(0, 4259);
INSERT INTO Projection VALUES(4259, 2025, 144, 2868, 5.0);
INSERT INTO RangeProj VALUES(0, 4260);
INSERT INTO Projection VALUES(4260, 2010, 118, 2710, 4.4);
INSERT INTO RangeProj VALUES(0, 4261);
INSERT INTO Projection VALUES(4261, 2015, 99, 2776, 3.6);
INSERT INTO RangeProj VALUES(0, 4262);
INSERT INTO Projection VALUES(4262, 2020, 87, 2828, 3.1);
INSERT INTO RangeProj VALUES(0, 4263);
INSERT INTO Projection VALUES(4263, 2025, 92, 2868, 3.2);
INSERT INTO RangeProj VALUES(0, 4264);
INSERT INTO Projection VALUES(4264, 2010, 102, 2710, 3.8);
INSERT INTO RangeProj VALUES(0, 4265);
INSERT INTO Projection VALUES(4265, 2015, 85, 2776, 3.1);
INSERT INTO RangeProj VALUES(0, 4266);
INSERT INTO Projection VALUES(4266, 2020, 76, 2828, 2.7);
INSERT INTO RangeProj VALUES(0, 4267);
INSERT INTO Projection VALUES(4267, 2025, 74, 2868, 2.6);
INSERT INTO RangeProj VALUES(0, 4268);
INSERT INTO Projection VALUES(4268, 2010, 117, 2710, 4.3);
INSERT INTO RangeProj VALUES(0, 4269);
INSERT INTO Projection VALUES(4269, 2015, 114, 2776, 4.1);
INSERT INTO RangeProj VALUES(0, 4270);
INSERT INTO Projection VALUES(4270, 2020, 102, 2828, 3.6);
INSERT INTO RangeProj VALUES(0, 4271);
INSERT INTO Projection VALUES(4271, 2025, 94, 2868, 3.3);
INSERT INTO RangeProj VALUES(0, 4272);
INSERT INTO Projection VALUES(4272, 2010, 90, 2710, 3.3);
INSERT INTO RangeProj VALUES(0, 4273);
INSERT INTO Projection VALUES(4273, 2015, 109, 2776, 3.9);
INSERT INTO RangeProj VALUES(0, 4274);
INSERT INTO Projection VALUES(4274, 2020, 112, 2828, 4.0);
INSERT INTO RangeProj VALUES(0, 4275);
INSERT INTO Projection VALUES(4275, 2025, 100, 2868, 3.5);
INSERT INTO RangeProj VALUES(0, 4276);
INSERT INTO Projection VALUES(4276, 2010, 127, 2710, 4.7);
INSERT INTO RangeProj VALUES(0, 4277);
INSERT INTO Projection VALUES(4277, 2015, 104, 2776, 3.7);
commit;
INSERT INTO RangeProj VALUES(0, 4278);
INSERT INTO Projection VALUES(4278, 2020, 117, 2828, 4.1);
INSERT INTO RangeProj VALUES(0, 4279);
INSERT INTO Projection VALUES(4279, 2025, 117, 2868, 4.1);
INSERT INTO RangeProj VALUES(0, 4280);
INSERT INTO Projection VALUES(4280, 2010, 181, 2710, 6.7);
INSERT INTO RangeProj VALUES(0, 4281);
INSERT INTO Projection VALUES(4281, 2015, 169, 2776, 6.1);
INSERT INTO RangeProj VALUES(0, 4282);
INSERT INTO Projection VALUES(4282, 2020, 144, 2828, 5.1);
INSERT INTO RangeProj VALUES(0, 4283);
INSERT INTO Projection VALUES(4283, 2025, 155, 2868, 5.4);
INSERT INTO RangeProj VALUES(0, 4284);
INSERT INTO Projection VALUES(4284, 2010, 207, 2710, 7.6);
INSERT INTO RangeProj VALUES(0, 4285);
INSERT INTO Projection VALUES(4285, 2015, 195, 2776, 7.0);
INSERT INTO RangeProj VALUES(0, 4286);
INSERT INTO Projection VALUES(4286, 2020, 183, 2828, 6.5);
INSERT INTO RangeProj VALUES(0, 4287);
INSERT INTO Projection VALUES(4287, 2025, 162, 2868, 5.6);
INSERT INTO RangeProj VALUES(0, 4288);
INSERT INTO Projection VALUES(4288, 2010, 232, 2710, 8.6);
INSERT INTO RangeProj VALUES(0, 4289);
INSERT INTO Projection VALUES(4289, 2015, 226, 2776, 8.1);
INSERT INTO RangeProj VALUES(0, 4290);
INSERT INTO Projection VALUES(4290, 2020, 216, 2828, 7.6);
INSERT INTO RangeProj VALUES(0, 4291);
INSERT INTO Projection VALUES(4291, 2025, 202, 2868, 7.0);
INSERT INTO RangeProj VALUES(0, 4292);
INSERT INTO Projection VALUES(4292, 2010, 245, 2710, 9.0);
INSERT INTO RangeProj VALUES(0, 4293);
INSERT INTO Projection VALUES(4293, 2015, 260, 2776, 9.4);
INSERT INTO RangeProj VALUES(0, 4294);
INSERT INTO Projection VALUES(4294, 2020, 257, 2828, 9.1);
INSERT INTO RangeProj VALUES(0, 4295);
INSERT INTO Projection VALUES(4295, 2025, 243, 2868, 8.5);
INSERT INTO RangeProj VALUES(0, 4296);
INSERT INTO Projection VALUES(4296, 2010, 208, 2710, 7.7);
INSERT INTO RangeProj VALUES(0, 4297);
INSERT INTO Projection VALUES(4297, 2015, 254, 2776, 9.1);
INSERT INTO RangeProj VALUES(0, 4298);
INSERT INTO Projection VALUES(4298, 2020, 271, 2828, 9.6);
INSERT INTO RangeProj VALUES(0, 4299);
INSERT INTO Projection VALUES(4299, 2025, 266, 2868, 9.3);
INSERT INTO RangeProj VALUES(0, 4300);
INSERT INTO Projection VALUES(4300, 2010, 217, 2710, 8.0);
INSERT INTO RangeProj VALUES(0, 4301);
INSERT INTO Projection VALUES(4301, 2015, 215, 2776, 7.7);
INSERT INTO RangeProj VALUES(0, 4302);
INSERT INTO Projection VALUES(4302, 2020, 255, 2828, 9.0);
INSERT INTO RangeProj VALUES(0, 4303);
INSERT INTO Projection VALUES(4303, 2025, 273, 2868, 9.5);
INSERT INTO RangeProj VALUES(0, 4304);
INSERT INTO Projection VALUES(4304, 2010, 157, 2710, 5.8);
INSERT INTO RangeProj VALUES(0, 4305);
INSERT INTO Projection VALUES(4305, 2015, 210, 2776, 7.6);
INSERT INTO RangeProj VALUES(0, 4306);
INSERT INTO Projection VALUES(4306, 2020, 212, 2828, 7.5);
INSERT INTO RangeProj VALUES(0, 4307);
INSERT INTO Projection VALUES(4307, 2025, 249, 2868, 8.7);
INSERT INTO RangeProj VALUES(0, 4308);
INSERT INTO Projection VALUES(4308, 2010, 125, 2710, 4.6);
INSERT INTO RangeProj VALUES(0, 4309);
INSERT INTO Projection VALUES(4309, 2015, 141, 2776, 5.1);
INSERT INTO RangeProj VALUES(0, 4310);
INSERT INTO Projection VALUES(4310, 2020, 185, 2828, 6.5);
INSERT INTO RangeProj VALUES(0, 4311);
INSERT INTO Projection VALUES(4311, 2025, 196, 2868, 6.8);
INSERT INTO RangeProj VALUES(0, 4312);
INSERT INTO Projection VALUES(4312, 2010, 68, 2710, 2.5);
INSERT INTO RangeProj VALUES(0, 4313);
INSERT INTO Projection VALUES(4313, 2015, 91, 2776, 3.3);
INSERT INTO RangeProj VALUES(0, 4314);
INSERT INTO Projection VALUES(4314, 2020, 98, 2828, 3.5);
INSERT INTO RangeProj VALUES(0, 4315);
INSERT INTO Projection VALUES(4315, 2025, 135, 2868, 4.7);
INSERT INTO RangeProj VALUES(0, 4316);
INSERT INTO Projection VALUES(4316, 2010, 75, 2710, 2.8);
INSERT INTO RangeProj VALUES(0, 4317);
INSERT INTO Projection VALUES(4317, 2015, 75, 2776, 2.7);
INSERT INTO RangeProj VALUES(0, 4318);
INSERT INTO Projection VALUES(4318, 2020, 84, 2828, 3.0);
INSERT INTO RangeProj VALUES(0, 4319);
INSERT INTO Projection VALUES(4319, 2025, 93, 2868, 3.2);
INSERT INTO SubRange VALUES(47910, 0);
INSERT INTO SubRange VALUES(47910, 1);
INSERT INTO SubRange VALUES(47910, 2);
INSERT INTO SubRange VALUES(47910, 3);
INSERT INTO SubRange VALUES(47910, 4);
INSERT INTO SubRange VALUES(47910, 5);
INSERT INTO SubRange VALUES(47910, 6);
INSERT INTO SubRange VALUES(47910, 7);
INSERT INTO SubRange VALUES(47910, 8);
INSERT INTO SubRange VALUES(47910, 9);
INSERT INTO SubRange VALUES(47910, 10);
INSERT INTO SubRange VALUES(47910, 11);
INSERT INTO SubRange VALUES(47910, 12);
INSERT INTO SubRange VALUES(47910, 13);
INSERT INTO SubRange VALUES(47910, 14);
INSERT INTO SubRange VALUES(47910, 15);
INSERT INTO SubRange VALUES(47910, 16);
commit;
INSERT INTO SubRange VALUES(47910, 17);
INSERT INTO Suburb VALUES(47980, 'Unley');
INSERT INTO RangeProj VALUES(0, 4320);
INSERT INTO Projection VALUES(4320, 2010, 2127, 38579, 5.5);
INSERT INTO RangeProj VALUES(0, 4321);
INSERT INTO Projection VALUES(4321, 2015, 2190, 39887, 5.5);
INSERT INTO RangeProj VALUES(0, 4322);
INSERT INTO Projection VALUES(4322, 2020, 2224, 41262, 5.4);
INSERT INTO RangeProj VALUES(0, 4323);
INSERT INTO Projection VALUES(4323, 2025, 2235, 42577, 5.2);
INSERT INTO RangeProj VALUES(0, 4324);
INSERT INTO Projection VALUES(4324, 2010, 2024, 38579, 5.2);
INSERT INTO RangeProj VALUES(0, 4325);
INSERT INTO Projection VALUES(4325, 2015, 2139, 39887, 5.4);
INSERT INTO RangeProj VALUES(0, 4326);
INSERT INTO Projection VALUES(4326, 2020, 2202, 41262, 5.3);
INSERT INTO RangeProj VALUES(0, 4327);
INSERT INTO Projection VALUES(4327, 2025, 2230, 42577, 5.2);
INSERT INTO RangeProj VALUES(0, 4328);
INSERT INTO Projection VALUES(4328, 2010, 1865, 38579, 4.8);
INSERT INTO RangeProj VALUES(0, 4329);
INSERT INTO Projection VALUES(4329, 2015, 1894, 39887, 4.7);
INSERT INTO RangeProj VALUES(0, 4330);
INSERT INTO Projection VALUES(4330, 2020, 2005, 41262, 4.9);
INSERT INTO RangeProj VALUES(0, 4331);
INSERT INTO Projection VALUES(4331, 2025, 2062, 42577, 4.8);
INSERT INTO RangeProj VALUES(0, 4332);
INSERT INTO Projection VALUES(4332, 2010, 2462, 38579, 6.4);
INSERT INTO RangeProj VALUES(0, 4333);
INSERT INTO Projection VALUES(4333, 2015, 2433, 39887, 6.1);
INSERT INTO RangeProj VALUES(0, 4334);
INSERT INTO Projection VALUES(4334, 2020, 2423, 41262, 5.9);
INSERT INTO RangeProj VALUES(0, 4335);
INSERT INTO Projection VALUES(4335, 2025, 2547, 42577, 6.0);
INSERT INTO RangeProj VALUES(0, 4336);
INSERT INTO Projection VALUES(4336, 2010, 3270, 38579, 8.5);
INSERT INTO RangeProj VALUES(0, 4337);
INSERT INTO Projection VALUES(4337, 2015, 3358, 39887, 8.4);
INSERT INTO RangeProj VALUES(0, 4338);
INSERT INTO Projection VALUES(4338, 2020, 3299, 41262, 8.0);
INSERT INTO RangeProj VALUES(0, 4339);
INSERT INTO Projection VALUES(4339, 2025, 3235, 42577, 7.6);
INSERT INTO RangeProj VALUES(0, 4340);
INSERT INTO Projection VALUES(4340, 2010, 2968, 38579, 7.7);
INSERT INTO RangeProj VALUES(0, 4341);
INSERT INTO Projection VALUES(4341, 2015, 2999, 39887, 7.5);
INSERT INTO RangeProj VALUES(0, 4342);
INSERT INTO Projection VALUES(4342, 2020, 3053, 41262, 7.4);
INSERT INTO RangeProj VALUES(0, 4343);
INSERT INTO Projection VALUES(4343, 2025, 2974, 42577, 7.0);
INSERT INTO RangeProj VALUES(0, 4344);
INSERT INTO Projection VALUES(4344, 2010, 2585, 38579, 6.7);
INSERT INTO RangeProj VALUES(0, 4345);
INSERT INTO Projection VALUES(4345, 2015, 2851, 39887, 7.1);
INSERT INTO RangeProj VALUES(0, 4346);
INSERT INTO Projection VALUES(4346, 2020, 2886, 41262, 7.0);
INSERT INTO RangeProj VALUES(0, 4347);
INSERT INTO Projection VALUES(4347, 2025, 2930, 42577, 6.9);
INSERT INTO RangeProj VALUES(0, 4348);
INSERT INTO Projection VALUES(4348, 2010, 2595, 38579, 6.7);
INSERT INTO RangeProj VALUES(0, 4349);
INSERT INTO Projection VALUES(4349, 2015, 2507, 39887, 6.3);
INSERT INTO RangeProj VALUES(0, 4350);
INSERT INTO Projection VALUES(4350, 2020, 2784, 41262, 6.7);
INSERT INTO RangeProj VALUES(0, 4351);
INSERT INTO Projection VALUES(4351, 2025, 2824, 42577, 6.6);
INSERT INTO RangeProj VALUES(0, 4352);
INSERT INTO Projection VALUES(4352, 2010, 2652, 38579, 6.9);
INSERT INTO RangeProj VALUES(0, 4353);
INSERT INTO Projection VALUES(4353, 2015, 2561, 39887, 6.4);
INSERT INTO RangeProj VALUES(0, 4354);
INSERT INTO Projection VALUES(4354, 2020, 2471, 41262, 6.0);
INSERT INTO RangeProj VALUES(0, 4355);
INSERT INTO Projection VALUES(4355, 2025, 2740, 42577, 6.4);
INSERT INTO RangeProj VALUES(0, 4356);
INSERT INTO Projection VALUES(4356, 2010, 2673, 38579, 6.9);
INSERT INTO RangeProj VALUES(0, 4357);
INSERT INTO Projection VALUES(4357, 2015, 2572, 39887, 6.4);
INSERT INTO RangeProj VALUES(0, 4358);
INSERT INTO Projection VALUES(4358, 2020, 2526, 41262, 6.1);
INSERT INTO RangeProj VALUES(0, 4359);
INSERT INTO Projection VALUES(4359, 2025, 2450, 42577, 5.8);
INSERT INTO RangeProj VALUES(0, 4360);
INSERT INTO Projection VALUES(4360, 2010, 2765, 38579, 7.2);
INSERT INTO RangeProj VALUES(0, 4361);
INSERT INTO Projection VALUES(4361, 2015, 2732, 39887, 6.8);
INSERT INTO RangeProj VALUES(0, 4362);
INSERT INTO Projection VALUES(4362, 2020, 2629, 41262, 6.4);
INSERT INTO RangeProj VALUES(0, 4363);
INSERT INTO Projection VALUES(4363, 2025, 2608, 42577, 6.1);
INSERT INTO RangeProj VALUES(0, 4364);
INSERT INTO Projection VALUES(4364, 2010, 2567, 38579, 6.7);
INSERT INTO RangeProj VALUES(0, 4365);
INSERT INTO Projection VALUES(4365, 2015, 2663, 39887, 6.7);
INSERT INTO RangeProj VALUES(0, 4366);
INSERT INTO Projection VALUES(4366, 2020, 2662, 41262, 6.5);
INSERT INTO RangeProj VALUES(0, 4367);
INSERT INTO Projection VALUES(4367, 2025, 2573, 42577, 6.0);
INSERT INTO RangeProj VALUES(0, 4368);
INSERT INTO Projection VALUES(4368, 2010, 2179, 38579, 5.6);
INSERT INTO RangeProj VALUES(0, 4369);
commit;
INSERT INTO Projection VALUES(4369, 2015, 2377, 39887, 6.0);
INSERT INTO RangeProj VALUES(0, 4370);
INSERT INTO Projection VALUES(4370, 2020, 2498, 41262, 6.1);
INSERT INTO RangeProj VALUES(0, 4371);
INSERT INTO Projection VALUES(4371, 2025, 2522, 42577, 5.9);
INSERT INTO RangeProj VALUES(0, 4372);
INSERT INTO Projection VALUES(4372, 2010, 1431, 38579, 3.7);
INSERT INTO RangeProj VALUES(0, 4373);
INSERT INTO Projection VALUES(4373, 2015, 1998, 39887, 5.0);
INSERT INTO RangeProj VALUES(0, 4374);
INSERT INTO Projection VALUES(4374, 2020, 2186, 41262, 5.3);
INSERT INTO RangeProj VALUES(0, 4375);
INSERT INTO Projection VALUES(4375, 2025, 2304, 42577, 5.4);
INSERT INTO RangeProj VALUES(0, 4376);
INSERT INTO Projection VALUES(4376, 2010, 1043, 38579, 2.7);
INSERT INTO RangeProj VALUES(0, 4377);
INSERT INTO Projection VALUES(4377, 2015, 1296, 39887, 3.2);
INSERT INTO RangeProj VALUES(0, 4378);
INSERT INTO Projection VALUES(4378, 2020, 1834, 41262, 4.4);
INSERT INTO RangeProj VALUES(0, 4379);
INSERT INTO Projection VALUES(4379, 2025, 2001, 42577, 4.7);
INSERT INTO RangeProj VALUES(0, 4380);
INSERT INTO Projection VALUES(4380, 2010, 956, 38579, 2.5);
INSERT INTO RangeProj VALUES(0, 4381);
INSERT INTO Projection VALUES(4381, 2015, 975, 39887, 2.4);
INSERT INTO RangeProj VALUES(0, 4382);
INSERT INTO Projection VALUES(4382, 2020, 1208, 41262, 2.9);
INSERT INTO RangeProj VALUES(0, 4383);
INSERT INTO Projection VALUES(4383, 2025, 1707, 42577, 4.0);
INSERT INTO RangeProj VALUES(0, 4384);
INSERT INTO Projection VALUES(4384, 2010, 992, 38579, 2.6);
INSERT INTO RangeProj VALUES(0, 4385);
INSERT INTO Projection VALUES(4385, 2015, 897, 39887, 2.2);
INSERT INTO RangeProj VALUES(0, 4386);
INSERT INTO Projection VALUES(4386, 2020, 945, 41262, 2.3);
INSERT INTO RangeProj VALUES(0, 4387);
INSERT INTO Projection VALUES(4387, 2025, 1154, 42577, 2.7);
INSERT INTO RangeProj VALUES(0, 4388);
INSERT INTO Projection VALUES(4388, 2010, 1425, 38579, 3.7);
INSERT INTO RangeProj VALUES(0, 4389);
INSERT INTO Projection VALUES(4389, 2015, 1445, 39887, 3.6);
INSERT INTO RangeProj VALUES(0, 4390);
INSERT INTO Projection VALUES(4390, 2020, 1427, 41262, 3.5);
INSERT INTO RangeProj VALUES(0, 4391);
INSERT INTO Projection VALUES(4391, 2025, 1481, 42577, 3.5);
INSERT INTO SubRange VALUES(47980, 0);
INSERT INTO SubRange VALUES(47980, 1);
INSERT INTO SubRange VALUES(47980, 2);
INSERT INTO SubRange VALUES(47980, 3);
INSERT INTO SubRange VALUES(47980, 4);
INSERT INTO SubRange VALUES(47980, 5);
INSERT INTO SubRange VALUES(47980, 6);
INSERT INTO SubRange VALUES(47980, 7);
INSERT INTO SubRange VALUES(47980, 8);
INSERT INTO SubRange VALUES(47980, 9);
INSERT INTO SubRange VALUES(47980, 10);
INSERT INTO SubRange VALUES(47980, 11);
INSERT INTO SubRange VALUES(47980, 12);
INSERT INTO SubRange VALUES(47980, 13);
INSERT INTO SubRange VALUES(47980, 14);
INSERT INTO SubRange VALUES(47980, 15);
INSERT INTO SubRange VALUES(47980, 16);
INSERT INTO SubRange VALUES(47980, 17);
INSERT INTO Suburb VALUES(48050, 'Victor Harbor');
INSERT INTO RangeProj VALUES(0, 4392);
INSERT INTO Projection VALUES(4392, 2010, 548, 13717, 4.0);
INSERT INTO RangeProj VALUES(0, 4393);
INSERT INTO Projection VALUES(4393, 2015, 570, 15046, 3.8);
INSERT INTO RangeProj VALUES(0, 4394);
INSERT INTO Projection VALUES(4394, 2020, 587, 16280, 3.6);
INSERT INTO RangeProj VALUES(0, 4395);
INSERT INTO Projection VALUES(4395, 2025, 586, 17408, 3.4);
INSERT INTO RangeProj VALUES(0, 4396);
INSERT INTO Projection VALUES(4396, 2010, 602, 13717, 4.4);
INSERT INTO RangeProj VALUES(0, 4397);
INSERT INTO Projection VALUES(4397, 2015, 628, 15046, 4.2);
INSERT INTO RangeProj VALUES(0, 4398);
INSERT INTO Projection VALUES(4398, 2020, 659, 16280, 4.0);
INSERT INTO RangeProj VALUES(0, 4399);
INSERT INTO Projection VALUES(4399, 2025, 672, 17408, 3.9);
INSERT INTO RangeProj VALUES(0, 4400);
INSERT INTO Projection VALUES(4400, 2010, 692, 13717, 5.0);
INSERT INTO RangeProj VALUES(0, 4401);
INSERT INTO Projection VALUES(4401, 2015, 688, 15046, 4.6);
INSERT INTO RangeProj VALUES(0, 4402);
INSERT INTO Projection VALUES(4402, 2020, 716, 16280, 4.4);
INSERT INTO RangeProj VALUES(0, 4403);
INSERT INTO Projection VALUES(4403, 2025, 748, 17408, 4.3);
INSERT INTO RangeProj VALUES(0, 4404);
INSERT INTO Projection VALUES(4404, 2010, 605, 13717, 4.4);
INSERT INTO RangeProj VALUES(0, 4405);
INSERT INTO Projection VALUES(4405, 2015, 633, 15046, 4.2);
INSERT INTO RangeProj VALUES(0, 4406);
INSERT INTO Projection VALUES(4406, 2020, 619, 16280, 3.8);
INSERT INTO RangeProj VALUES(0, 4407);
INSERT INTO Projection VALUES(4407, 2025, 644, 17408, 3.7);
INSERT INTO RangeProj VALUES(0, 4408);
INSERT INTO Projection VALUES(4408, 2010, 477, 13717, 3.5);
INSERT INTO RangeProj VALUES(0, 4409);
INSERT INTO Projection VALUES(4409, 2015, 462, 15046, 3.1);
INSERT INTO RangeProj VALUES(0, 4410);
commit;
INSERT INTO Projection VALUES(4410, 2020, 450, 16280, 2.8);
INSERT INTO RangeProj VALUES(0, 4411);
INSERT INTO Projection VALUES(4411, 2025, 433, 17408, 2.5);
INSERT INTO RangeProj VALUES(0, 4412);
INSERT INTO Projection VALUES(4412, 2010, 464, 13717, 3.4);
INSERT INTO RangeProj VALUES(0, 4413);
INSERT INTO Projection VALUES(4413, 2015, 519, 15046, 3.4);
INSERT INTO RangeProj VALUES(0, 4414);
INSERT INTO Projection VALUES(4414, 2020, 514, 16280, 3.2);
INSERT INTO RangeProj VALUES(0, 4415);
INSERT INTO Projection VALUES(4415, 2025, 498, 17408, 2.9);
INSERT INTO RangeProj VALUES(0, 4416);
INSERT INTO Projection VALUES(4416, 2010, 503, 13717, 3.7);
INSERT INTO RangeProj VALUES(0, 4417);
INSERT INTO Projection VALUES(4417, 2015, 526, 15046, 3.5);
INSERT INTO RangeProj VALUES(0, 4418);
INSERT INTO Projection VALUES(4418, 2020, 566, 16280, 3.5);
INSERT INTO RangeProj VALUES(0, 4419);
INSERT INTO Projection VALUES(4419, 2025, 562, 17408, 3.2);
INSERT INTO RangeProj VALUES(0, 4420);
INSERT INTO Projection VALUES(4420, 2010, 592, 13717, 4.3);
INSERT INTO RangeProj VALUES(0, 4421);
INSERT INTO Projection VALUES(4421, 2015, 593, 15046, 3.9);
INSERT INTO RangeProj VALUES(0, 4422);
INSERT INTO Projection VALUES(4422, 2020, 633, 16280, 3.9);
INSERT INTO RangeProj VALUES(0, 4423);
INSERT INTO Projection VALUES(4423, 2025, 666, 17408, 3.8);
INSERT INTO RangeProj VALUES(0, 4424);
INSERT INTO Projection VALUES(4424, 2010, 664, 13717, 4.8);
INSERT INTO RangeProj VALUES(0, 4425);
INSERT INTO Projection VALUES(4425, 2015, 703, 15046, 4.7);
INSERT INTO RangeProj VALUES(0, 4426);
INSERT INTO Projection VALUES(4426, 2020, 689, 16280, 4.2);
INSERT INTO RangeProj VALUES(0, 4427);
INSERT INTO Projection VALUES(4427, 2025, 744, 17408, 4.3);
INSERT INTO RangeProj VALUES(0, 4428);
INSERT INTO Projection VALUES(4428, 2010, 829, 13717, 6.0);
INSERT INTO RangeProj VALUES(0, 4429);
INSERT INTO Projection VALUES(4429, 2015, 790, 15046, 5.3);
INSERT INTO RangeProj VALUES(0, 4430);
INSERT INTO Projection VALUES(4430, 2020, 825, 16280, 5.1);
INSERT INTO RangeProj VALUES(0, 4431);
INSERT INTO Projection VALUES(4431, 2025, 804, 17408, 4.6);
INSERT INTO RangeProj VALUES(0, 4432);
INSERT INTO Projection VALUES(4432, 2010, 823, 13717, 6.0);
INSERT INTO RangeProj VALUES(0, 4433);
INSERT INTO Projection VALUES(4433, 2015, 925, 15046, 6.1);
INSERT INTO RangeProj VALUES(0, 4434);
INSERT INTO Projection VALUES(4434, 2020, 892, 16280, 5.5);
INSERT INTO RangeProj VALUES(0, 4435);
INSERT INTO Projection VALUES(4435, 2025, 924, 17408, 5.3);
INSERT INTO RangeProj VALUES(0, 4436);
INSERT INTO Projection VALUES(4436, 2010, 1118, 13717, 8.2);
INSERT INTO RangeProj VALUES(0, 4437);
INSERT INTO Projection VALUES(4437, 2015, 1175, 15046, 7.8);
INSERT INTO RangeProj VALUES(0, 4438);
INSERT INTO Projection VALUES(4438, 2020, 1280, 16280, 7.9);
INSERT INTO RangeProj VALUES(0, 4439);
INSERT INTO Projection VALUES(4439, 2025, 1245, 17408, 7.2);
INSERT INTO RangeProj VALUES(0, 4440);
INSERT INTO Projection VALUES(4440, 2010, 1338, 13717, 9.8);
INSERT INTO RangeProj VALUES(0, 4441);
INSERT INTO Projection VALUES(4441, 2015, 1508, 15046, 10.0);
INSERT INTO RangeProj VALUES(0, 4442);
INSERT INTO Projection VALUES(4442, 2020, 1590, 16280, 9.8);
INSERT INTO RangeProj VALUES(0, 4443);
INSERT INTO Projection VALUES(4443, 2025, 1707, 17408, 9.8);
INSERT INTO RangeProj VALUES(0, 4444);
INSERT INTO Projection VALUES(4444, 2010, 1193, 13717, 8.7);
INSERT INTO RangeProj VALUES(0, 4445);
INSERT INTO Projection VALUES(4445, 2015, 1568, 15046, 10.4);
INSERT INTO RangeProj VALUES(0, 4446);
INSERT INTO Projection VALUES(4446, 2020, 1729, 16280, 10.6);
INSERT INTO RangeProj VALUES(0, 4447);
INSERT INTO Projection VALUES(4447, 2025, 1853, 17408, 10.6);
INSERT INTO RangeProj VALUES(0, 4448);
INSERT INTO Projection VALUES(4448, 2010, 1032, 13717, 7.5);
INSERT INTO RangeProj VALUES(0, 4449);
INSERT INTO Projection VALUES(4449, 2015, 1214, 15046, 8.1);
INSERT INTO RangeProj VALUES(0, 4450);
INSERT INTO Projection VALUES(4450, 2020, 1579, 16280, 9.7);
INSERT INTO RangeProj VALUES(0, 4451);
INSERT INTO Projection VALUES(4451, 2025, 1739, 17408, 10.0);
INSERT INTO RangeProj VALUES(0, 4452);
INSERT INTO Projection VALUES(4452, 2010, 853, 13717, 6.2);
INSERT INTO RangeProj VALUES(0, 4453);
INSERT INTO Projection VALUES(4453, 2015, 957, 15046, 6.4);
INSERT INTO RangeProj VALUES(0, 4454);
INSERT INTO Projection VALUES(4454, 2020, 1148, 16280, 7.1);
INSERT INTO RangeProj VALUES(0, 4455);
INSERT INTO Projection VALUES(4455, 2025, 1479, 17408, 8.5);
INSERT INTO RangeProj VALUES(0, 4456);
INSERT INTO Projection VALUES(4456, 2010, 750, 13717, 5.5);
INSERT INTO RangeProj VALUES(0, 4457);
INSERT INTO Projection VALUES(4457, 2015, 753, 15046, 5.0);
INSERT INTO RangeProj VALUES(0, 4458);
INSERT INTO Projection VALUES(4458, 2020, 869, 16280, 5.3);
INSERT INTO RangeProj VALUES(0, 4459);
INSERT INTO Projection VALUES(4459, 2025, 1031, 17408, 5.9);
INSERT INTO RangeProj VALUES(0, 4460);
INSERT INTO Projection VALUES(4460, 2010, 634, 13717, 4.6);
commit;
INSERT INTO RangeProj VALUES(0, 4461);
INSERT INTO Projection VALUES(4461, 2015, 834, 15046, 5.5);
INSERT INTO RangeProj VALUES(0, 4462);
INSERT INTO Projection VALUES(4462, 2020, 935, 16280, 5.7);
INSERT INTO RangeProj VALUES(0, 4463);
INSERT INTO Projection VALUES(4463, 2025, 1073, 17408, 6.2);
INSERT INTO SubRange VALUES(48050, 0);
INSERT INTO SubRange VALUES(48050, 1);
INSERT INTO SubRange VALUES(48050, 2);
INSERT INTO SubRange VALUES(48050, 3);
INSERT INTO SubRange VALUES(48050, 4);
INSERT INTO SubRange VALUES(48050, 5);
INSERT INTO SubRange VALUES(48050, 6);
INSERT INTO SubRange VALUES(48050, 7);
INSERT INTO SubRange VALUES(48050, 8);
INSERT INTO SubRange VALUES(48050, 9);
INSERT INTO SubRange VALUES(48050, 10);
INSERT INTO SubRange VALUES(48050, 11);
INSERT INTO SubRange VALUES(48050, 12);
INSERT INTO SubRange VALUES(48050, 13);
INSERT INTO SubRange VALUES(48050, 14);
INSERT INTO SubRange VALUES(48050, 15);
INSERT INTO SubRange VALUES(48050, 16);
INSERT INTO SubRange VALUES(48050, 17);
INSERT INTO Suburb VALUES(48130, 'Wakefield');
INSERT INTO RangeProj VALUES(0, 4464);
INSERT INTO Projection VALUES(4464, 2010, 393, 6714, 5.9);
INSERT INTO RangeProj VALUES(0, 4465);
INSERT INTO Projection VALUES(4465, 2015, 392, 6789, 5.8);
INSERT INTO RangeProj VALUES(0, 4466);
INSERT INTO Projection VALUES(4466, 2020, 387, 6861, 5.6);
INSERT INTO RangeProj VALUES(0, 4467);
INSERT INTO Projection VALUES(4467, 2025, 380, 6909, 5.5);
INSERT INTO RangeProj VALUES(0, 4468);
INSERT INTO Projection VALUES(4468, 2010, 452, 6714, 6.7);
INSERT INTO RangeProj VALUES(0, 4469);
INSERT INTO Projection VALUES(4469, 2015, 436, 6789, 6.4);
INSERT INTO RangeProj VALUES(0, 4470);
INSERT INTO Projection VALUES(4470, 2020, 430, 6861, 6.3);
INSERT INTO RangeProj VALUES(0, 4471);
INSERT INTO Projection VALUES(4471, 2025, 428, 6909, 6.2);
INSERT INTO RangeProj VALUES(0, 4472);
INSERT INTO Projection VALUES(4472, 2010, 475, 6714, 7.1);
INSERT INTO RangeProj VALUES(0, 4473);
INSERT INTO Projection VALUES(4473, 2015, 462, 6789, 6.8);
INSERT INTO RangeProj VALUES(0, 4474);
INSERT INTO Projection VALUES(4474, 2020, 457, 6861, 6.7);
INSERT INTO RangeProj VALUES(0, 4475);
INSERT INTO Projection VALUES(4475, 2025, 447, 6909, 6.5);
INSERT INTO RangeProj VALUES(0, 4476);
INSERT INTO Projection VALUES(4476, 2010, 430, 6714, 6.4);
INSERT INTO RangeProj VALUES(0, 4477);
INSERT INTO Projection VALUES(4477, 2015, 395, 6789, 5.8);
INSERT INTO RangeProj VALUES(0, 4478);
INSERT INTO Projection VALUES(4478, 2020, 378, 6861, 5.5);
INSERT INTO RangeProj VALUES(0, 4479);
INSERT INTO Projection VALUES(4479, 2025, 376, 6909, 5.4);
INSERT INTO RangeProj VALUES(0, 4480);
INSERT INTO Projection VALUES(4480, 2010, 337, 6714, 5.0);
INSERT INTO RangeProj VALUES(0, 4481);
INSERT INTO Projection VALUES(4481, 2015, 323, 6789, 4.8);
INSERT INTO RangeProj VALUES(0, 4482);
INSERT INTO Projection VALUES(4482, 2020, 300, 6861, 4.4);
INSERT INTO RangeProj VALUES(0, 4483);
INSERT INTO Projection VALUES(4483, 2025, 273, 6909, 4.0);
INSERT INTO RangeProj VALUES(0, 4484);
INSERT INTO Projection VALUES(4484, 2010, 309, 6714, 4.6);
INSERT INTO RangeProj VALUES(0, 4485);
INSERT INTO Projection VALUES(4485, 2015, 331, 6789, 4.9);
INSERT INTO RangeProj VALUES(0, 4486);
INSERT INTO Projection VALUES(4486, 2020, 324, 6861, 4.7);
INSERT INTO RangeProj VALUES(0, 4487);
INSERT INTO Projection VALUES(4487, 2025, 305, 6909, 4.4);
INSERT INTO RangeProj VALUES(0, 4488);
INSERT INTO Projection VALUES(4488, 2010, 329, 6714, 4.9);
INSERT INTO RangeProj VALUES(0, 4489);
INSERT INTO Projection VALUES(4489, 2015, 341, 6789, 5.0);
INSERT INTO RangeProj VALUES(0, 4490);
INSERT INTO Projection VALUES(4490, 2020, 355, 6861, 5.2);
INSERT INTO RangeProj VALUES(0, 4491);
INSERT INTO Projection VALUES(4491, 2025, 346, 6909, 5.0);
INSERT INTO RangeProj VALUES(0, 4492);
INSERT INTO Projection VALUES(4492, 2010, 410, 6714, 6.1);
INSERT INTO RangeProj VALUES(0, 4493);
INSERT INTO Projection VALUES(4493, 2015, 374, 6789, 5.5);
INSERT INTO RangeProj VALUES(0, 4494);
INSERT INTO Projection VALUES(4494, 2020, 388, 6861, 5.7);
INSERT INTO RangeProj VALUES(0, 4495);
INSERT INTO Projection VALUES(4495, 2025, 396, 6909, 5.7);
INSERT INTO RangeProj VALUES(0, 4496);
INSERT INTO Projection VALUES(4496, 2010, 455, 6714, 6.8);
INSERT INTO RangeProj VALUES(0, 4497);
INSERT INTO Projection VALUES(4497, 2015, 439, 6789, 6.5);
INSERT INTO RangeProj VALUES(0, 4498);
INSERT INTO Projection VALUES(4498, 2020, 398, 6861, 5.8);
INSERT INTO RangeProj VALUES(0, 4499);
INSERT INTO Projection VALUES(4499, 2025, 419, 6909, 6.1);
INSERT INTO RangeProj VALUES(0, 4500);
INSERT INTO Projection VALUES(4500, 2010, 512, 6714, 7.6);
INSERT INTO RangeProj VALUES(0, 4501);
INSERT INTO Projection VALUES(4501, 2015, 472, 6789, 7.0);
commit;
INSERT INTO RangeProj VALUES(0, 4502);
INSERT INTO Projection VALUES(4502, 2020, 456, 6861, 6.6);
INSERT INTO RangeProj VALUES(0, 4503);
INSERT INTO Projection VALUES(4503, 2025, 423, 6909, 6.1);
INSERT INTO RangeProj VALUES(0, 4504);
INSERT INTO Projection VALUES(4504, 2010, 530, 6714, 7.9);
INSERT INTO RangeProj VALUES(0, 4505);
INSERT INTO Projection VALUES(4505, 2015, 562, 6789, 8.3);
INSERT INTO RangeProj VALUES(0, 4506);
INSERT INTO Projection VALUES(4506, 2020, 523, 6861, 7.6);
INSERT INTO RangeProj VALUES(0, 4507);
INSERT INTO Projection VALUES(4507, 2025, 510, 6909, 7.4);
INSERT INTO RangeProj VALUES(0, 4508);
INSERT INTO Projection VALUES(4508, 2010, 511, 6714, 7.6);
INSERT INTO RangeProj VALUES(0, 4509);
INSERT INTO Projection VALUES(4509, 2015, 519, 6789, 7.6);
INSERT INTO RangeProj VALUES(0, 4510);
INSERT INTO Projection VALUES(4510, 2020, 548, 6861, 8.0);
INSERT INTO RangeProj VALUES(0, 4511);
INSERT INTO Projection VALUES(4511, 2025, 512, 6909, 7.4);
INSERT INTO RangeProj VALUES(0, 4512);
INSERT INTO Projection VALUES(4512, 2010, 443, 6714, 6.6);
INSERT INTO RangeProj VALUES(0, 4513);
INSERT INTO Projection VALUES(4513, 2015, 466, 6789, 6.9);
INSERT INTO RangeProj VALUES(0, 4514);
INSERT INTO Projection VALUES(4514, 2020, 476, 6861, 6.9);
INSERT INTO RangeProj VALUES(0, 4515);
INSERT INTO Projection VALUES(4515, 2025, 507, 6909, 7.3);
INSERT INTO RangeProj VALUES(0, 4516);
INSERT INTO Projection VALUES(4516, 2010, 337, 6714, 5.0);
INSERT INTO RangeProj VALUES(0, 4517);
INSERT INTO Projection VALUES(4517, 2015, 413, 6789, 6.1);
INSERT INTO RangeProj VALUES(0, 4518);
INSERT INTO Projection VALUES(4518, 2020, 439, 6861, 6.4);
INSERT INTO RangeProj VALUES(0, 4519);
INSERT INTO Projection VALUES(4519, 2025, 448, 6909, 6.5);
INSERT INTO RangeProj VALUES(0, 4520);
INSERT INTO Projection VALUES(4520, 2010, 218, 6714, 3.2);
INSERT INTO RangeProj VALUES(0, 4521);
INSERT INTO Projection VALUES(4521, 2015, 288, 6789, 4.2);
INSERT INTO RangeProj VALUES(0, 4522);
INSERT INTO Projection VALUES(4522, 2020, 365, 6861, 5.3);
INSERT INTO RangeProj VALUES(0, 4523);
INSERT INTO Projection VALUES(4523, 2025, 384, 6909, 5.6);
INSERT INTO RangeProj VALUES(0, 4524);
INSERT INTO Projection VALUES(4524, 2010, 209, 6714, 3.1);
INSERT INTO RangeProj VALUES(0, 4525);
INSERT INTO Projection VALUES(4525, 2015, 193, 6789, 2.8);
INSERT INTO RangeProj VALUES(0, 4526);
INSERT INTO Projection VALUES(4526, 2020, 253, 6861, 3.7);
INSERT INTO RangeProj VALUES(0, 4527);
INSERT INTO Projection VALUES(4527, 2025, 321, 6909, 4.6);
INSERT INTO RangeProj VALUES(0, 4528);
INSERT INTO Projection VALUES(4528, 2010, 181, 6714, 2.7);
INSERT INTO RangeProj VALUES(0, 4529);
INSERT INTO Projection VALUES(4529, 2015, 178, 6789, 2.6);
INSERT INTO RangeProj VALUES(0, 4530);
INSERT INTO Projection VALUES(4530, 2020, 168, 6861, 2.4);
INSERT INTO RangeProj VALUES(0, 4531);
INSERT INTO Projection VALUES(4531, 2025, 216, 6909, 3.1);
INSERT INTO RangeProj VALUES(0, 4532);
INSERT INTO Projection VALUES(4532, 2010, 183, 6714, 2.7);
INSERT INTO RangeProj VALUES(0, 4533);
INSERT INTO Projection VALUES(4533, 2015, 205, 6789, 3.0);
INSERT INTO RangeProj VALUES(0, 4534);
INSERT INTO Projection VALUES(4534, 2020, 216, 6861, 3.1);
INSERT INTO RangeProj VALUES(0, 4535);
INSERT INTO Projection VALUES(4535, 2025, 218, 6909, 3.2);
INSERT INTO SubRange VALUES(48130, 0);
INSERT INTO SubRange VALUES(48130, 1);
INSERT INTO SubRange VALUES(48130, 2);
INSERT INTO SubRange VALUES(48130, 3);
INSERT INTO SubRange VALUES(48130, 4);
INSERT INTO SubRange VALUES(48130, 5);
INSERT INTO SubRange VALUES(48130, 6);
INSERT INTO SubRange VALUES(48130, 7);
INSERT INTO SubRange VALUES(48130, 8);
INSERT INTO SubRange VALUES(48130, 9);
INSERT INTO SubRange VALUES(48130, 10);
INSERT INTO SubRange VALUES(48130, 11);
INSERT INTO SubRange VALUES(48130, 12);
INSERT INTO SubRange VALUES(48130, 13);
INSERT INTO SubRange VALUES(48130, 14);
INSERT INTO SubRange VALUES(48130, 15);
INSERT INTO SubRange VALUES(48130, 16);
INSERT INTO SubRange VALUES(48130, 17);
INSERT INTO Suburb VALUES(48260, 'Walkerville');
INSERT INTO RangeProj VALUES(0, 4536);
INSERT INTO Projection VALUES(4536, 2010, 320, 7316, 4.4);
INSERT INTO RangeProj VALUES(0, 4537);
INSERT INTO Projection VALUES(4537, 2015, 331, 7505, 4.4);
INSERT INTO RangeProj VALUES(0, 4538);
INSERT INTO Projection VALUES(4538, 2020, 349, 7706, 4.5);
INSERT INTO RangeProj VALUES(0, 4539);
INSERT INTO Projection VALUES(4539, 2025, 348, 7900, 4.4);
INSERT INTO RangeProj VALUES(0, 4540);
INSERT INTO Projection VALUES(4540, 2010, 358, 7316, 4.9);
INSERT INTO RangeProj VALUES(0, 4541);
INSERT INTO Projection VALUES(4541, 2015, 393, 7505, 5.2);
INSERT INTO RangeProj VALUES(0, 4542);
INSERT INTO Projection VALUES(4542, 2020, 407, 7706, 5.3);
commit;
INSERT INTO RangeProj VALUES(0, 4543);
INSERT INTO Projection VALUES(4543, 2025, 419, 7900, 5.3);
INSERT INTO RangeProj VALUES(0, 4544);
INSERT INTO Projection VALUES(4544, 2010, 394, 7316, 5.4);
INSERT INTO RangeProj VALUES(0, 4545);
INSERT INTO Projection VALUES(4545, 2015, 382, 7505, 5.1);
INSERT INTO RangeProj VALUES(0, 4546);
INSERT INTO Projection VALUES(4546, 2020, 406, 7706, 5.3);
INSERT INTO RangeProj VALUES(0, 4547);
INSERT INTO Projection VALUES(4547, 2025, 420, 7900, 5.3);
INSERT INTO RangeProj VALUES(0, 4548);
INSERT INTO Projection VALUES(4548, 2010, 471, 7316, 6.4);
INSERT INTO RangeProj VALUES(0, 4549);
INSERT INTO Projection VALUES(4549, 2015, 480, 7505, 6.4);
INSERT INTO RangeProj VALUES(0, 4550);
INSERT INTO Projection VALUES(4550, 2020, 462, 7706, 6.0);
INSERT INTO RangeProj VALUES(0, 4551);
INSERT INTO Projection VALUES(4551, 2025, 493, 7900, 6.2);
INSERT INTO RangeProj VALUES(0, 4552);
INSERT INTO Projection VALUES(4552, 2010, 533, 7316, 7.3);
INSERT INTO RangeProj VALUES(0, 4553);
INSERT INTO Projection VALUES(4553, 2015, 527, 7505, 7.0);
INSERT INTO RangeProj VALUES(0, 4554);
INSERT INTO Projection VALUES(4554, 2020, 516, 7706, 6.7);
INSERT INTO RangeProj VALUES(0, 4555);
INSERT INTO Projection VALUES(4555, 2025, 504, 7900, 6.4);
INSERT INTO RangeProj VALUES(0, 4556);
INSERT INTO Projection VALUES(4556, 2010, 418, 7316, 5.7);
INSERT INTO RangeProj VALUES(0, 4557);
INSERT INTO Projection VALUES(4557, 2015, 433, 7505, 5.8);
INSERT INTO RangeProj VALUES(0, 4558);
INSERT INTO Projection VALUES(4558, 2020, 434, 7706, 5.6);
INSERT INTO RangeProj VALUES(0, 4559);
INSERT INTO Projection VALUES(4559, 2025, 416, 7900, 5.3);
INSERT INTO RangeProj VALUES(0, 4560);
INSERT INTO Projection VALUES(4560, 2010, 332, 7316, 4.5);
INSERT INTO RangeProj VALUES(0, 4561);
INSERT INTO Projection VALUES(4561, 2015, 382, 7505, 5.1);
INSERT INTO RangeProj VALUES(0, 4562);
INSERT INTO Projection VALUES(4562, 2020, 386, 7706, 5.0);
INSERT INTO RangeProj VALUES(0, 4563);
INSERT INTO Projection VALUES(4563, 2025, 387, 7900, 4.9);
INSERT INTO RangeProj VALUES(0, 4564);
INSERT INTO Projection VALUES(4564, 2010, 432, 7316, 5.9);
INSERT INTO RangeProj VALUES(0, 4565);
INSERT INTO Projection VALUES(4565, 2015, 406, 7505, 5.4);
INSERT INTO RangeProj VALUES(0, 4566);
INSERT INTO Projection VALUES(4566, 2020, 449, 7706, 5.8);
INSERT INTO RangeProj VALUES(0, 4567);
INSERT INTO Projection VALUES(4567, 2025, 454, 7900, 5.7);
INSERT INTO RangeProj VALUES(0, 4568);
INSERT INTO Projection VALUES(4568, 2010, 435, 7316, 5.9);
INSERT INTO RangeProj VALUES(0, 4569);
INSERT INTO Projection VALUES(4569, 2015, 461, 7505, 6.1);
INSERT INTO RangeProj VALUES(0, 4570);
INSERT INTO Projection VALUES(4570, 2020, 438, 7706, 5.7);
INSERT INTO RangeProj VALUES(0, 4571);
INSERT INTO Projection VALUES(4571, 2025, 475, 7900, 6.0);
INSERT INTO RangeProj VALUES(0, 4572);
INSERT INTO Projection VALUES(4572, 2010, 549, 7316, 7.5);
INSERT INTO RangeProj VALUES(0, 4573);
INSERT INTO Projection VALUES(4573, 2015, 501, 7505, 6.7);
INSERT INTO RangeProj VALUES(0, 4574);
INSERT INTO Projection VALUES(4574, 2020, 522, 7706, 6.8);
INSERT INTO RangeProj VALUES(0, 4575);
INSERT INTO Projection VALUES(4575, 2025, 497, 7900, 6.3);
INSERT INTO RangeProj VALUES(0, 4576);
INSERT INTO Projection VALUES(4576, 2010, 533, 7316, 7.3);
INSERT INTO RangeProj VALUES(0, 4577);
INSERT INTO Projection VALUES(4577, 2015, 547, 7505, 7.3);
INSERT INTO RangeProj VALUES(0, 4578);
INSERT INTO Projection VALUES(4578, 2020, 510, 7706, 6.6);
INSERT INTO RangeProj VALUES(0, 4579);
INSERT INTO Projection VALUES(4579, 2025, 524, 7900, 6.6);
INSERT INTO RangeProj VALUES(0, 4580);
INSERT INTO Projection VALUES(4580, 2010, 498, 7316, 6.8);
INSERT INTO RangeProj VALUES(0, 4581);
INSERT INTO Projection VALUES(4581, 2015, 512, 7505, 6.8);
INSERT INTO RangeProj VALUES(0, 4582);
INSERT INTO Projection VALUES(4582, 2020, 523, 7706, 6.8);
INSERT INTO RangeProj VALUES(0, 4583);
INSERT INTO Projection VALUES(4583, 2025, 499, 7900, 6.3);
INSERT INTO RangeProj VALUES(0, 4584);
INSERT INTO Projection VALUES(4584, 2010, 528, 7316, 7.2);
INSERT INTO RangeProj VALUES(0, 4585);
INSERT INTO Projection VALUES(4585, 2015, 482, 7505, 6.4);
INSERT INTO RangeProj VALUES(0, 4586);
INSERT INTO Projection VALUES(4586, 2020, 499, 7706, 6.5);
INSERT INTO RangeProj VALUES(0, 4587);
INSERT INTO Projection VALUES(4587, 2025, 507, 7900, 6.4);
INSERT INTO RangeProj VALUES(0, 4588);
INSERT INTO Projection VALUES(4588, 2010, 376, 7316, 5.1);
INSERT INTO RangeProj VALUES(0, 4589);
INSERT INTO Projection VALUES(4589, 2015, 489, 7505, 6.5);
INSERT INTO RangeProj VALUES(0, 4590);
INSERT INTO Projection VALUES(4590, 2020, 466, 7706, 6.0);
INSERT INTO RangeProj VALUES(0, 4591);
INSERT INTO Projection VALUES(4591, 2025, 487, 7900, 6.2);
INSERT INTO RangeProj VALUES(0, 4592);
INSERT INTO Projection VALUES(4592, 2010, 299, 7316, 4.1);
INSERT INTO RangeProj VALUES(0, 4593);
commit;
INSERT INTO Projection VALUES(4593, 2015, 349, 7505, 4.7);
INSERT INTO RangeProj VALUES(0, 4594);
INSERT INTO Projection VALUES(4594, 2020, 456, 7706, 5.9);
INSERT INTO RangeProj VALUES(0, 4595);
INSERT INTO Projection VALUES(4595, 2025, 443, 7900, 5.6);
INSERT INTO RangeProj VALUES(0, 4596);
INSERT INTO Projection VALUES(4596, 2010, 300, 7316, 4.1);
INSERT INTO RangeProj VALUES(0, 4597);
INSERT INTO Projection VALUES(4597, 2015, 283, 7505, 3.8);
INSERT INTO RangeProj VALUES(0, 4598);
INSERT INTO Projection VALUES(4598, 2020, 334, 7706, 4.3);
INSERT INTO RangeProj VALUES(0, 4599);
INSERT INTO Projection VALUES(4599, 2025, 435, 7900, 5.5);
INSERT INTO RangeProj VALUES(0, 4600);
INSERT INTO Projection VALUES(4600, 2010, 250, 7316, 3.4);
INSERT INTO RangeProj VALUES(0, 4601);
INSERT INTO Projection VALUES(4601, 2015, 231, 7505, 3.1);
INSERT INTO RangeProj VALUES(0, 4602);
INSERT INTO Projection VALUES(4602, 2020, 230, 7706, 3.0);
INSERT INTO RangeProj VALUES(0, 4603);
INSERT INTO Projection VALUES(4603, 2025, 268, 7900, 3.4);
INSERT INTO RangeProj VALUES(0, 4604);
INSERT INTO Projection VALUES(4604, 2010, 290, 7316, 4.0);
INSERT INTO RangeProj VALUES(0, 4605);
INSERT INTO Projection VALUES(4605, 2015, 316, 7505, 4.2);
INSERT INTO RangeProj VALUES(0, 4606);
INSERT INTO Projection VALUES(4606, 2020, 319, 7706, 4.1);
INSERT INTO RangeProj VALUES(0, 4607);
INSERT INTO Projection VALUES(4607, 2025, 324, 7900, 4.1);
INSERT INTO SubRange VALUES(48260, 0);
INSERT INTO SubRange VALUES(48260, 1);
INSERT INTO SubRange VALUES(48260, 2);
INSERT INTO SubRange VALUES(48260, 3);
INSERT INTO SubRange VALUES(48260, 4);
INSERT INTO SubRange VALUES(48260, 5);
INSERT INTO SubRange VALUES(48260, 6);
INSERT INTO SubRange VALUES(48260, 7);
INSERT INTO SubRange VALUES(48260, 8);
INSERT INTO SubRange VALUES(48260, 9);
INSERT INTO SubRange VALUES(48260, 10);
INSERT INTO SubRange VALUES(48260, 11);
INSERT INTO SubRange VALUES(48260, 12);
INSERT INTO SubRange VALUES(48260, 13);
INSERT INTO SubRange VALUES(48260, 14);
INSERT INTO SubRange VALUES(48260, 15);
INSERT INTO SubRange VALUES(48260, 16);
INSERT INTO SubRange VALUES(48260, 17);
INSERT INTO Suburb VALUES(48340, 'Wattle Range');
INSERT INTO RangeProj VALUES(0, 4608);
INSERT INTO Projection VALUES(4608, 2010, 861, 12462, 6.9);
INSERT INTO RangeProj VALUES(0, 4609);
INSERT INTO Projection VALUES(4609, 2015, 843, 12534, 6.7);
INSERT INTO RangeProj VALUES(0, 4610);
INSERT INTO Projection VALUES(4610, 2020, 813, 12548, 6.5);
INSERT INTO RangeProj VALUES(0, 4611);
INSERT INTO Projection VALUES(4611, 2025, 762, 12484, 6.1);
INSERT INTO RangeProj VALUES(0, 4612);
INSERT INTO Projection VALUES(4612, 2010, 844, 12462, 6.8);
INSERT INTO RangeProj VALUES(0, 4613);
INSERT INTO Projection VALUES(4613, 2015, 871, 12534, 6.9);
INSERT INTO RangeProj VALUES(0, 4614);
INSERT INTO Projection VALUES(4614, 2020, 854, 12548, 6.8);
INSERT INTO RangeProj VALUES(0, 4615);
INSERT INTO Projection VALUES(4615, 2025, 830, 12484, 6.6);
INSERT INTO RangeProj VALUES(0, 4616);
INSERT INTO Projection VALUES(4616, 2010, 885, 12462, 7.1);
INSERT INTO RangeProj VALUES(0, 4617);
INSERT INTO Projection VALUES(4617, 2015, 841, 12534, 6.7);
INSERT INTO RangeProj VALUES(0, 4618);
INSERT INTO Projection VALUES(4618, 2020, 865, 12548, 6.9);
INSERT INTO RangeProj VALUES(0, 4619);
INSERT INTO Projection VALUES(4619, 2025, 842, 12484, 6.7);
INSERT INTO RangeProj VALUES(0, 4620);
INSERT INTO Projection VALUES(4620, 2010, 710, 12462, 5.7);
INSERT INTO RangeProj VALUES(0, 4621);
INSERT INTO Projection VALUES(4621, 2015, 659, 12534, 5.3);
INSERT INTO RangeProj VALUES(0, 4622);
INSERT INTO Projection VALUES(4622, 2020, 625, 12548, 5.0);
INSERT INTO RangeProj VALUES(0, 4623);
INSERT INTO Projection VALUES(4623, 2025, 633, 12484, 5.1);
INSERT INTO RangeProj VALUES(0, 4624);
INSERT INTO Projection VALUES(4624, 2010, 558, 12462, 4.5);
INSERT INTO RangeProj VALUES(0, 4625);
INSERT INTO Projection VALUES(4625, 2015, 514, 12534, 4.1);
INSERT INTO RangeProj VALUES(0, 4626);
INSERT INTO Projection VALUES(4626, 2020, 458, 12548, 3.6);
INSERT INTO RangeProj VALUES(0, 4627);
INSERT INTO Projection VALUES(4627, 2025, 436, 12484, 3.5);
INSERT INTO RangeProj VALUES(0, 4628);
INSERT INTO Projection VALUES(4628, 2010, 693, 12462, 5.6);
INSERT INTO RangeProj VALUES(0, 4629);
INSERT INTO Projection VALUES(4629, 2015, 690, 12534, 5.5);
INSERT INTO RangeProj VALUES(0, 4630);
INSERT INTO Projection VALUES(4630, 2020, 650, 12548, 5.2);
INSERT INTO RangeProj VALUES(0, 4631);
INSERT INTO Projection VALUES(4631, 2025, 595, 12484, 4.8);
INSERT INTO RangeProj VALUES(0, 4632);
INSERT INTO Projection VALUES(4632, 2010, 726, 12462, 5.8);
INSERT INTO RangeProj VALUES(0, 4633);
INSERT INTO Projection VALUES(4633, 2015, 715, 12534, 5.7);
INSERT INTO RangeProj VALUES(0, 4634);
commit;
INSERT INTO Projection VALUES(4634, 2020, 706, 12548, 5.6);
INSERT INTO RangeProj VALUES(0, 4635);
INSERT INTO Projection VALUES(4635, 2025, 676, 12484, 5.4);
INSERT INTO RangeProj VALUES(0, 4636);
INSERT INTO Projection VALUES(4636, 2010, 820, 12462, 6.6);
INSERT INTO RangeProj VALUES(0, 4637);
INSERT INTO Projection VALUES(4637, 2015, 762, 12534, 6.1);
INSERT INTO RangeProj VALUES(0, 4638);
INSERT INTO Projection VALUES(4638, 2020, 772, 12548, 6.2);
INSERT INTO RangeProj VALUES(0, 4639);
INSERT INTO Projection VALUES(4639, 2025, 756, 12484, 6.1);
INSERT INTO RangeProj VALUES(0, 4640);
INSERT INTO Projection VALUES(4640, 2010, 1024, 12462, 8.2);
INSERT INTO RangeProj VALUES(0, 4641);
INSERT INTO Projection VALUES(4641, 2015, 887, 12534, 7.1);
INSERT INTO RangeProj VALUES(0, 4642);
INSERT INTO Projection VALUES(4642, 2020, 818, 12548, 6.5);
INSERT INTO RangeProj VALUES(0, 4643);
INSERT INTO Projection VALUES(4643, 2025, 840, 12484, 6.7);
INSERT INTO RangeProj VALUES(0, 4644);
INSERT INTO Projection VALUES(4644, 2010, 907, 12462, 7.3);
INSERT INTO RangeProj VALUES(0, 4645);
INSERT INTO Projection VALUES(4645, 2015, 994, 12534, 7.9);
INSERT INTO RangeProj VALUES(0, 4646);
INSERT INTO Projection VALUES(4646, 2020, 870, 12548, 6.9);
INSERT INTO RangeProj VALUES(0, 4647);
INSERT INTO Projection VALUES(4647, 2025, 806, 12484, 6.5);
INSERT INTO RangeProj VALUES(0, 4648);
INSERT INTO Projection VALUES(4648, 2010, 907, 12462, 7.3);
INSERT INTO RangeProj VALUES(0, 4649);
INSERT INTO Projection VALUES(4649, 2015, 877, 12534, 7.0);
INSERT INTO RangeProj VALUES(0, 4650);
INSERT INTO Projection VALUES(4650, 2020, 947, 12548, 7.5);
INSERT INTO RangeProj VALUES(0, 4651);
INSERT INTO Projection VALUES(4651, 2025, 836, 12484, 6.7);
INSERT INTO RangeProj VALUES(0, 4652);
INSERT INTO Projection VALUES(4652, 2010, 846, 12462, 6.8);
INSERT INTO RangeProj VALUES(0, 4653);
INSERT INTO Projection VALUES(4653, 2015, 851, 12534, 6.8);
INSERT INTO RangeProj VALUES(0, 4654);
INSERT INTO Projection VALUES(4654, 2020, 830, 12548, 6.6);
INSERT INTO RangeProj VALUES(0, 4655);
INSERT INTO Projection VALUES(4655, 2025, 878, 12484, 7.0);
INSERT INTO RangeProj VALUES(0, 4656);
INSERT INTO Projection VALUES(4656, 2010, 705, 12462, 5.7);
INSERT INTO RangeProj VALUES(0, 4657);
INSERT INTO Projection VALUES(4657, 2015, 792, 12534, 6.3);
INSERT INTO RangeProj VALUES(0, 4658);
INSERT INTO Projection VALUES(4658, 2020, 793, 12548, 6.3);
INSERT INTO RangeProj VALUES(0, 4659);
INSERT INTO Projection VALUES(4659, 2025, 774, 12484, 6.2);
INSERT INTO RangeProj VALUES(0, 4660);
INSERT INTO Projection VALUES(4660, 2010, 609, 12462, 4.9);
INSERT INTO RangeProj VALUES(0, 4661);
INSERT INTO Projection VALUES(4661, 2015, 684, 12534, 5.5);
INSERT INTO RangeProj VALUES(0, 4662);
INSERT INTO Projection VALUES(4662, 2020, 768, 12548, 6.1);
INSERT INTO RangeProj VALUES(0, 4663);
INSERT INTO Projection VALUES(4663, 2025, 779, 12484, 6.2);
INSERT INTO RangeProj VALUES(0, 4664);
INSERT INTO Projection VALUES(4664, 2010, 480, 12462, 3.9);
INSERT INTO RangeProj VALUES(0, 4665);
INSERT INTO Projection VALUES(4665, 2015, 559, 12534, 4.5);
INSERT INTO RangeProj VALUES(0, 4666);
INSERT INTO Projection VALUES(4666, 2020, 647, 12548, 5.2);
INSERT INTO RangeProj VALUES(0, 4667);
INSERT INTO Projection VALUES(4667, 2025, 718, 12484, 5.8);
INSERT INTO RangeProj VALUES(0, 4668);
INSERT INTO Projection VALUES(4668, 2010, 348, 12462, 2.8);
INSERT INTO RangeProj VALUES(0, 4669);
INSERT INTO Projection VALUES(4669, 2015, 417, 12534, 3.3);
INSERT INTO RangeProj VALUES(0, 4670);
INSERT INTO Projection VALUES(4670, 2020, 501, 12548, 4.0);
INSERT INTO RangeProj VALUES(0, 4671);
INSERT INTO Projection VALUES(4671, 2025, 582, 12484, 4.7);
INSERT INTO RangeProj VALUES(0, 4672);
INSERT INTO Projection VALUES(4672, 2010, 293, 12462, 2.4);
INSERT INTO RangeProj VALUES(0, 4673);
INSERT INTO Projection VALUES(4673, 2015, 283, 12534, 2.3);
INSERT INTO RangeProj VALUES(0, 4674);
INSERT INTO Projection VALUES(4674, 2020, 322, 12548, 2.6);
INSERT INTO RangeProj VALUES(0, 4675);
INSERT INTO Projection VALUES(4675, 2025, 398, 12484, 3.2);
INSERT INTO RangeProj VALUES(0, 4676);
INSERT INTO Projection VALUES(4676, 2010, 246, 12462, 2.0);
INSERT INTO RangeProj VALUES(0, 4677);
INSERT INTO Projection VALUES(4677, 2015, 295, 12534, 2.4);
INSERT INTO RangeProj VALUES(0, 4678);
INSERT INTO Projection VALUES(4678, 2020, 309, 12548, 2.5);
INSERT INTO RangeProj VALUES(0, 4679);
INSERT INTO Projection VALUES(4679, 2025, 343, 12484, 2.7);
INSERT INTO SubRange VALUES(48340, 0);
INSERT INTO SubRange VALUES(48340, 1);
INSERT INTO SubRange VALUES(48340, 2);
INSERT INTO SubRange VALUES(48340, 3);
INSERT INTO SubRange VALUES(48340, 4);
INSERT INTO SubRange VALUES(48340, 5);
INSERT INTO SubRange VALUES(48340, 6);
INSERT INTO SubRange VALUES(48340, 7);
INSERT INTO SubRange VALUES(48340, 8);
INSERT INTO SubRange VALUES(48340, 9);
commit;
INSERT INTO SubRange VALUES(48340, 10);
INSERT INTO SubRange VALUES(48340, 11);
INSERT INTO SubRange VALUES(48340, 12);
INSERT INTO SubRange VALUES(48340, 13);
INSERT INTO SubRange VALUES(48340, 14);
INSERT INTO SubRange VALUES(48340, 15);
INSERT INTO SubRange VALUES(48340, 16);
INSERT INTO SubRange VALUES(48340, 17);
INSERT INTO Suburb VALUES(48410, 'West Torrens');
INSERT INTO RangeProj VALUES(0, 4680);
INSERT INTO Projection VALUES(4680, 2010, 3027, 55997, 5.4);
INSERT INTO RangeProj VALUES(0, 4681);
INSERT INTO Projection VALUES(4681, 2015, 3141, 58169, 5.4);
INSERT INTO RangeProj VALUES(0, 4682);
INSERT INTO Projection VALUES(4682, 2020, 3238, 60386, 5.4);
INSERT INTO RangeProj VALUES(0, 4683);
INSERT INTO Projection VALUES(4683, 2025, 3305, 62624, 5.3);
INSERT INTO RangeProj VALUES(0, 4684);
INSERT INTO Projection VALUES(4684, 2010, 2515, 55997, 4.5);
INSERT INTO RangeProj VALUES(0, 4685);
INSERT INTO Projection VALUES(4685, 2015, 2820, 58169, 4.8);
INSERT INTO RangeProj VALUES(0, 4686);
INSERT INTO Projection VALUES(4686, 2020, 2931, 60386, 4.9);
INSERT INTO RangeProj VALUES(0, 4687);
INSERT INTO Projection VALUES(4687, 2025, 3026, 62624, 4.8);
INSERT INTO RangeProj VALUES(0, 4688);
INSERT INTO Projection VALUES(4688, 2010, 2590, 55997, 4.6);
INSERT INTO RangeProj VALUES(0, 4689);
INSERT INTO Projection VALUES(4689, 2015, 2500, 58169, 4.3);
INSERT INTO RangeProj VALUES(0, 4690);
INSERT INTO Projection VALUES(4690, 2020, 2758, 60386, 4.6);
INSERT INTO RangeProj VALUES(0, 4691);
INSERT INTO Projection VALUES(4691, 2025, 2866, 62624, 4.6);
INSERT INTO RangeProj VALUES(0, 4692);
INSERT INTO Projection VALUES(4692, 2010, 3021, 55997, 5.4);
INSERT INTO RangeProj VALUES(0, 4693);
INSERT INTO Projection VALUES(4693, 2015, 3041, 58169, 5.2);
INSERT INTO RangeProj VALUES(0, 4694);
INSERT INTO Projection VALUES(4694, 2020, 2976, 60386, 4.9);
INSERT INTO RangeProj VALUES(0, 4695);
INSERT INTO Projection VALUES(4695, 2025, 3224, 62624, 5.1);
INSERT INTO RangeProj VALUES(0, 4696);
INSERT INTO Projection VALUES(4696, 2010, 4985, 55997, 8.9);
INSERT INTO RangeProj VALUES(0, 4697);
INSERT INTO Projection VALUES(4697, 2015, 5132, 58169, 8.8);
INSERT INTO RangeProj VALUES(0, 4698);
INSERT INTO Projection VALUES(4698, 2020, 5119, 60386, 8.5);
INSERT INTO RangeProj VALUES(0, 4699);
INSERT INTO Projection VALUES(4699, 2025, 5075, 62624, 8.1);
INSERT INTO RangeProj VALUES(0, 4700);
INSERT INTO Projection VALUES(4700, 2010, 4892, 55997, 8.7);
INSERT INTO RangeProj VALUES(0, 4701);
INSERT INTO Projection VALUES(4701, 2015, 5049, 58169, 8.7);
INSERT INTO RangeProj VALUES(0, 4702);
INSERT INTO Projection VALUES(4702, 2020, 5193, 60386, 8.6);
INSERT INTO RangeProj VALUES(0, 4703);
INSERT INTO Projection VALUES(4703, 2025, 5137, 62624, 8.2);
INSERT INTO RangeProj VALUES(0, 4704);
INSERT INTO Projection VALUES(4704, 2010, 4088, 55997, 7.3);
INSERT INTO RangeProj VALUES(0, 4705);
INSERT INTO Projection VALUES(4705, 2015, 4599, 58169, 7.9);
INSERT INTO RangeProj VALUES(0, 4706);
INSERT INTO Projection VALUES(4706, 2020, 4730, 60386, 7.8);
INSERT INTO RangeProj VALUES(0, 4707);
INSERT INTO Projection VALUES(4707, 2025, 4861, 62624, 7.8);
INSERT INTO RangeProj VALUES(0, 4708);
INSERT INTO Projection VALUES(4708, 2010, 3977, 55997, 7.1);
INSERT INTO RangeProj VALUES(0, 4709);
INSERT INTO Projection VALUES(4709, 2015, 3824, 58169, 6.6);
INSERT INTO RangeProj VALUES(0, 4710);
INSERT INTO Projection VALUES(4710, 2020, 4320, 60386, 7.2);
INSERT INTO RangeProj VALUES(0, 4711);
INSERT INTO Projection VALUES(4711, 2025, 4442, 62624, 7.1);
INSERT INTO RangeProj VALUES(0, 4712);
INSERT INTO Projection VALUES(4712, 2010, 3881, 55997, 6.9);
INSERT INTO RangeProj VALUES(0, 4713);
INSERT INTO Projection VALUES(4713, 2015, 3895, 58169, 6.7);
INSERT INTO RangeProj VALUES(0, 4714);
INSERT INTO Projection VALUES(4714, 2020, 3777, 60386, 6.3);
INSERT INTO RangeProj VALUES(0, 4715);
INSERT INTO Projection VALUES(4715, 2025, 4253, 62624, 6.8);
INSERT INTO RangeProj VALUES(0, 4716);
INSERT INTO Projection VALUES(4716, 2010, 3689, 55997, 6.6);
INSERT INTO RangeProj VALUES(0, 4717);
INSERT INTO Projection VALUES(4717, 2015, 3716, 58169, 6.4);
INSERT INTO RangeProj VALUES(0, 4718);
INSERT INTO Projection VALUES(4718, 2020, 3768, 60386, 6.2);
INSERT INTO RangeProj VALUES(0, 4719);
INSERT INTO Projection VALUES(4719, 2025, 3661, 62624, 5.8);
INSERT INTO RangeProj VALUES(0, 4720);
INSERT INTO Projection VALUES(4720, 2010, 3362, 55997, 6.0);
INSERT INTO RangeProj VALUES(0, 4721);
INSERT INTO Projection VALUES(4721, 2015, 3530, 58169, 6.1);
INSERT INTO RangeProj VALUES(0, 4722);
INSERT INTO Projection VALUES(4722, 2020, 3522, 60386, 5.8);
INSERT INTO RangeProj VALUES(0, 4723);
INSERT INTO Projection VALUES(4723, 2025, 3586, 62624, 5.7);
INSERT INTO RangeProj VALUES(0, 4724);
INSERT INTO Projection VALUES(4724, 2010, 2802, 55997, 5.0);
INSERT INTO RangeProj VALUES(0, 4725);
INSERT INTO Projection VALUES(4725, 2015, 3156, 58169, 5.4);
commit;
INSERT INTO RangeProj VALUES(0, 4726);
INSERT INTO Projection VALUES(4726, 2020, 3299, 60386, 5.5);
INSERT INTO RangeProj VALUES(0, 4727);
INSERT INTO Projection VALUES(4727, 2025, 3277, 62624, 5.2);
INSERT INTO RangeProj VALUES(0, 4728);
INSERT INTO Projection VALUES(4728, 2010, 2646, 55997, 4.7);
INSERT INTO RangeProj VALUES(0, 4729);
INSERT INTO Projection VALUES(4729, 2015, 2704, 58169, 4.6);
INSERT INTO RangeProj VALUES(0, 4730);
INSERT INTO Projection VALUES(4730, 2020, 3011, 60386, 5.0);
INSERT INTO RangeProj VALUES(0, 4731);
INSERT INTO Projection VALUES(4731, 2025, 3151, 62624, 5.0);
INSERT INTO RangeProj VALUES(0, 4732);
INSERT INTO Projection VALUES(4732, 2010, 2291, 55997, 4.1);
INSERT INTO RangeProj VALUES(0, 4733);
INSERT INTO Projection VALUES(4733, 2015, 2608, 58169, 4.5);
INSERT INTO RangeProj VALUES(0, 4734);
INSERT INTO Projection VALUES(4734, 2020, 2673, 60386, 4.4);
INSERT INTO RangeProj VALUES(0, 4735);
INSERT INTO Projection VALUES(4735, 2025, 2969, 62624, 4.7);
INSERT INTO RangeProj VALUES(0, 4736);
INSERT INTO Projection VALUES(4736, 2010, 2168, 55997, 3.9);
INSERT INTO RangeProj VALUES(0, 4737);
INSERT INTO Projection VALUES(4737, 2015, 2232, 58169, 3.8);
INSERT INTO RangeProj VALUES(0, 4738);
INSERT INTO Projection VALUES(4738, 2020, 2605, 60386, 4.3);
INSERT INTO RangeProj VALUES(0, 4739);
INSERT INTO Projection VALUES(4739, 2025, 2678, 62624, 4.3);
INSERT INTO RangeProj VALUES(0, 4740);
INSERT INTO Projection VALUES(4740, 2010, 2093, 55997, 3.7);
INSERT INTO RangeProj VALUES(0, 4741);
INSERT INTO Projection VALUES(4741, 2015, 2028, 58169, 3.5);
INSERT INTO RangeProj VALUES(0, 4742);
INSERT INTO Projection VALUES(4742, 2020, 2154, 60386, 3.6);
INSERT INTO RangeProj VALUES(0, 4743);
INSERT INTO Projection VALUES(4743, 2025, 2550, 62624, 4.1);
INSERT INTO RangeProj VALUES(0, 4744);
INSERT INTO Projection VALUES(4744, 2010, 1955, 55997, 3.5);
INSERT INTO RangeProj VALUES(0, 4745);
INSERT INTO Projection VALUES(4745, 2015, 1812, 58169, 3.1);
INSERT INTO RangeProj VALUES(0, 4746);
INSERT INTO Projection VALUES(4746, 2020, 1819, 60386, 3.0);
INSERT INTO RangeProj VALUES(0, 4747);
INSERT INTO Projection VALUES(4747, 2025, 1974, 62624, 3.2);
INSERT INTO RangeProj VALUES(0, 4748);
INSERT INTO Projection VALUES(4748, 2010, 2015, 55997, 3.6);
INSERT INTO RangeProj VALUES(0, 4749);
INSERT INTO Projection VALUES(4749, 2015, 2382, 58169, 4.1);
INSERT INTO RangeProj VALUES(0, 4750);
INSERT INTO Projection VALUES(4750, 2020, 2493, 60386, 4.1);
INSERT INTO RangeProj VALUES(0, 4751);
INSERT INTO Projection VALUES(4751, 2025, 2589, 62624, 4.1);
INSERT INTO SubRange VALUES(48410, 0);
INSERT INTO SubRange VALUES(48410, 1);
INSERT INTO SubRange VALUES(48410, 2);
INSERT INTO SubRange VALUES(48410, 3);
INSERT INTO SubRange VALUES(48410, 4);
INSERT INTO SubRange VALUES(48410, 5);
INSERT INTO SubRange VALUES(48410, 6);
INSERT INTO SubRange VALUES(48410, 7);
INSERT INTO SubRange VALUES(48410, 8);
INSERT INTO SubRange VALUES(48410, 9);
INSERT INTO SubRange VALUES(48410, 10);
INSERT INTO SubRange VALUES(48410, 11);
INSERT INTO SubRange VALUES(48410, 12);
INSERT INTO SubRange VALUES(48410, 13);
INSERT INTO SubRange VALUES(48410, 14);
INSERT INTO SubRange VALUES(48410, 15);
INSERT INTO SubRange VALUES(48410, 16);
INSERT INTO SubRange VALUES(48410, 17);
INSERT INTO Suburb VALUES(48540, 'Whyalla');
INSERT INTO RangeProj VALUES(0, 4752);
INSERT INTO Projection VALUES(4752, 2010, 1588, 23129, 6.9);
INSERT INTO RangeProj VALUES(0, 4753);
INSERT INTO Projection VALUES(4753, 2015, 1590, 23550, 6.8);
INSERT INTO RangeProj VALUES(0, 4754);
INSERT INTO Projection VALUES(4754, 2020, 1554, 23865, 6.5);
INSERT INTO RangeProj VALUES(0, 4755);
INSERT INTO Projection VALUES(4755, 2025, 1520, 24071, 6.3);
INSERT INTO RangeProj VALUES(0, 4756);
INSERT INTO Projection VALUES(4756, 2010, 1590, 23129, 6.9);
INSERT INTO RangeProj VALUES(0, 4757);
INSERT INTO Projection VALUES(4757, 2015, 1637, 23550, 7.0);
INSERT INTO RangeProj VALUES(0, 4758);
INSERT INTO Projection VALUES(4758, 2020, 1634, 23865, 6.8);
INSERT INTO RangeProj VALUES(0, 4759);
INSERT INTO Projection VALUES(4759, 2025, 1605, 24071, 6.7);
INSERT INTO RangeProj VALUES(0, 4760);
INSERT INTO Projection VALUES(4760, 2010, 1622, 23129, 7.0);
INSERT INTO RangeProj VALUES(0, 4761);
INSERT INTO Projection VALUES(4761, 2015, 1559, 23550, 6.6);
INSERT INTO RangeProj VALUES(0, 4762);
INSERT INTO Projection VALUES(4762, 2020, 1608, 23865, 6.7);
INSERT INTO RangeProj VALUES(0, 4763);
INSERT INTO Projection VALUES(4763, 2025, 1609, 24071, 6.7);
INSERT INTO RangeProj VALUES(0, 4764);
INSERT INTO Projection VALUES(4764, 2010, 1499, 23129, 6.5);
INSERT INTO RangeProj VALUES(0, 4765);
INSERT INTO Projection VALUES(4765, 2015, 1396, 23550, 5.9);
INSERT INTO RangeProj VALUES(0, 4766);
INSERT INTO Projection VALUES(4766, 2020, 1333, 23865, 5.6);
commit;
INSERT INTO RangeProj VALUES(0, 4767);
INSERT INTO Projection VALUES(4767, 2025, 1376, 24071, 5.7);
INSERT INTO RangeProj VALUES(0, 4768);
INSERT INTO Projection VALUES(4768, 2010, 1588, 23129, 6.9);
INSERT INTO RangeProj VALUES(0, 4769);
INSERT INTO Projection VALUES(4769, 2015, 1444, 23550, 6.1);
INSERT INTO RangeProj VALUES(0, 4770);
INSERT INTO Projection VALUES(4770, 2020, 1353, 23865, 5.7);
INSERT INTO RangeProj VALUES(0, 4771);
INSERT INTO Projection VALUES(4771, 2025, 1284, 24071, 5.3);
INSERT INTO RangeProj VALUES(0, 4772);
INSERT INTO Projection VALUES(4772, 2010, 1492, 23129, 6.5);
INSERT INTO RangeProj VALUES(0, 4773);
INSERT INTO Projection VALUES(4773, 2015, 1611, 23550, 6.8);
INSERT INTO RangeProj VALUES(0, 4774);
INSERT INTO Projection VALUES(4774, 2020, 1513, 23865, 6.3);
INSERT INTO RangeProj VALUES(0, 4775);
INSERT INTO Projection VALUES(4775, 2025, 1427, 24071, 5.9);
INSERT INTO RangeProj VALUES(0, 4776);
INSERT INTO Projection VALUES(4776, 2010, 1294, 23129, 5.6);
INSERT INTO RangeProj VALUES(0, 4777);
INSERT INTO Projection VALUES(4777, 2015, 1435, 23550, 6.1);
INSERT INTO RangeProj VALUES(0, 4778);
INSERT INTO Projection VALUES(4778, 2020, 1526, 23865, 6.4);
INSERT INTO RangeProj VALUES(0, 4779);
INSERT INTO Projection VALUES(4779, 2025, 1445, 24071, 6.0);
INSERT INTO RangeProj VALUES(0, 4780);
INSERT INTO Projection VALUES(4780, 2010, 1678, 23129, 7.3);
INSERT INTO RangeProj VALUES(0, 4781);
INSERT INTO Projection VALUES(4781, 2015, 1392, 23550, 5.9);
INSERT INTO RangeProj VALUES(0, 4782);
INSERT INTO Projection VALUES(4782, 2020, 1527, 23865, 6.4);
INSERT INTO RangeProj VALUES(0, 4783);
INSERT INTO Projection VALUES(4783, 2025, 1611, 24071, 6.7);
INSERT INTO RangeProj VALUES(0, 4784);
INSERT INTO Projection VALUES(4784, 2010, 1713, 23129, 7.4);
INSERT INTO RangeProj VALUES(0, 4785);
INSERT INTO Projection VALUES(4785, 2015, 1719, 23550, 7.3);
INSERT INTO RangeProj VALUES(0, 4786);
INSERT INTO Projection VALUES(4786, 2020, 1449, 23865, 6.1);
INSERT INTO RangeProj VALUES(0, 4787);
INSERT INTO Projection VALUES(4787, 2025, 1589, 24071, 6.6);
INSERT INTO RangeProj VALUES(0, 4788);
INSERT INTO Projection VALUES(4788, 2010, 1771, 23129, 7.7);
INSERT INTO RangeProj VALUES(0, 4789);
INSERT INTO Projection VALUES(4789, 2015, 1708, 23550, 7.3);
INSERT INTO RangeProj VALUES(0, 4790);
INSERT INTO Projection VALUES(4790, 2020, 1706, 23865, 7.1);
INSERT INTO RangeProj VALUES(0, 4791);
INSERT INTO Projection VALUES(4791, 2025, 1467, 24071, 6.1);
INSERT INTO RangeProj VALUES(0, 4792);
INSERT INTO Projection VALUES(4792, 2010, 1507, 23129, 6.5);
INSERT INTO RangeProj VALUES(0, 4793);
INSERT INTO Projection VALUES(4793, 2015, 1721, 23550, 7.3);
INSERT INTO RangeProj VALUES(0, 4794);
INSERT INTO Projection VALUES(4794, 2020, 1664, 23865, 7.0);
INSERT INTO RangeProj VALUES(0, 4795);
INSERT INTO Projection VALUES(4795, 2025, 1655, 24071, 6.9);
INSERT INTO RangeProj VALUES(0, 4796);
INSERT INTO Projection VALUES(4796, 2010, 1244, 23129, 5.4);
INSERT INTO RangeProj VALUES(0, 4797);
INSERT INTO Projection VALUES(4797, 2015, 1419, 23550, 6.0);
INSERT INTO RangeProj VALUES(0, 4798);
INSERT INTO Projection VALUES(4798, 2020, 1601, 23865, 6.7);
INSERT INTO RangeProj VALUES(0, 4799);
INSERT INTO Projection VALUES(4799, 2025, 1540, 24071, 6.4);
INSERT INTO RangeProj VALUES(0, 4800);
INSERT INTO Projection VALUES(4800, 2010, 1284, 23129, 5.6);
INSERT INTO RangeProj VALUES(0, 4801);
INSERT INTO Projection VALUES(4801, 2015, 1200, 23550, 5.1);
INSERT INTO RangeProj VALUES(0, 4802);
INSERT INTO Projection VALUES(4802, 2020, 1345, 23865, 5.6);
INSERT INTO RangeProj VALUES(0, 4803);
INSERT INTO Projection VALUES(4803, 2025, 1502, 24071, 6.2);
INSERT INTO RangeProj VALUES(0, 4804);
INSERT INTO Projection VALUES(4804, 2010, 1028, 23129, 4.4);
INSERT INTO RangeProj VALUES(0, 4805);
INSERT INTO Projection VALUES(4805, 2015, 1188, 23550, 5.0);
INSERT INTO RangeProj VALUES(0, 4806);
INSERT INTO Projection VALUES(4806, 2020, 1129, 23865, 4.7);
INSERT INTO RangeProj VALUES(0, 4807);
INSERT INTO Projection VALUES(4807, 2025, 1260, 24071, 5.2);
INSERT INTO RangeProj VALUES(0, 4808);
INSERT INTO Projection VALUES(4808, 2010, 862, 23129, 3.7);
INSERT INTO RangeProj VALUES(0, 4809);
INSERT INTO Projection VALUES(4809, 2015, 944, 23550, 4.0);
INSERT INTO RangeProj VALUES(0, 4810);
INSERT INTO Projection VALUES(4810, 2020, 1104, 23865, 4.6);
INSERT INTO RangeProj VALUES(0, 4811);
INSERT INTO Projection VALUES(4811, 2025, 1056, 24071, 4.4);
INSERT INTO RangeProj VALUES(0, 4812);
INSERT INTO Projection VALUES(4812, 2010, 618, 23129, 2.7);
INSERT INTO RangeProj VALUES(0, 4813);
INSERT INTO Projection VALUES(4813, 2015, 726, 23550, 3.1);
INSERT INTO RangeProj VALUES(0, 4814);
INSERT INTO Projection VALUES(4814, 2020, 803, 23865, 3.4);
INSERT INTO RangeProj VALUES(0, 4815);
INSERT INTO Projection VALUES(4815, 2025, 955, 24071, 4.0);
INSERT INTO RangeProj VALUES(0, 4816);
INSERT INTO Projection VALUES(4816, 2010, 445, 23129, 1.9);
INSERT INTO RangeProj VALUES(0, 4817);
commit;
INSERT INTO Projection VALUES(4817, 2015, 475, 23550, 2.0);
INSERT INTO RangeProj VALUES(0, 4818);
INSERT INTO Projection VALUES(4818, 2020, 576, 23865, 2.4);
INSERT INTO RangeProj VALUES(0, 4819);
INSERT INTO Projection VALUES(4819, 2025, 640, 24071, 2.7);
INSERT INTO RangeProj VALUES(0, 4820);
INSERT INTO Projection VALUES(4820, 2010, 306, 23129, 1.3);
INSERT INTO RangeProj VALUES(0, 4821);
INSERT INTO Projection VALUES(4821, 2015, 386, 23550, 1.6);
INSERT INTO RangeProj VALUES(0, 4822);
INSERT INTO Projection VALUES(4822, 2020, 440, 23865, 1.8);
INSERT INTO RangeProj VALUES(0, 4823);
INSERT INTO Projection VALUES(4823, 2025, 530, 24071, 2.2);
INSERT INTO SubRange VALUES(48540, 0);
INSERT INTO SubRange VALUES(48540, 1);
INSERT INTO SubRange VALUES(48540, 2);
INSERT INTO SubRange VALUES(48540, 3);
INSERT INTO SubRange VALUES(48540, 4);
INSERT INTO SubRange VALUES(48540, 5);
INSERT INTO SubRange VALUES(48540, 6);
INSERT INTO SubRange VALUES(48540, 7);
INSERT INTO SubRange VALUES(48540, 8);
INSERT INTO SubRange VALUES(48540, 9);
INSERT INTO SubRange VALUES(48540, 10);
INSERT INTO SubRange VALUES(48540, 11);
INSERT INTO SubRange VALUES(48540, 12);
INSERT INTO SubRange VALUES(48540, 13);
INSERT INTO SubRange VALUES(48540, 14);
INSERT INTO SubRange VALUES(48540, 15);
INSERT INTO SubRange VALUES(48540, 16);
INSERT INTO SubRange VALUES(48540, 17);
INSERT INTO Suburb VALUES(48750, 'Yankalilla');
INSERT INTO RangeProj VALUES(0, 4824);
INSERT INTO Projection VALUES(4824, 2010, 189, 4721, 4.0);
INSERT INTO RangeProj VALUES(0, 4825);
INSERT INTO Projection VALUES(4825, 2015, 201, 5181, 3.9);
INSERT INTO RangeProj VALUES(0, 4826);
INSERT INTO Projection VALUES(4826, 2020, 204, 5617, 3.6);
INSERT INTO RangeProj VALUES(0, 4827);
INSERT INTO Projection VALUES(4827, 2025, 203, 6021, 3.4);
INSERT INTO RangeProj VALUES(0, 4828);
INSERT INTO Projection VALUES(4828, 2010, 215, 4721, 4.6);
INSERT INTO RangeProj VALUES(0, 4829);
INSERT INTO Projection VALUES(4829, 2015, 224, 5181, 4.3);
INSERT INTO RangeProj VALUES(0, 4830);
INSERT INTO Projection VALUES(4830, 2020, 240, 5617, 4.3);
INSERT INTO RangeProj VALUES(0, 4831);
INSERT INTO Projection VALUES(4831, 2025, 242, 6021, 4.0);
INSERT INTO RangeProj VALUES(0, 4832);
INSERT INTO Projection VALUES(4832, 2010, 276, 4721, 5.8);
INSERT INTO RangeProj VALUES(0, 4833);
INSERT INTO Projection VALUES(4833, 2015, 248, 5181, 4.8);
INSERT INTO RangeProj VALUES(0, 4834);
INSERT INTO Projection VALUES(4834, 2020, 260, 5617, 4.6);
INSERT INTO RangeProj VALUES(0, 4835);
INSERT INTO Projection VALUES(4835, 2025, 276, 6021, 4.6);
INSERT INTO RangeProj VALUES(0, 4836);
INSERT INTO Projection VALUES(4836, 2010, 254, 4721, 5.4);
INSERT INTO RangeProj VALUES(0, 4837);
INSERT INTO Projection VALUES(4837, 2015, 245, 5181, 4.7);
INSERT INTO RangeProj VALUES(0, 4838);
INSERT INTO Projection VALUES(4838, 2020, 225, 5617, 4.0);
INSERT INTO RangeProj VALUES(0, 4839);
INSERT INTO Projection VALUES(4839, 2025, 237, 6021, 3.9);
INSERT INTO RangeProj VALUES(0, 4840);
INSERT INTO Projection VALUES(4840, 2010, 172, 4721, 3.6);
INSERT INTO RangeProj VALUES(0, 4841);
INSERT INTO Projection VALUES(4841, 2015, 174, 5181, 3.4);
INSERT INTO RangeProj VALUES(0, 4842);
INSERT INTO Projection VALUES(4842, 2020, 169, 5617, 3.0);
INSERT INTO RangeProj VALUES(0, 4843);
INSERT INTO Projection VALUES(4843, 2025, 154, 6021, 2.6);
INSERT INTO RangeProj VALUES(0, 4844);
INSERT INTO Projection VALUES(4844, 2010, 131, 4721, 2.8);
INSERT INTO RangeProj VALUES(0, 4845);
INSERT INTO Projection VALUES(4845, 2015, 158, 5181, 3.0);
INSERT INTO RangeProj VALUES(0, 4846);
INSERT INTO Projection VALUES(4846, 2020, 162, 5617, 2.9);
INSERT INTO RangeProj VALUES(0, 4847);
INSERT INTO Projection VALUES(4847, 2025, 159, 6021, 2.6);
INSERT INTO RangeProj VALUES(0, 4848);
INSERT INTO Projection VALUES(4848, 2010, 162, 4721, 3.4);
INSERT INTO RangeProj VALUES(0, 4849);
INSERT INTO Projection VALUES(4849, 2015, 168, 5181, 3.2);
INSERT INTO RangeProj VALUES(0, 4850);
INSERT INTO Projection VALUES(4850, 2020, 193, 5617, 3.4);
INSERT INTO RangeProj VALUES(0, 4851);
INSERT INTO Projection VALUES(4851, 2025, 199, 6021, 3.3);
INSERT INTO RangeProj VALUES(0, 4852);
INSERT INTO Projection VALUES(4852, 2010, 259, 4721, 5.5);
INSERT INTO RangeProj VALUES(0, 4853);
INSERT INTO Projection VALUES(4853, 2015, 236, 5181, 4.6);
INSERT INTO RangeProj VALUES(0, 4854);
INSERT INTO Projection VALUES(4854, 2020, 250, 5617, 4.5);
INSERT INTO RangeProj VALUES(0, 4855);
INSERT INTO Projection VALUES(4855, 2025, 270, 6021, 4.5);
INSERT INTO RangeProj VALUES(0, 4856);
INSERT INTO Projection VALUES(4856, 2010, 301, 4721, 6.4);
INSERT INTO RangeProj VALUES(0, 4857);
INSERT INTO Projection VALUES(4857, 2015, 316, 5181, 6.1);
INSERT INTO RangeProj VALUES(0, 4858);
commit;
INSERT INTO Projection VALUES(4858, 2020, 293, 5617, 5.2);
INSERT INTO RangeProj VALUES(0, 4859);
INSERT INTO Projection VALUES(4859, 2025, 309, 6021, 5.1);
INSERT INTO RangeProj VALUES(0, 4860);
INSERT INTO Projection VALUES(4860, 2010, 382, 4721, 8.1);
INSERT INTO RangeProj VALUES(0, 4861);
INSERT INTO Projection VALUES(4861, 2015, 374, 5181, 7.2);
INSERT INTO RangeProj VALUES(0, 4862);
INSERT INTO Projection VALUES(4862, 2020, 387, 5617, 6.9);
INSERT INTO RangeProj VALUES(0, 4863);
INSERT INTO Projection VALUES(4863, 2025, 367, 6021, 6.1);
INSERT INTO RangeProj VALUES(0, 4864);
INSERT INTO Projection VALUES(4864, 2010, 381, 4721, 8.1);
INSERT INTO RangeProj VALUES(0, 4865);
INSERT INTO Projection VALUES(4865, 2015, 436, 5181, 8.4);
INSERT INTO RangeProj VALUES(0, 4866);
INSERT INTO Projection VALUES(4866, 2020, 423, 5617, 7.5);
INSERT INTO RangeProj VALUES(0, 4867);
INSERT INTO Projection VALUES(4867, 2025, 444, 6021, 7.4);
INSERT INTO RangeProj VALUES(0, 4868);
INSERT INTO Projection VALUES(4868, 2010, 445, 4721, 9.4);
INSERT INTO RangeProj VALUES(0, 4869);
INSERT INTO Projection VALUES(4869, 2015, 496, 5181, 9.6);
INSERT INTO RangeProj VALUES(0, 4870);
INSERT INTO Projection VALUES(4870, 2020, 548, 5617, 9.8);
INSERT INTO RangeProj VALUES(0, 4871);
INSERT INTO Projection VALUES(4871, 2025, 537, 6021, 8.9);
INSERT INTO RangeProj VALUES(0, 4872);
INSERT INTO Projection VALUES(4872, 2010, 426, 4721, 9.0);
INSERT INTO RangeProj VALUES(0, 4873);
INSERT INTO Projection VALUES(4873, 2015, 509, 5181, 9.8);
INSERT INTO RangeProj VALUES(0, 4874);
INSERT INTO Projection VALUES(4874, 2020, 561, 5617, 10.0);
INSERT INTO RangeProj VALUES(0, 4875);
INSERT INTO Projection VALUES(4875, 2025, 603, 6021, 10.0);
INSERT INTO RangeProj VALUES(0, 4876);
INSERT INTO Projection VALUES(4876, 2010, 408, 4721, 8.6);
INSERT INTO RangeProj VALUES(0, 4877);
INSERT INTO Projection VALUES(4877, 2015, 499, 5181, 9.6);
INSERT INTO RangeProj VALUES(0, 4878);
INSERT INTO Projection VALUES(4878, 2020, 574, 5617, 10.2);
INSERT INTO RangeProj VALUES(0, 4879);
INSERT INTO Projection VALUES(4879, 2025, 633, 6021, 10.5);
INSERT INTO RangeProj VALUES(0, 4880);
INSERT INTO Projection VALUES(4880, 2010, 289, 4721, 6.1);
INSERT INTO RangeProj VALUES(0, 4881);
INSERT INTO Projection VALUES(4881, 2015, 374, 5181, 7.2);
INSERT INTO RangeProj VALUES(0, 4882);
INSERT INTO Projection VALUES(4882, 2020, 463, 5617, 8.2);
INSERT INTO RangeProj VALUES(0, 4883);
INSERT INTO Projection VALUES(4883, 2025, 531, 6021, 8.8);
INSERT INTO RangeProj VALUES(0, 4884);
INSERT INTO Projection VALUES(4884, 2010, 159, 4721, 3.4);
INSERT INTO RangeProj VALUES(0, 4885);
INSERT INTO Projection VALUES(4885, 2015, 221, 5181, 4.3);
INSERT INTO RangeProj VALUES(0, 4886);
INSERT INTO Projection VALUES(4886, 2020, 290, 5617, 5.2);
INSERT INTO RangeProj VALUES(0, 4887);
INSERT INTO Projection VALUES(4887, 2025, 372, 6021, 6.2);
INSERT INTO RangeProj VALUES(0, 4888);
INSERT INTO Projection VALUES(4888, 2010, 134, 4721, 2.8);
INSERT INTO RangeProj VALUES(0, 4889);
INSERT INTO Projection VALUES(4889, 2015, 121, 5181, 2.3);
INSERT INTO RangeProj VALUES(0, 4890);
INSERT INTO Projection VALUES(4890, 2020, 176, 5617, 3.1);
INSERT INTO RangeProj VALUES(0, 4891);
INSERT INTO Projection VALUES(4891, 2025, 235, 6021, 3.9);
INSERT INTO RangeProj VALUES(0, 4892);
INSERT INTO Projection VALUES(4892, 2010, 138, 4721, 2.9);
INSERT INTO RangeProj VALUES(0, 4893);
INSERT INTO Projection VALUES(4893, 2015, 181, 5181, 3.5);
INSERT INTO RangeProj VALUES(0, 4894);
INSERT INTO Projection VALUES(4894, 2020, 199, 5617, 3.5);
INSERT INTO RangeProj VALUES(0, 4895);
INSERT INTO Projection VALUES(4895, 2025, 250, 6021, 4.2);
INSERT INTO SubRange VALUES(48750, 0);
INSERT INTO SubRange VALUES(48750, 1);
INSERT INTO SubRange VALUES(48750, 2);
INSERT INTO SubRange VALUES(48750, 3);
INSERT INTO SubRange VALUES(48750, 4);
INSERT INTO SubRange VALUES(48750, 5);
INSERT INTO SubRange VALUES(48750, 6);
INSERT INTO SubRange VALUES(48750, 7);
INSERT INTO SubRange VALUES(48750, 8);
INSERT INTO SubRange VALUES(48750, 9);
INSERT INTO SubRange VALUES(48750, 10);
INSERT INTO SubRange VALUES(48750, 11);
INSERT INTO SubRange VALUES(48750, 12);
INSERT INTO SubRange VALUES(48750, 13);
INSERT INTO SubRange VALUES(48750, 14);
INSERT INTO SubRange VALUES(48750, 15);
INSERT INTO SubRange VALUES(48750, 16);
INSERT INTO SubRange VALUES(48750, 17);
INSERT INTO Suburb VALUES(48830, 'Yorke Peninsula');
INSERT INTO RangeProj VALUES(0, 4896);
INSERT INTO Projection VALUES(4896, 2010, 494, 11625, 4.2);
INSERT INTO RangeProj VALUES(0, 4897);
INSERT INTO Projection VALUES(4897, 2015, 484, 11636, 4.2);
INSERT INTO RangeProj VALUES(0, 4898);
INSERT INTO Projection VALUES(4898, 2020, 463, 11581, 4.0);
INSERT INTO RangeProj VALUES(0, 4899);
commit;
INSERT INTO Projection VALUES(4899, 2025, 422, 11456, 3.7);
INSERT INTO RangeProj VALUES(0, 4900);
INSERT INTO Projection VALUES(4900, 2010, 544, 11625, 4.7);
INSERT INTO RangeProj VALUES(0, 4901);
INSERT INTO Projection VALUES(4901, 2015, 515, 11636, 4.4);
INSERT INTO RangeProj VALUES(0, 4902);
INSERT INTO Projection VALUES(4902, 2020, 503, 11581, 4.3);
INSERT INTO RangeProj VALUES(0, 4903);
INSERT INTO Projection VALUES(4903, 2025, 480, 11456, 4.2);
INSERT INTO RangeProj VALUES(0, 4904);
INSERT INTO Projection VALUES(4904, 2010, 728, 11625, 6.3);
INSERT INTO RangeProj VALUES(0, 4905);
INSERT INTO Projection VALUES(4905, 2015, 584, 11636, 5.0);
INSERT INTO RangeProj VALUES(0, 4906);
INSERT INTO Projection VALUES(4906, 2020, 556, 11581, 4.8);
INSERT INTO RangeProj VALUES(0, 4907);
INSERT INTO Projection VALUES(4907, 2025, 540, 11456, 4.7);
INSERT INTO RangeProj VALUES(0, 4908);
INSERT INTO Projection VALUES(4908, 2010, 543, 11625, 4.7);
INSERT INTO RangeProj VALUES(0, 4909);
INSERT INTO Projection VALUES(4909, 2015, 498, 11636, 4.3);
INSERT INTO RangeProj VALUES(0, 4910);
INSERT INTO Projection VALUES(4910, 2020, 384, 11581, 3.3);
INSERT INTO RangeProj VALUES(0, 4911);
INSERT INTO Projection VALUES(4911, 2025, 373, 11456, 3.3);
INSERT INTO RangeProj VALUES(0, 4912);
INSERT INTO Projection VALUES(4912, 2010, 361, 11625, 3.1);
INSERT INTO RangeProj VALUES(0, 4913);
INSERT INTO Projection VALUES(4913, 2015, 322, 11636, 2.8);
INSERT INTO RangeProj VALUES(0, 4914);
INSERT INTO Projection VALUES(4914, 2020, 291, 11581, 2.5);
INSERT INTO RangeProj VALUES(0, 4915);
INSERT INTO Projection VALUES(4915, 2025, 243, 11456, 2.1);
INSERT INTO RangeProj VALUES(0, 4916);
INSERT INTO Projection VALUES(4916, 2010, 442, 11625, 3.8);
INSERT INTO RangeProj VALUES(0, 4917);
INSERT INTO Projection VALUES(4917, 2015, 440, 11636, 3.8);
INSERT INTO RangeProj VALUES(0, 4918);
INSERT INTO Projection VALUES(4918, 2020, 410, 11581, 3.5);
INSERT INTO RangeProj VALUES(0, 4919);
INSERT INTO Projection VALUES(4919, 2025, 375, 11456, 3.3);
INSERT INTO RangeProj VALUES(0, 4920);
INSERT INTO Projection VALUES(4920, 2010, 398, 11625, 3.4);
INSERT INTO RangeProj VALUES(0, 4921);
INSERT INTO Projection VALUES(4921, 2015, 441, 11636, 3.8);
INSERT INTO RangeProj VALUES(0, 4922);
INSERT INTO Projection VALUES(4922, 2020, 441, 11581, 3.8);
INSERT INTO RangeProj VALUES(0, 4923);
INSERT INTO Projection VALUES(4923, 2025, 404, 11456, 3.5);
INSERT INTO RangeProj VALUES(0, 4924);
INSERT INTO Projection VALUES(4924, 2010, 454, 11625, 3.9);
INSERT INTO RangeProj VALUES(0, 4925);
INSERT INTO Projection VALUES(4925, 2015, 393, 11636, 3.4);
INSERT INTO RangeProj VALUES(0, 4926);
INSERT INTO Projection VALUES(4926, 2020, 420, 11581, 3.6);
INSERT INTO RangeProj VALUES(0, 4927);
INSERT INTO Projection VALUES(4927, 2025, 414, 11456, 3.6);
INSERT INTO RangeProj VALUES(0, 4928);
INSERT INTO Projection VALUES(4928, 2010, 674, 11625, 5.8);
INSERT INTO RangeProj VALUES(0, 4929);
INSERT INTO Projection VALUES(4929, 2015, 540, 11636, 4.6);
INSERT INTO RangeProj VALUES(0, 4930);
INSERT INTO Projection VALUES(4930, 2020, 476, 11581, 4.1);
INSERT INTO RangeProj VALUES(0, 4931);
INSERT INTO Projection VALUES(4931, 2025, 491, 11456, 4.3);
INSERT INTO RangeProj VALUES(0, 4932);
INSERT INTO Projection VALUES(4932, 2010, 875, 11625, 7.5);
INSERT INTO RangeProj VALUES(0, 4933);
INSERT INTO Projection VALUES(4933, 2015, 800, 11636, 6.9);
INSERT INTO RangeProj VALUES(0, 4934);
INSERT INTO Projection VALUES(4934, 2020, 676, 11581, 5.8);
INSERT INTO RangeProj VALUES(0, 4935);
INSERT INTO Projection VALUES(4935, 2025, 603, 11456, 5.3);
INSERT INTO RangeProj VALUES(0, 4936);
INSERT INTO Projection VALUES(4936, 2010, 937, 11625, 8.1);
INSERT INTO RangeProj VALUES(0, 4937);
INSERT INTO Projection VALUES(4937, 2015, 976, 11636, 8.4);
INSERT INTO RangeProj VALUES(0, 4938);
INSERT INTO Projection VALUES(4938, 2020, 900, 11581, 7.8);
INSERT INTO RangeProj VALUES(0, 4939);
INSERT INTO Projection VALUES(4939, 2025, 778, 11456, 6.8);
INSERT INTO RangeProj VALUES(0, 4940);
INSERT INTO Projection VALUES(4940, 2010, 1002, 11625, 8.6);
INSERT INTO RangeProj VALUES(0, 4941);
INSERT INTO Projection VALUES(4941, 2015, 1084, 11636, 9.3);
INSERT INTO RangeProj VALUES(0, 4942);
INSERT INTO Projection VALUES(4942, 2020, 1104, 11581, 9.5);
INSERT INTO RangeProj VALUES(0, 4943);
INSERT INTO Projection VALUES(4943, 2025, 1014, 11456, 8.9);
INSERT INTO RangeProj VALUES(0, 4944);
INSERT INTO Projection VALUES(4944, 2010, 1077, 11625, 9.3);
INSERT INTO RangeProj VALUES(0, 4945);
INSERT INTO Projection VALUES(4945, 2015, 1088, 11636, 9.4);
INSERT INTO RangeProj VALUES(0, 4946);
INSERT INTO Projection VALUES(4946, 2020, 1155, 11581, 10.0);
INSERT INTO RangeProj VALUES(0, 4947);
INSERT INTO Projection VALUES(4947, 2025, 1156, 11456, 10.1);
INSERT INTO RangeProj VALUES(0, 4948);
INSERT INTO Projection VALUES(4948, 2010, 994, 11625, 8.6);
INSERT INTO RangeProj VALUES(0, 4949);
INSERT INTO Projection VALUES(4949, 2015, 1087, 11636, 9.3);
commit;
INSERT INTO RangeProj VALUES(0, 4950);
INSERT INTO Projection VALUES(4950, 2020, 1097, 11581, 9.5);
INSERT INTO RangeProj VALUES(0, 4951);
INSERT INTO Projection VALUES(4951, 2025, 1154, 11456, 10.1);
INSERT INTO RangeProj VALUES(0, 4952);
INSERT INTO Projection VALUES(4952, 2010, 757, 11625, 6.5);
INSERT INTO RangeProj VALUES(0, 4953);
INSERT INTO Projection VALUES(4953, 2015, 890, 11636, 7.6);
INSERT INTO RangeProj VALUES(0, 4954);
INSERT INTO Projection VALUES(4954, 2020, 998, 11581, 8.6);
INSERT INTO RangeProj VALUES(0, 4955);
INSERT INTO Projection VALUES(4955, 2025, 1023, 11456, 8.9);
INSERT INTO RangeProj VALUES(0, 4956);
INSERT INTO Projection VALUES(4956, 2010, 564, 11625, 4.9);
INSERT INTO RangeProj VALUES(0, 4957);
INSERT INTO Projection VALUES(4957, 2015, 633, 11636, 5.4);
INSERT INTO RangeProj VALUES(0, 4958);
INSERT INTO Projection VALUES(4958, 2020, 752, 11581, 6.5);
INSERT INTO RangeProj VALUES(0, 4959);
INSERT INTO Projection VALUES(4959, 2025, 871, 11456, 7.6);
INSERT INTO RangeProj VALUES(0, 4960);
INSERT INTO Projection VALUES(4960, 2010, 425, 11625, 3.7);
INSERT INTO RangeProj VALUES(0, 4961);
INSERT INTO Projection VALUES(4961, 2015, 416, 11636, 3.6);
INSERT INTO RangeProj VALUES(0, 4962);
INSERT INTO Projection VALUES(4962, 2020, 480, 11581, 4.1);
INSERT INTO RangeProj VALUES(0, 4963);
INSERT INTO Projection VALUES(4963, 2025, 581, 11456, 5.1);
INSERT INTO RangeProj VALUES(0, 4964);
INSERT INTO Projection VALUES(4964, 2010, 356, 11625, 3.1);
INSERT INTO RangeProj VALUES(0, 4965);
INSERT INTO Projection VALUES(4965, 2015, 445, 11636, 3.8);
INSERT INTO RangeProj VALUES(0, 4966);
INSERT INTO Projection VALUES(4966, 2020, 475, 11581, 4.1);
INSERT INTO RangeProj VALUES(0, 4967);
INSERT INTO Projection VALUES(4967, 2025, 534, 11456, 4.7);
INSERT INTO SubRange VALUES(48830, 0);
INSERT INTO SubRange VALUES(48830, 1);
INSERT INTO SubRange VALUES(48830, 2);
INSERT INTO SubRange VALUES(48830, 3);
INSERT INTO SubRange VALUES(48830, 4);
INSERT INTO SubRange VALUES(48830, 5);
INSERT INTO SubRange VALUES(48830, 6);
INSERT INTO SubRange VALUES(48830, 7);
INSERT INTO SubRange VALUES(48830, 8);
INSERT INTO SubRange VALUES(48830, 9);
INSERT INTO SubRange VALUES(48830, 10);
INSERT INTO SubRange VALUES(48830, 11);
INSERT INTO SubRange VALUES(48830, 12);
INSERT INTO SubRange VALUES(48830, 13);
INSERT INTO SubRange VALUES(48830, 14);
INSERT INTO SubRange VALUES(48830, 15);
INSERT INTO SubRange VALUES(48830, 16);
INSERT INTO SubRange VALUES(48830, 17);
INSERT INTO Suburb VALUES(49399, 'Unincorporated S');
INSERT INTO RangeProj VALUES(0, 4968);
INSERT INTO Projection VALUES(4968, 2010, 285, 3956, 7.2);
INSERT INTO RangeProj VALUES(0, 4969);
INSERT INTO Projection VALUES(4969, 2015, 263, 3845, 6.8);
INSERT INTO RangeProj VALUES(0, 4970);
INSERT INTO Projection VALUES(4970, 2020, 258, 3719, 6.9);
INSERT INTO RangeProj VALUES(0, 4971);
INSERT INTO Projection VALUES(4971, 2025, 247, 3575, 6.9);
INSERT INTO RangeProj VALUES(0, 4972);
INSERT INTO Projection VALUES(4972, 2010, 239, 3956, 6.0);
INSERT INTO RangeProj VALUES(0, 4973);
INSERT INTO Projection VALUES(4973, 2015, 250, 3845, 6.5);
INSERT INTO RangeProj VALUES(0, 4974);
INSERT INTO Projection VALUES(4974, 2020, 241, 3719, 6.5);
INSERT INTO RangeProj VALUES(0, 4975);
INSERT INTO Projection VALUES(4975, 2025, 229, 3575, 6.4);
INSERT INTO RangeProj VALUES(0, 4976);
INSERT INTO Projection VALUES(4976, 2010, 197, 3956, 5.0);
INSERT INTO RangeProj VALUES(0, 4977);
INSERT INTO Projection VALUES(4977, 2015, 188, 3845, 4.9);
INSERT INTO RangeProj VALUES(0, 4978);
INSERT INTO Projection VALUES(4978, 2020, 186, 3719, 5.0);
INSERT INTO RangeProj VALUES(0, 4979);
INSERT INTO Projection VALUES(4979, 2025, 172, 3575, 4.8);
INSERT INTO RangeProj VALUES(0, 4980);
INSERT INTO Projection VALUES(4980, 2010, 178, 3956, 4.5);
INSERT INTO RangeProj VALUES(0, 4981);
INSERT INTO Projection VALUES(4981, 2015, 168, 3845, 4.4);
INSERT INTO RangeProj VALUES(0, 4982);
INSERT INTO Projection VALUES(4982, 2020, 150, 3719, 4.0);
INSERT INTO RangeProj VALUES(0, 4983);
INSERT INTO Projection VALUES(4983, 2025, 146, 3575, 4.1);
INSERT INTO RangeProj VALUES(0, 4984);
INSERT INTO Projection VALUES(4984, 2010, 273, 3956, 6.9);
INSERT INTO RangeProj VALUES(0, 4985);
INSERT INTO Projection VALUES(4985, 2015, 229, 3845, 6.0);
INSERT INTO RangeProj VALUES(0, 4986);
INSERT INTO Projection VALUES(4986, 2020, 214, 3719, 5.8);
INSERT INTO RangeProj VALUES(0, 4987);
INSERT INTO Projection VALUES(4987, 2025, 194, 3575, 5.4);
INSERT INTO RangeProj VALUES(0, 4988);
INSERT INTO Projection VALUES(4988, 2010, 315, 3956, 8.0);
INSERT INTO RangeProj VALUES(0, 4989);
INSERT INTO Projection VALUES(4989, 2015, 282, 3845, 7.3);
INSERT INTO RangeProj VALUES(0, 4990);
INSERT INTO Projection VALUES(4990, 2020, 250, 3719, 6.7);
commit;
INSERT INTO RangeProj VALUES(0, 4991);
INSERT INTO Projection VALUES(4991, 2025, 227, 3575, 6.3);
INSERT INTO RangeProj VALUES(0, 4992);
INSERT INTO Projection VALUES(4992, 2010, 268, 3956, 6.8);
INSERT INTO RangeProj VALUES(0, 4993);
INSERT INTO Projection VALUES(4993, 2015, 294, 3845, 7.6);
INSERT INTO RangeProj VALUES(0, 4994);
INSERT INTO Projection VALUES(4994, 2020, 262, 3719, 7.0);
INSERT INTO RangeProj VALUES(0, 4995);
INSERT INTO Projection VALUES(4995, 2025, 239, 3575, 6.7);
INSERT INTO RangeProj VALUES(0, 4996);
INSERT INTO Projection VALUES(4996, 2010, 306, 3956, 7.7);
INSERT INTO RangeProj VALUES(0, 4997);
INSERT INTO Projection VALUES(4997, 2015, 263, 3845, 6.8);
INSERT INTO RangeProj VALUES(0, 4998);
INSERT INTO Projection VALUES(4998, 2020, 281, 3719, 7.6);
INSERT INTO RangeProj VALUES(0, 4999);
INSERT INTO Projection VALUES(4999, 2025, 272, 3575, 7.6);
INSERT INTO RangeProj VALUES(0, 5000);
INSERT INTO Projection VALUES(5000, 2010, 325, 3956, 8.2);
INSERT INTO RangeProj VALUES(0, 5001);
INSERT INTO Projection VALUES(5001, 2015, 294, 3845, 7.6);
INSERT INTO RangeProj VALUES(0, 5002);
INSERT INTO Projection VALUES(5002, 2020, 264, 3719, 7.1);
INSERT INTO RangeProj VALUES(0, 5003);
INSERT INTO Projection VALUES(5003, 2025, 272, 3575, 7.6);
INSERT INTO RangeProj VALUES(0, 5004);
INSERT INTO Projection VALUES(5004, 2010, 359, 3956, 9.1);
INSERT INTO RangeProj VALUES(0, 5005);
INSERT INTO Projection VALUES(5005, 2015, 330, 3845, 8.6);
INSERT INTO RangeProj VALUES(0, 5006);
INSERT INTO Projection VALUES(5006, 2020, 302, 3719, 8.1);
INSERT INTO RangeProj VALUES(0, 5007);
INSERT INTO Projection VALUES(5007, 2025, 275, 3575, 7.7);
INSERT INTO RangeProj VALUES(0, 5008);
INSERT INTO Projection VALUES(5008, 2010, 372, 3956, 9.4);
INSERT INTO RangeProj VALUES(0, 5009);
INSERT INTO Projection VALUES(5009, 2015, 357, 3845, 9.3);
INSERT INTO RangeProj VALUES(0, 5010);
INSERT INTO Projection VALUES(5010, 2020, 335, 3719, 9.0);
INSERT INTO RangeProj VALUES(0, 5011);
INSERT INTO Projection VALUES(5011, 2025, 312, 3575, 8.7);
INSERT INTO RangeProj VALUES(0, 5012);
INSERT INTO Projection VALUES(5012, 2010, 286, 3956, 7.2);
INSERT INTO RangeProj VALUES(0, 5013);
INSERT INTO Projection VALUES(5013, 2015, 318, 3845, 8.3);
INSERT INTO RangeProj VALUES(0, 5014);
INSERT INTO Projection VALUES(5014, 2020, 302, 3719, 8.1);
INSERT INTO RangeProj VALUES(0, 5015);
INSERT INTO Projection VALUES(5015, 2025, 278, 3575, 7.8);
INSERT INTO RangeProj VALUES(0, 5016);
INSERT INTO Projection VALUES(5016, 2010, 240, 3956, 6.1);
INSERT INTO RangeProj VALUES(0, 5017);
INSERT INTO Projection VALUES(5017, 2015, 260, 3845, 6.8);
INSERT INTO RangeProj VALUES(0, 5018);
INSERT INTO Projection VALUES(5018, 2020, 279, 3719, 7.5);
INSERT INTO RangeProj VALUES(0, 5019);
INSERT INTO Projection VALUES(5019, 2025, 265, 3575, 7.4);
INSERT INTO RangeProj VALUES(0, 5020);
INSERT INTO Projection VALUES(5020, 2010, 155, 3956, 3.9);
INSERT INTO RangeProj VALUES(0, 5021);
INSERT INTO Projection VALUES(5021, 2015, 174, 3845, 4.5);
INSERT INTO RangeProj VALUES(0, 5022);
INSERT INTO Projection VALUES(5022, 2020, 191, 3719, 5.1);
INSERT INTO RangeProj VALUES(0, 5023);
INSERT INTO Projection VALUES(5023, 2025, 204, 3575, 5.7);
INSERT INTO RangeProj VALUES(0, 5024);
INSERT INTO Projection VALUES(5024, 2010, 66, 3956, 1.7);
INSERT INTO RangeProj VALUES(0, 5025);
INSERT INTO Projection VALUES(5025, 2015, 74, 3845, 1.9);
INSERT INTO RangeProj VALUES(0, 5026);
INSERT INTO Projection VALUES(5026, 2020, 93, 3719, 2.5);
INSERT INTO RangeProj VALUES(0, 5027);
INSERT INTO Projection VALUES(5027, 2025, 103, 3575, 2.9);
INSERT INTO RangeProj VALUES(0, 5028);
INSERT INTO Projection VALUES(5028, 2010, 49, 3956, 1.2);
INSERT INTO RangeProj VALUES(0, 5029);
INSERT INTO Projection VALUES(5029, 2015, 48, 3845, 1.2);
INSERT INTO RangeProj VALUES(0, 5030);
INSERT INTO Projection VALUES(5030, 2020, 57, 3719, 1.5);
INSERT INTO RangeProj VALUES(0, 5031);
INSERT INTO Projection VALUES(5031, 2025, 68, 3575, 1.9);
INSERT INTO RangeProj VALUES(0, 5032);
INSERT INTO Projection VALUES(5032, 2010, 21, 3956, 0.5);
INSERT INTO RangeProj VALUES(0, 5033);
INSERT INTO Projection VALUES(5033, 2015, 32, 3845, 0.8);
INSERT INTO RangeProj VALUES(0, 5034);
INSERT INTO Projection VALUES(5034, 2020, 29, 3719, 0.8);
INSERT INTO RangeProj VALUES(0, 5035);
INSERT INTO Projection VALUES(5035, 2025, 44, 3575, 1.2);
INSERT INTO RangeProj VALUES(0, 5036);
INSERT INTO Projection VALUES(5036, 2010, 22, 3956, 0.6);
INSERT INTO RangeProj VALUES(0, 5037);
INSERT INTO Projection VALUES(5037, 2015, 21, 3845, 0.5);
INSERT INTO RangeProj VALUES(0, 5038);
INSERT INTO Projection VALUES(5038, 2020, 25, 3719, 0.7);
INSERT INTO RangeProj VALUES(0, 5039);
INSERT INTO Projection VALUES(5039, 2025, 28, 3575, 0.8);
INSERT INTO SubRange VALUES(49399, 0);
INSERT INTO SubRange VALUES(49399, 1);
INSERT INTO SubRange VALUES(49399, 2);
commit;
INSERT INTO SubRange VALUES(49399, 3);
INSERT INTO SubRange VALUES(49399, 4);
INSERT INTO SubRange VALUES(49399, 5);
INSERT INTO SubRange VALUES(49399, 6);
INSERT INTO SubRange VALUES(49399, 7);
INSERT INTO SubRange VALUES(49399, 8);
INSERT INTO SubRange VALUES(49399, 9);
INSERT INTO SubRange VALUES(49399, 10);
INSERT INTO SubRange VALUES(49399, 11);
INSERT INTO SubRange VALUES(49399, 12);
INSERT INTO SubRange VALUES(49399, 13);
INSERT INTO SubRange VALUES(49399, 14);
INSERT INTO SubRange VALUES(49399, 15);
INSERT INTO SubRange VALUES(49399, 16);
INSERT INTO SubRange VALUES(49399, 17);
commit;
